courier_warehouse,active_stuck_shipments,avg_hours_stuck,median_dwell_hours,p90_dwell_hours,priority_category
COD PROCESSING CENTRE II,390,57.7,24.28,51.7,Prioritize for Clearing
BHIWANDI HUB,275,64.04,20.33,62.15,Prioritize for Clearing
"DEL/LH1, GURGAON, HARYANA",209,59.73,12.09,47.31,Prioritize for Clearing
BENGALURU ETAIL HUB,160,49.35,6.6,48.58,Prioritize for Clearing
ASLALI WAREHOUSE,113,58.22,9.57,44.95,Prioritize for Clearing
"SURAT/LH1, SURAT, GUJARAT",90,57.33,21.47,48.1,Prioritize for Clearing
OVALI ETAIL HUB,73,53.88,24.25,36.27,Prioritize for Clearing
CCUH,61,69.28,11.61,33.21,Prioritize for Clearing
HINJEWADI WAREHOUSE,51,50.96,26.38,41.02,Prioritize for Clearing
"NGP/LH1, NAGPUR, MAHARASHTRA",50,50.78,21.22,45.12,Prioritize for Clearing
"DEL/LH3, GURGAON, HARYANA",48,63.38,42.25,72.61,Prioritize for Clearing
"JAI/LH1, JAIPUR, RAJASTHAN",41,59.48,11.02,35.75,Prioritize for Clearing
DELH,40,59.02,10.08,23.91,Prioritize for Clearing
AMD,38,82.39,11.4,23.19,Prioritize for Clearing
"BHIWANDI/LH1, BHIWANDI, MAHARASHTRA",34,70.16,18.6,60.83,Prioritize for Clearing
LUDHIANA,33,60.64,17.57,61.39,Prioritize for Clearing
"GURUGRAM, HARYANA, IN",29,80.84,9.95,60.59,Prioritize for Clearing
IXCH,28,79.01,11.37,29.55,Prioritize for Clearing
SURAT,26,69.13,14.54,35.51,Prioritize for Clearing
BOMH,25,66.38,9.62,24.43,Prioritize for Clearing
NADIA,23,76.47,6.34,70.8,Prioritize for Clearing
PUNE - PNQ,22,54.04,17.25,36.0,Prioritize for Clearing
ERNAKULAM,19,59.87,19.69,58.08,Prioritize for Clearing
JALPAIGURI,17,71.72,21.84,77.26,Prioritize for Clearing
GUWAHATI,15,69.65,23.84,95.78,Prioritize for Clearing
ULUBERIA,14,65.66,14.79,62.31,Prioritize for Clearing
BENGALURU,14,65.22,19.51,44.13,Prioritize for Clearing
"GAU/LH1, GUWAHATI, ASSAM",14,105.26,13.6,29.59,Prioritize for Clearing
JHAJJHAR,13,62.58,18.74,50.01,Prioritize for Clearing
COIMBATORE,13,59.19,3.35,49.41,Prioritize for Clearing
HYDH,12,65.18,10.64,24.76,Prioritize for Clearing
GURGAON,10,56.06,15.57,41.63,Prioritize for Clearing
HYDERABAD,10,75.7,21.44,38.86,Prioritize for Clearing
JAIPUR,9,60.1,18.01,49.61,Prioritize for Clearing
COKH,9,79.55,17.7,30.46,Prioritize for Clearing
HYDERABAD HUB,9,117.57,10.92,23.6,Prioritize for Clearing
KONA WAREHOUSE,8,68.95,11.77,59.79,Prioritize for Clearing
SURAT GROUND HUB,8,65.11,27.31,45.13,Prioritize for Clearing
BLRH,8,110.33,4.46,18.4,Prioritize for Clearing
"HYD/BRB, HYDERABAD, TELANGANA",7,277.78,31.33,95.77,Prioritize for Clearing
GURUGRAM - GGN,7,58.62,18.66,59.03,Prioritize for Clearing
"TAORU, HARYANA, IN",7,62.62,12.47,52.74,Prioritize for Clearing
CHENNAI,7,63.66,11.93,45.53,Prioritize for Clearing
"CHENNAI, TAMIL NADU, IN",7,123.38,8.09,26.08,Prioritize for Clearing
BHWE,6,86.73,29.66,81.19,Prioritize for Clearing
PATNA,6,67.85,18.4,62.71,Prioritize for Clearing
RAIPUR,6,56.78,25.26,41.24,Prioritize for Clearing
"BLR/LH1, BANGALORE, KARNATAKA",6,66.37,10.13,26.81,Prioritize for Clearing
PNQH,6,79.14,15.22,26.77,Prioritize for Clearing
BLR,6,76.66,9.66,22.96,Prioritize for Clearing
RANCHI,5,58.59,17.41,52.41,Prioritize for Clearing
BANGALORE,5,62.68,18.72,39.36,Prioritize for Clearing
"BHIWANDI, MAHARASHTRA, IN",5,57.74,9.58,36.12,Prioritize for Clearing
AMDH,5,50.33,4.39,20.82,Prioritize for Clearing
"VIJ/LH1, VIJAYAWADA, ANDHRA PRADESH",5,215.89,8.83,19.23,Prioritize for Clearing
"HYD/IB1, HYDERABAD, TELANGANA",5,85.38,6.59,12.78,Prioritize for Clearing
HOWA,4,71.73,42.96,168.0,Prioritize for Clearing
MUMBAI - MUM,4,63.97,16.76,76.15,Prioritize for Clearing
HMNG,4,100.68,22.37,69.84,Prioritize for Clearing
CJBS,4,70.8,27.14,67.43,Prioritize for Clearing
COCHIN,4,67.18,17.06,62.27,Prioritize for Clearing
ALVA,4,58.95,23.83,49.99,Prioritize for Clearing
MDME,4,67.34,26.18,48.85,Prioritize for Clearing
"SLG/HUB, SILIGURI, WEST BENGAL",4,185.3,12.31,25.21,Prioritize for Clearing
WADALA,4,195.95,7.87,11.12,Prioritize for Clearing
"COK/EKC, COCHIN, KERALA",3,238.63,58.77,148.5,Prioritize for Clearing
ELUC,3,89.51,121.5,121.5,Prioritize for Clearing
"IDR/LAS, INDORE, MADHYA PRADESH",3,101.83,29.97,92.06,Prioritize for Clearing
DALE,3,65.44,26.82,75.91,Prioritize for Clearing
CUTTACK,3,59.76,18.16,65.08,Prioritize for Clearing
HAJIPUR,3,66.32,30.08,60.4,Prioritize for Clearing
CARH,3,98.37,26.1,52.43,Prioritize for Clearing
GAUH,3,56.91,18.77,49.75,Prioritize for Clearing
"RKT/PC, RAJKOT, GUJARAT",3,187.6,18.58,31.35,Prioritize for Clearing
FARUKHNAGAR,3,192.34,5.92,31.14,Prioritize for Clearing
CAHM,3,359.25,4.79,30.92,Prioritize for Clearing
DEHRADUN E-TAIL,3,110.84,7.93,29.73,Prioritize for Clearing
"SAL/HUB, SALEM, TAMIL NADU",3,90.68,11.25,24.35,Prioritize for Clearing
ROHTAK,3,159.43,9.61,23.6,Prioritize for Clearing
"NEW DELHI, DELHI, IN",3,162.54,6.34,11.77,Prioritize for Clearing
FKL-MUMFLEXSAI4,3,114.92,0.0,7.11,Prioritize for Clearing
"BAGALUR, BAGALUR, KARNATAKA",2,169.47,19.42,131.23,Prioritize for Clearing
MULM,2,61.97,10.93,76.69,Prioritize for Clearing
KHND,2,63.64,30.5,70.19,Prioritize for Clearing
DEHRADUN,2,65.03,16.7,59.48,Prioritize for Clearing
PCAR,2,66.7,29.41,57.01,Prioritize for Clearing
LPRL,2,73.87,27.0,53.46,Prioritize for Clearing
NNPM,2,244.89,27.68,51.6,Prioritize for Clearing
GANDHINAGAR,2,81.74,4.17,42.35,Prioritize for Clearing
TADONG ETAIL,2,107.76,26.17,33.82,Prioritize for Clearing
"BETMA, BETMA, MADHYA PRADESH",2,95.43,30.62,32.69,Prioritize for Clearing
PUNE,2,110.11,13.9,28.45,Prioritize for Clearing
AIR HUB IN SIW,2,90.82,15.67,27.95,Prioritize for Clearing
PALWAL,2,144.04,19.27,25.85,Prioritize for Clearing
"GWL/HUB, GWALIOR, MADHYA PRADESH",2,135.16,11.45,25.0,Prioritize for Clearing
LUDHIANA (LUDI),2,282.79,9.41,24.03,Prioritize for Clearing
"MFP/HUB, MUZAFFARPUR, BIHAR",2,83.32,10.93,22.48,Prioritize for Clearing
"DEL/BHN, DELHI NCR, DELHI",2,94.49,17.19,22.47,Prioritize for Clearing
"BOUDH, BOUDH, ORISSA",2,93.69,15.42,22.47,Prioritize for Clearing
KOLKATA HUB,2,108.44,7.59,20.97,Prioritize for Clearing
"PAT/PWS, PATNA, BIHAR",2,90.81,19.94,20.75,Prioritize for Clearing
FKL-MHMALUR_EXT,2,142.36,7.53,18.71,Prioritize for Clearing
"PAT/LH1, PATNA, BIHAR",2,111.95,9.77,17.35,Prioritize for Clearing
FKL_HYDPATAN,2,162.8,0.0,16.49,Prioritize for Clearing
"JLD/HUB, JALANDHAR, PUNJAB",2,113.46,7.07,12.46,Prioritize for Clearing
OVALI WAREHOUSE,2,222.29,5.36,10.47,Prioritize for Clearing
"SRT/PC2, SURAT, GUJARAT",2,193.99,3.72,9.66,Prioritize for Clearing
"DEL/PC1, DELHI NCR, DELHI",2,73.84,4.12,9.52,Prioritize for Clearing
"SAMOD, CHOMU, RAJASTHAN",2,90.88,0.0,0.0,Prioritize for Clearing
"KHARIAR, KHARIAR, ORISSA",2,92.25,0.0,0.0,Prioritize for Clearing
"NEDUMKANDAM, KATTAPANA, KERALA",2,163.63,0.0,0.0,Prioritize for Clearing
BHAGA BAZAR,2,134.25,0.0,0.0,Prioritize for Clearing
"MIRAMAR, GOA, GOA",1,310.28,58.24,169.04,Prioritize for Clearing
"KER/SA-KANHANGAD, KASARGODE, KERALA",1,284.93,128.73,128.73,Prioritize for Clearing
ANGR,1,66.56,27.68,105.29,Prioritize for Clearing
"NAJIBABAD, NAJIBABAD, UTTAR PRADESH",1,116.33,28.42,103.26,Prioritize for Clearing
"HOJAI, ASSAM, IN",1,60.92,98.22,98.22,Prioritize for Clearing
MAPUSA,1,63.97,12.47,85.03,Prioritize for Clearing
"MANGRULPIR, MAHARASHTRA, IN",1,139.08,41.28,82.18,Prioritize for Clearing
CPHG,1,67.32,34.62,81.32,Prioritize for Clearing
JBLM,1,90.05,28.68,77.41,Prioritize for Clearing
"BASUDEVPUR, BASUDEVPUR, ORISSA",1,68.19,23.91,77.13,Prioritize for Clearing
"JAI/PKM1, JAIPUR, RAJASTHAN",1,69.04,24.35,76.11,Prioritize for Clearing
GANDIPET,1,69.12,22.28,66.98,Prioritize for Clearing
GBL SERVICE CENTRE,1,63.92,36.45,66.83,Prioritize for Clearing
AGRA,1,48.29,27.32,63.88,Prioritize for Clearing
"ITANAGAR, ITANAGAR, ARUNACHAL PRADESH",1,65.5,27.97,62.81,Prioritize for Clearing
VYTL,1,59.2,23.67,62.04,Prioritize for Clearing
SILCHAR,1,62.82,23.83,59.58,Prioritize for Clearing
PORVORIM - POG,1,63.97,53.87,53.88,Prioritize for Clearing
"CHANGODAR GIDC, GUJARAT, IN",1,51.53,14.05,53.39,Prioritize for Clearing
"JAI/KNK, JAIPUR, RAJASTHAN",1,165.13,24.4,53.03,Prioritize for Clearing
"DEL/JWN, NEW DELHI, DELHI",1,63.29,26.44,52.6,Prioritize for Clearing
SURM,1,54.77,25.36,52.13,Prioritize for Clearing
BANGALORE PUD (BLRS),1,235.23,14.31,51.74,Prioritize for Clearing
SANGAMNER,1,49.48,24.29,51.66,Prioritize for Clearing
GUTE,1,65.37,25.35,51.36,Prioritize for Clearing
"ASANGAON, ASANGAON, MAHARASHTRA",1,69.48,50.35,50.35,Prioritize for Clearing
SECB,1,57.6,21.04,50.0,Prioritize for Clearing
"DEL/JPR, NEW DELHI, DELHI",1,142.9,21.25,49.9,Prioritize for Clearing
NIDA,1,236.68,18.82,49.84,Prioritize for Clearing
"MANDREM, PERNEM, GOA",0,0.0,172.87,310.09,Prioritize for Clearing
"BOM/SRE-EHV, MUMBAI, MAHARASHTRA",0,0.0,153.61,309.76,Prioritize for Clearing
"RAYALAM, BHIMAVARAM, ANDHRA PRADESH",0,0.0,247.6,247.6,Prioritize for Clearing
"VENGARA, KANNUR, KERALA",0,0.0,30.65,208.38,Prioritize for Clearing
"HYD/CTL, HYDERABAD, TELANGANA",0,0.0,30.31,207.79,Prioritize for Clearing
TOWN MINI HUB,0,0.0,112.22,193.91,Prioritize for Clearing
"BOM/SA-VRA, VIRAR, MAHARASHTRA",0,0.0,87.64,183.65,Prioritize for Clearing
"THALAYOLAPARAMBU, KOTTAYAM, KERALA",0,0.0,26.32,181.75,Prioritize for Clearing
"BOM/MAT, MUMBAI, MAHARASHTRA",0,0.0,46.49,177.83,Prioritize for Clearing
KANDIVALI (KNDE),0,0.0,174.04,174.04,Prioritize for Clearing
"LUD/LUD, LUDHIANA, PUNJAB",0,0.0,44.36,171.93,Prioritize for Clearing
SMARTR HQ,0,0.0,151.98,158.51,Prioritize for Clearing
"MAA/RED, CHENNAI, TAMIL NADU",0,0.0,95.29,154.29,Prioritize for Clearing
BEGUSARAI,0,0.0,20.58,151.66,Prioritize for Clearing
"SEVAD BARI, SEVAD BARI, RAJASTHAN",0,0.0,150.79,150.79,Prioritize for Clearing
"BOM/SRE, MUMBAI, MAHARASHTRA",0,0.0,30.26,131.89,Prioritize for Clearing
"BOM/SA-DHARAVI, MUMBAI, MAHARASHTRA",0,0.0,131.82,131.82,Prioritize for Clearing
MANESAR (MANN),0,0.0,88.62,131.29,Prioritize for Clearing
"HIMMAT NAGAR, HIMMAT NAGAR, GUJARAT",0,0.0,38.57,127.51,Prioritize for Clearing
"BOISAR, BOISAR, MAHARASHTRA",0,0.0,26.71,127.12,Prioritize for Clearing
JODHPUR,0,0.0,19.96,122.0,Prioritize for Clearing
"JANDU SINGHA, JALANDHAR, PUNJAB",0,0.0,114.5,121.61,Prioritize for Clearing
SAIHA,0,0.0,119.51,119.51,Prioritize for Clearing
CALW,0,0.0,95.67,119.01,Prioritize for Clearing
"SXR/RNW, SRINAGAR, JAMMU AND KASHMIR",0,0.0,46.19,116.75,Prioritize for Clearing
"SXR/NGM1, SRINAGAR, JAMMU AND KASHMIR",0,0.0,67.78,115.89,Prioritize for Clearing
"DABRA, DABRA, MADHYA PRADESH",0,0.0,29.5,114.39,Prioritize for Clearing
"EDAKUNNAM, EDAKUNNAM, KERALA",0,0.0,75.9,113.47,Prioritize for Clearing
"MALBAZAR, MALBAZAR, WEST BENGAL",0,0.0,30.74,113.42,Prioritize for Clearing
"PRATAPGARH-RJ, PRATAPGARHRJ, RAJASTHAN",0,0.0,111.99,111.99,Prioritize for Clearing
"DEWAS1, DEWAS, MADHYA PRADESH",0,0.0,12.95,109.68,Prioritize for Clearing
JAMSHEDPUR,0,0.0,12.91,106.54,Prioritize for Clearing
"UKWA, UKWA, MADHYA PRADESH",0,0.0,54.22,106.05,Prioritize for Clearing
"PODILI, PODILI, ANDHRA PRADESH",0,0.0,84.17,103.76,Prioritize for Clearing
"IEEJA, IEEJA, ANDHRA PRADESH",0,0.0,44.01,103.23,Prioritize for Clearing
"DALSINGHSARAI, DALSINGHSARAI, BIHAR",0,0.0,20.01,102.58,Prioritize for Clearing
"BADNERA, BADNERA, MAHARASHTRA",0,0.0,102.51,102.51,Prioritize for Clearing
"BHUSAWAL CITY, BHUSAWAL, MAHARASHTRA",0,0.0,12.6,101.69,Prioritize for Clearing
"IDR/MSR, INDORE, MADHYA PRADESH",0,0.0,11.69,99.97,Prioritize for Clearing
"PNQ/JMR, PUNE, MAHARASHTRA",0,0.0,22.1,99.25,Prioritize for Clearing
"KALYANWEST, KALYAN, MAHARASHTRA",0,0.0,35.12,98.12,Prioritize for Clearing
"FAZILKA, FAZILKA, PUNJAB",0,0.0,97.68,97.68,Prioritize for Clearing
"BEAS, BEAS, PUNJAB",0,0.0,76.59,97.17,Prioritize for Clearing
"HOJAI, HOJAI, ASSAM",0,0.0,33.83,97.11,Prioritize for Clearing
AURH,0,0.0,27.16,96.82,Prioritize for Clearing
LUNGLEI,0,0.0,81.88,96.56,Prioritize for Clearing
CALP,0,0.0,31.21,96.53,Prioritize for Clearing
MATHLIMDH_MTH,0,0.0,96.41,96.41,Prioritize for Clearing
"ROHTAK, ROHTAK, HARYANA",0,0.0,30.6,95.8,Prioritize for Clearing
"SUDHAR, SUDHAR, PUNJAB",0,0.0,16.04,95.37,Prioritize for Clearing
"BOM/MLD, MUMBAI, MAHARASHTRA",0,0.0,33.49,93.92,Prioritize for Clearing
GNON,0,0.0,23.49,93.91,Prioritize for Clearing
CHANDIGARH (CARH),0,0.0,93.27,93.27,Prioritize for Clearing
MUVATTUPUZHAHUB_MVA,0,0.0,92.08,92.08,Prioritize for Clearing
"ZUARINAGAR, GOA, GOA",0,0.0,75.85,91.63,Prioritize for Clearing
"MAA/ASN-TML, CHENNAI, TAMIL NADU",0,0.0,25.65,90.68,Prioritize for Clearing
POONCH,0,0.0,82.42,90.28,Prioritize for Clearing
"BABULPETH, CHANDRAPUR, MAHARASHTRA",0,0.0,74.39,89.85,Prioritize for Clearing
"AMARAVILA, NEYYATTINKARA, KERALA",0,0.0,59.42,89.2,Prioritize for Clearing
"ASKA, ASKA, ORISSA",0,0.0,73.24,89.15,Prioritize for Clearing
"BIJAYNAGAR, BIJAYNAGAR, ASSAM",0,0.0,42.33,88.88,Prioritize for Clearing
"WADI1, NAGPUR, MAHARASHTRA",0,0.0,41.74,88.6,Prioritize for Clearing
"KONNI, PATHANAMTHITTA, KERALA",0,0.0,63.43,88.57,Prioritize for Clearing
MUNGERCITYHUB_MCT,0,0.0,87.38,87.38,Prioritize for Clearing
PARRYS,0,0.0,37.63,86.63,Prioritize for Clearing
"NAGAUR, NAGAUR, RAJASTHAN",0,0.0,37.34,86.54,Prioritize for Clearing
"HYD/NAL-TML, HYDERABAD, TELANGANA",0,0.0,23.24,86.51,Prioritize for Clearing
ALMORA,0,0.0,31.87,86.05,Prioritize for Clearing
TRANSPORT NAGAR LUCKNOW (LCKT),0,0.0,13.96,86.0,Prioritize for Clearing
GUNC,0,0.0,42.73,85.39,Prioritize for Clearing
"BLR/HUL-TML, BANGALORE, KARNATAKA",0,0.0,24.8,85.02,Prioritize for Clearing
PATTOMHUB_TRV,0,0.0,47.73,83.44,Prioritize for Clearing
VRS APEX/SFC PUD,0,0.0,82.98,82.98,Prioritize for Clearing
BUXARHUB_BXR,0,0.0,82.84,82.84,Prioritize for Clearing
TEMPLECITYHUB_IXM,0,0.0,82.33,82.33,Prioritize for Clearing
SASKODUNGALLURODH_KLL,0,0.0,82.07,82.07,Prioritize for Clearing
NOHAR,0,0.0,34.48,82.0,Prioritize for Clearing
"CANACONA, GOA, GOA",0,0.0,38.21,81.79,Prioritize for Clearing
"WAIDHAN, WAIDHAN, MADHYA PRADESH",0,0.0,39.52,81.7,Prioritize for Clearing
HOOGLY BDEL,0,0.0,24.33,81.03,Prioritize for Clearing
"MAJALGAON, MAJALGAON, MAHARASHTRA",0,0.0,80.79,80.79,Prioritize for Clearing
KORAMANGALA,0,0.0,10.55,80.27,Prioritize for Clearing
"IXG/STH-TML, BELGAUM, KARNATAKA",0,0.0,69.14,80.12,Prioritize for Clearing
"HYD/SBD-TML, HYDERABAD, TELANGANA",0,0.0,80.1,80.1,Prioritize for Clearing
"PNQ/DPR, PUNE, MAHARASHTRA",0,0.0,26.37,80.02,Prioritize for Clearing
"BHO/LGT-TML, BHOPAL, MADHYA PRADESH",0,0.0,40.07,79.83,Prioritize for Clearing
"MACHHAGAON, MACHHAGAON, ORISSA",0,0.0,53.53,79.58,Prioritize for Clearing
VARANASI (VRNS),0,0.0,20.99,78.7,Prioritize for Clearing
"ASHOKNAGAR, ASHOKNAGAR, MADHYA PRADESH",0,0.0,77.78,77.78,Prioritize for Clearing
RAMAGUDAM,0,0.0,72.02,77.76,Prioritize for Clearing
"DAMOH, DAMOH, MADHYA PRADESH",0,0.0,24.09,77.26,Prioritize for Clearing
"KOTMA, KOTMA, MADHYA PRADESH",0,0.0,77.13,77.13,Prioritize for Clearing
"DAHINA, DAHINA, HARYANA",0,0.0,76.55,76.55,Prioritize for Clearing
TIRUVALLA HUB,0,0.0,76.04,76.04,Prioritize for Clearing
"ANKLESHWAR, ANKLESHWAR, GUJARAT",0,0.0,57.02,76.03,Prioritize for Clearing
"MANAULI, MANAULI, PUNJAB",0,0.0,76.03,76.03,Prioritize for Clearing
DAMODAR NAGAR,0,0.0,75.62,75.62,Prioritize for Clearing
"DEL/MTN, NEW DELHI, DELHI",0,0.0,24.02,75.53,Prioritize for Clearing
"BBN/MIE, BHUBANESWAR, ORISSA",0,0.0,45.68,75.5,Prioritize for Clearing
"MOHALI, MOHALI, PUNJAB",0,0.0,28.41,75.37,Prioritize for Clearing
KONDHWA,0,0.0,20.47,75.29,Prioritize for Clearing
KARUR HUB,0,0.0,75.17,75.17,Prioritize for Clearing
"CHANDANESWAR, CHANDANESWAR, ORISSA",0,0.0,75.02,75.02,Prioritize for Clearing
"CHATHANNUR, CHATHANNUR, KERALA",0,0.0,55.59,75.01,Prioritize for Clearing
"BHIKANGAON, BHIKANGAON, MADHYA PRADESH",0,0.0,74.83,74.83,Prioritize for Clearing
"DEL/KMP, NEW DELHI, DELHI",0,0.0,48.99,74.83,Prioritize for Clearing
"PILIBHIT, PILIBHIT, UTTAR PRADESH",0,0.0,25.7,74.57,Prioritize for Clearing
"ISLAMPUR, ISLAMPUR, WEST BENGAL",0,0.0,54.7,74.55,Prioritize for Clearing
MIDNAPORE,0,0.0,74.32,74.32,Prioritize for Clearing
"LEH, JAMMU & KASHMIR, IN",0,0.0,61.6,74.31,Prioritize for Clearing
"BADRAWAS MP, BADRAWAS, MADHYA PRADESH",0,0.0,74.28,74.28,Prioritize for Clearing
CTKE,0,0.0,23.51,74.27,Prioritize for Clearing
AYYANTHOLEHUB_AYY,0,0.0,2.32,74.15,Prioritize for Clearing
CABTMAIDANODH_KOL,0,0.0,74.12,74.12,Prioritize for Clearing
BHAWANIPURSPLITODH_KOL,0,0.0,74.02,74.02,Prioritize for Clearing
"GOA/MRG, GOA, GOA",0,0.0,44.19,73.91,Prioritize for Clearing
"BALUGAON, BALUGAON, ORISSA",0,0.0,73.88,73.88,Prioritize for Clearing
"DEOGHAR, JHARKHAND, IN",0,0.0,37.73,73.74,Prioritize for Clearing
KATHUA,0,0.0,21.47,73.72,Prioritize for Clearing
AVINASHI ROAD HUB,0,0.0,41.47,73.52,Prioritize for Clearing
"MAGAM, MAGAM, JAMMU AND KASHMIR",0,0.0,50.26,73.36,Prioritize for Clearing
MSRS,0,0.0,26.02,73.22,Prioritize for Clearing
"BHUNTER, BHUNTER, HIMACHAL PRADESH",0,0.0,36.59,73.08,Prioritize for Clearing
FEROKEHUB_FRK,0,0.0,72.99,72.99,Prioritize for Clearing
"HYD/SRN-TML, HYDERABAD, TELANGANA",0,0.0,53.7,72.85,Prioritize for Clearing
JAMSHEDPUR E-TAIL CENTRE,0,0.0,24.48,72.78,Prioritize for Clearing
"KHIRKIYA, KHIRKIYA, MADHYA PRADESH",0,0.0,72.64,72.64,Prioritize for Clearing
SRINAGAR,0,0.0,43.31,72.62,Prioritize for Clearing
CANK,0,0.0,27.87,72.6,Prioritize for Clearing
NSKH,0,0.0,27.87,72.59,Prioritize for Clearing
CHALLAPALLI REACH,0,0.0,68.46,72.37,Prioritize for Clearing
"KEERANUR, KEERANUR, TAMIL NADU",0,0.0,51.17,72.36,Prioritize for Clearing
SRM COLLEGE,0,0.0,21.34,72.07,Prioritize for Clearing
"AMBKP/AMBIKAPUR, AMBIKAPUR, CHHATTISGARH",0,0.0,23.89,72.01,Prioritize for Clearing
"MAHUA, MAHUA, BIHAR",0,0.0,23.95,71.85,Prioritize for Clearing
GAYA HUB,0,0.0,71.7,71.7,Prioritize for Clearing
MUGALSARAI,0,0.0,6.09,71.62,Prioritize for Clearing
CHAPRAHUB_CPR,0,0.0,71.57,71.57,Prioritize for Clearing
MRGO,0,0.0,25.11,71.54,Prioritize for Clearing
BHIMAVARAM,0,0.0,21.35,70.96,Prioritize for Clearing
"KANPUR, UTTAR PRADESH, IN",0,0.0,25.11,70.68,Prioritize for Clearing
HANSI,0,0.0,59.12,70.65,Prioritize for Clearing
THNM,0,0.0,27.41,70.46,Prioritize for Clearing
CHAVAKKADHUB_GYO,0,0.0,48.53,70.45,Prioritize for Clearing
TATL,0,0.0,24.37,70.43,Prioritize for Clearing
"DEHLON, DEHLON, PUNJAB",0,0.0,27.77,70.4,Prioritize for Clearing
KHARAR E-TAIL,0,0.0,30.32,70.34,Prioritize for Clearing
"MUMBAI CENTRAL, MUMBAI, MAHARASHTRA",0,0.0,33.68,70.1,Prioritize for Clearing
BODELI,0,0.0,51.21,70.02,Prioritize for Clearing
SPEEDER COURIER POWERFLEX TIRUCHIRAPPALLI,0,0.0,70.01,70.01,Prioritize for Clearing
KOCHI HUB (COKW),0,0.0,33.41,69.99,Prioritize for Clearing
"MAA/ROY-TML, CHENNAI, TAMIL NADU",0,0.0,27.42,69.82,Prioritize for Clearing
"JAORA, JAORA, MADHYA PRADESH",0,0.0,49.24,69.71,Prioritize for Clearing
SUNDERGARH OFFICE,0,0.0,52.15,69.7,Prioritize for Clearing
NATIONAL HIGHWAY EXT,0,0.0,17.07,69.67,Prioritize for Clearing
AGARTALA,0,0.0,38.51,69.57,Prioritize for Clearing
"DEL/WDL-EHV1, NEW DELHI, DELHI",0,0.0,51.69,69.25,Prioritize for Clearing
"DHARIWAL, GURDASPUR, PUNJAB",0,0.0,47.51,69.21,Prioritize for Clearing
"METPALLY, METPALLY, TELANGANA",0,0.0,53.85,69.1,Prioritize for Clearing
"MAA/ICF-TML, CHENNAI, TAMIL NADU",0,0.0,23.13,69.08,Prioritize for Clearing
"DEL/EDL, NEW DELHI, DELHI",0,0.0,42.01,68.89,Prioritize for Clearing
"SALEM/KDMPT, SALEM, TAMIL NADU",0,0.0,22.52,68.66,Prioritize for Clearing
BHAVNAGAR SERVICE CENTRE,0,0.0,22.5,68.65,Prioritize for Clearing
CHHINDWARA EXPANSION,0,0.0,35.68,68.62,Prioritize for Clearing
OLDTOWNHUB_BBI,0,0.0,68.5,68.5,Prioritize for Clearing
PALLURUTHYHUB_PRT,0,0.0,38.53,68.37,Prioritize for Clearing
SONBHADRA,0,0.0,21.65,67.81,Prioritize for Clearing
"MANDYA-TML, MANDYA, KARNATAKA",0,0.0,67.62,67.62,Prioritize for Clearing
"RAJNANDGAON1, RAJNANDGAON, CHHATTISGARH",0,0.0,19.19,67.53,Prioritize for Clearing
"PUDUKKOTTAI, PUDUKKOTTAI, TAMIL NADU",0,0.0,38.28,67.08,Prioritize for Clearing
MKPV,0,0.0,23.65,66.71,Prioritize for Clearing
PANVEL WAREOUSE,0,0.0,49.34,66.67,Prioritize for Clearing
VZGP,0,0.0,26.81,66.67,Prioritize for Clearing
"BLR/BTM-TML, BANGALORE, KARNATAKA",0,0.0,21.68,66.53,Prioritize for Clearing
MFPE,0,0.0,25.28,66.48,Prioritize for Clearing
ALWAL,0,0.0,26.57,66.45,Prioritize for Clearing
"BHOTA, BHOTA, HIMACHAL PRADESH",0,0.0,35.53,66.06,Prioritize for Clearing
DELHI SAMALKHA WAREH,0,0.0,42.82,65.83,Prioritize for Clearing
CNVS,0,0.0,17.06,65.78,Prioritize for Clearing
"HYD/BRG-TML, HYDERABAD, TELANGANA",0,0.0,28.65,65.73,Prioritize for Clearing
"DAUSA FM, DAUSA, RAJASTHAN",0,0.0,39.3,65.69,Prioritize for Clearing
"PAMPORA, JAMMU KASHMIR, IN",0,0.0,45.96,65.53,Prioritize for Clearing
"DEL/FKN, DELHI NCR, DELHI",0,0.0,26.3,65.43,Prioritize for Clearing
"SRI RAMAPURAM, SRI RAMPURAM, TAMIL NADU",0,0.0,44.97,64.82,Prioritize for Clearing
DEDH,0,0.0,25.01,64.74,Prioritize for Clearing
"K R NAGAR, K R NAGAR, KARNATAKA",0,0.0,28.61,64.67,Prioritize for Clearing
SRICITY,0,0.0,45.92,64.61,Prioritize for Clearing
RAMGANJ,0,0.0,35.83,64.59,Prioritize for Clearing
"DALHOUSIE, DALHOUSIE, HIMACHAL PRADESH",0,0.0,21.58,64.28,Prioritize for Clearing
"VIJ/VIJ, VIJAYAWADA, ANDHRA PRADESH",0,0.0,28.74,64.11,Prioritize for Clearing
AMROHA,0,0.0,23.82,64.07,Prioritize for Clearing
"NOIDA, UTTAR PRADESH, IN",0,0.0,7.01,63.93,Prioritize for Clearing
GACHIBOWLI PUD,0,0.0,22.68,63.9,Prioritize for Clearing
KATRA,0,0.0,23.93,63.89,Prioritize for Clearing
"CHAMORSHI, CHAMORSHI, MAHARASHTRA",0,0.0,54.46,63.75,Prioritize for Clearing
"BHAINSA, BHAINSA, TELANGANA",0,0.0,35.4,63.58,Prioritize for Clearing
"TRL/SA-TNR, TIRUVALLUR, TAMIL NADU",0,0.0,27.77,63.55,Prioritize for Clearing
NARAYANPET,0,0.0,56.86,63.47,Prioritize for Clearing
"VPT/GJW, GAJUWAKA, ANDHRA PRADESH",0,0.0,45.13,63.47,Prioritize for Clearing
MPUM,0,0.0,27.54,63.18,Prioritize for Clearing
NAGPUR HUB,0,0.0,31.43,63.16,Prioritize for Clearing
CHIKKABALLAPURAHUB_CBP,0,0.0,63.09,63.09,Prioritize for Clearing
"BEDIYA, BEDIYA, MADHYA PRADESH",0,0.0,28.03,63.02,Prioritize for Clearing
"KHANDELA, KHANDELA, RAJASTHAN",0,0.0,62.86,62.86,Prioritize for Clearing
ROURKELA HUB,0,0.0,62.59,62.59,Prioritize for Clearing
"CHHAWLHHUM, AIZAWL, MIZORAM",0,0.0,43.64,62.23,Prioritize for Clearing
TWINCITYHUB_HBX,0,0.0,62.21,62.21,Prioritize for Clearing
"JHAJHA, JHAJHA, BIHAR",0,0.0,15.14,62.21,Prioritize for Clearing
HUBLI HUB,0,0.0,62.2,62.2,Prioritize for Clearing
KOLHAPURSPLITHUB_KHL,0,0.0,62.17,62.17,Prioritize for Clearing
ZIRO,0,0.0,33.06,62.07,Prioritize for Clearing
BALRAMPUR,0,0.0,23.87,61.93,Prioritize for Clearing
VIJAYAWADA COUNTER,0,0.0,24.22,61.92,Prioritize for Clearing
"TOHANA, TOHANA, PUNJAB",0,0.0,34.72,61.89,Prioritize for Clearing
HAZRATGANJHUB_LKO,0,0.0,61.7,61.7,Prioritize for Clearing
"KALIKARI, PILER, ANDHRA PRADESH",0,0.0,52.18,61.64,Prioritize for Clearing
DHKE,0,0.0,35.6,61.38,Prioritize for Clearing
RAJENDRA PLACE,0,0.0,43.06,61.19,Prioritize for Clearing
KANGAYAMHUB_KGY,0,0.0,61.04,61.04,Prioritize for Clearing
MANGROL,0,0.0,40.57,60.85,Prioritize for Clearing
JLND,0,0.0,29.19,60.73,Prioritize for Clearing
TADEPALLI,0,0.0,26.48,60.59,Prioritize for Clearing
"BHADRAVATI MH, CHANDRAPUR, MAHARASHTRA",0,0.0,60.37,60.37,Prioritize for Clearing
"BALLABGARH, DELHI NCR, DELHI",0,0.0,36.4,60.35,Prioritize for Clearing
GUINDY SURFACE PUD,0,0.0,25.83,60.25,Prioritize for Clearing
"BARHAJ1, BARHAJ UP, UTTAR PRADESH",0,0.0,60.13,60.13,Prioritize for Clearing
"HOWRAH, WEST BENGAL, IN",0,0.0,48.05,59.96,Prioritize for Clearing
BANASHANKARI,0,0.0,22.5,59.75,Prioritize for Clearing
SANGHVI PUD CENTRE,0,0.0,33.1,59.65,Prioritize for Clearing
"CHIMUR, CHIMUR, MAHARASHTRA",0,0.0,59.64,59.64,Prioritize for Clearing
"UMRED, UMRED, MAHARASHTRA",0,0.0,33.53,59.56,Prioritize for Clearing
"MUMBAI, MH, IN",0,0.0,14.64,59.33,Prioritize for Clearing
KUSHKHERA,0,0.0,17.97,59.19,Prioritize for Clearing
"SINGANALLUR, COIMBATORE, TAMIL NADU",0,0.0,58.97,58.97,Prioritize for Clearing
UPLETA,0,0.0,35.35,58.87,Prioritize for Clearing
"LEHRAGAGA, LEHRAGAGA, PUNJAB",0,0.0,28.76,58.72,Prioritize for Clearing
"GAU/BEL-TML, GUWAHATI, ASSAM",0,0.0,27.25,58.53,Prioritize for Clearing
"BOM/SA-VASAI, VASAI, MAHARASHTRA",0,0.0,36.11,58.43,Prioritize for Clearing
"GOTA, AHMEDABAD, GUJARAT",0,0.0,23.88,58.43,Prioritize for Clearing
MALAD WEST ETAIL CENTER,0,0.0,26.63,58.4,Prioritize for Clearing
"BALUSSERY, KOZHIKODE, KERALA",0,0.0,38.06,58.25,Prioritize for Clearing
LONAVALA,0,0.0,13.12,58.2,Prioritize for Clearing
"VADODARA/KRB, VADODARA, GUJARAT",0,0.0,28.96,58.17,Prioritize for Clearing
ADHR,0,0.0,27.2,58.11,Prioritize for Clearing
"MADANTHYAR, MADANTHYAR, KARNATAKA",0,0.0,58.1,58.1,Prioritize for Clearing
"DODDABALLAPURA, DODDABALLAPURA, KARNATAKA",0,0.0,20.28,57.95,Prioritize for Clearing
"SATYAVEDU, ANDHRA PRADESH, IN",0,0.0,45.94,57.91,Prioritize for Clearing
"HARIDWAR, HARIDWAR, UTTARAKHAND",0,0.0,10.41,57.88,Prioritize for Clearing
"TRIPRAYAR, TRIPRAYAR, KERALA",0,0.0,57.64,57.65,Prioritize for Clearing
SNPD,0,0.0,22.65,57.36,Prioritize for Clearing
DHARAVI,0,0.0,22.78,57.23,Prioritize for Clearing
"PODALAKUR, PODALAKUR, ANDHRA PRADESH",0,0.0,57.02,57.02,Prioritize for Clearing
"MAA/POE, CHENNAI, TAMIL NADU",0,0.0,33.92,56.8,Prioritize for Clearing
"BLR/AMB-TML, BANGALORE, KARNATAKA",0,0.0,31.17,56.77,Prioritize for Clearing
AGR E-TAIL PROCSSING UNIT,0,0.0,18.69,56.75,Prioritize for Clearing
SOUTH DEL WAREHOUSE,0,0.0,22.63,56.75,Prioritize for Clearing
BRAHMAPURMDH_KOL,0,0.0,32.33,56.7,Prioritize for Clearing
CABTBERHAMPURODH_BMP,0,0.0,56.43,56.43,Prioritize for Clearing
"KALASA, KALASA, KARNATAKA",0,0.0,55.77,56.38,Prioritize for Clearing
"DEL/IPX, NEW DELHI, DELHI",0,0.0,25.28,56.05,Prioritize for Clearing
"KOZHIKODE, KERALA, IN",0,0.0,25.48,56.0,Prioritize for Clearing
"AMLA, AMLA, MADHYA PRADESH",0,0.0,55.95,55.95,Prioritize for Clearing
CUNNIGHAMROADHUB_BLR,0,0.0,55.9,55.9,Prioritize for Clearing
"JAYSINGPUR, JAYSINGPUR, MAHARASHTRA",0,0.0,55.9,55.9,Prioritize for Clearing
"KOTTARAKKARA, KOTTARAKKARA, KERALA",0,0.0,40.21,55.82,Prioritize for Clearing
IXMS,0,0.0,27.41,55.77,Prioritize for Clearing
KADM,0,0.0,27.83,55.77,Prioritize for Clearing
SIDM,0,0.0,32.07,55.68,Prioritize for Clearing
"PIPLIA MANDI, MANDSAUR, MADHYA PRADESH",0,0.0,55.68,55.68,Prioritize for Clearing
"CHHAPI, PALANPUR, GUJARAT",0,0.0,55.56,55.56,Prioritize for Clearing
"DEL/OKH2, OKHLA, DELHI",0,0.0,50.87,55.44,Prioritize for Clearing
"KAGAZNAGAR, KAGAZNAGAR, TELANGANA",0,0.0,55.43,55.43,Prioritize for Clearing
SANASWADI,0,0.0,26.73,55.42,Prioritize for Clearing
JMUN,0,0.0,25.82,55.31,Prioritize for Clearing
PUNE WAREHOUSE,0,0.0,24.87,55.24,Prioritize for Clearing
"MAA/MDV-EHV, CHENGALPET, TAMIL NADU",0,0.0,31.71,55.22,Prioritize for Clearing
KHANDAGIRI HUB,0,0.0,55.13,55.13,Prioritize for Clearing
KUNNAMANGALAMHUB_KNM,0,0.0,31.09,55.06,Prioritize for Clearing
"SUNDERGARH, SUNDERGARH, ORISSA",0,0.0,41.42,55.03,Prioritize for Clearing
"RK PETTAI, RANIPET, TAMIL NADU",0,0.0,54.98,54.98,Prioritize for Clearing
BKC ETAIL,0,0.0,23.35,54.94,Prioritize for Clearing
AALO,0,0.0,52.97,54.91,Prioritize for Clearing
SPET,0,0.0,23.76,54.9,Prioritize for Clearing
"VIJAYAMANGALAM, VIJAYAMANGALAM, TAMIL NADU",0,0.0,54.88,54.88,Prioritize for Clearing
"BOM/BYCULLA-TML, MUMBAI, MAHARASHTRA",0,0.0,51.44,54.87,Prioritize for Clearing
CJAM,0,0.0,26.11,54.82,Prioritize for Clearing
"KANIGIRI, KANIGIRI, ANDHRA PRADESH",0,0.0,54.76,54.76,Prioritize for Clearing
GREATER NOIDA PUD,0,0.0,29.6,54.76,Prioritize for Clearing
MANGALORE COUNTER,0,0.0,24.42,54.74,Prioritize for Clearing
"GWL/ANR, GWALIOR, MADHYA PRADESH",0,0.0,52.96,54.71,Prioritize for Clearing
"CHITTOOR, ANDHRA PRADESH, IN",0,0.0,19.68,54.63,Prioritize for Clearing
"BARASAT1, BARASAT, WEST BENGAL",0,0.0,28.65,54.56,Prioritize for Clearing
CHENGAM,0,0.0,35.47,54.54,Prioritize for Clearing
"CHANDUR RAILWAY, CHANDUR RAILWAY, MAHARASHTRA",0,0.0,54.53,54.53,Prioritize for Clearing
"KURUD, DHAMTARI, CHHATTISGARH",0,0.0,31.16,54.43,Prioritize for Clearing
ANJARAKANDYHUB_ANJ,0,0.0,54.31,54.31,Prioritize for Clearing
"AMD/ASV, AHMEDABAD, GUJARAT",0,0.0,22.94,54.26,Prioritize for Clearing
"SHRI MADHOPUR, SHRI MADHOPUR, RAJASTHAN",0,0.0,54.24,54.24,Prioritize for Clearing
"DEL/NDL, NEW DELHI, DELHI",0,0.0,22.6,54.22,Prioritize for Clearing
"CHHATRAPUR, CHHATRAPUR, ORISSA",0,0.0,43.38,54.21,Prioritize for Clearing
"CHIKITI, CHIKITI, ORISSA",0,0.0,42.29,54.16,Prioritize for Clearing
SHIMLA,0,0.0,24.43,54.13,Prioritize for Clearing
"DEL/GGN, DELHI NCR, DELHI",0,0.0,19.4,54.06,Prioritize for Clearing
"TARAGARH, TARAGARH, PUNJAB",0,0.0,54.04,54.04,Prioritize for Clearing
"JHARSUGUDA, JHARSUGUDA, ORISSA",0,0.0,15.39,53.78,Prioritize for Clearing
PHASE2NOIDAHUB_DEL,0,0.0,53.75,53.75,Prioritize for Clearing
"DEL/MBR, DELHI NCR, DELHI",0,0.0,20.64,53.74,Prioritize for Clearing
BORV,0,0.0,22.18,53.73,Prioritize for Clearing
NOIDA KHODA CENTER,0,0.0,14.47,53.59,Prioritize for Clearing
ABANGO,0,0.0,53.54,53.54,Prioritize for Clearing
VASAI ROAD ETAIL,0,0.0,16.48,53.45,Prioritize for Clearing
"SHAHADA, SHAHADA, MAHARASHTRA",0,0.0,53.44,53.44,Prioritize for Clearing
"NGP/VKN, NAGPUR, MAHARASHTRA",0,0.0,35.39,53.43,Prioritize for Clearing
KURLA E-TAIL CENTRE,0,0.0,25.2,53.31,Prioritize for Clearing
EDAKOCHI,0,0.0,9.24,53.28,Prioritize for Clearing
KHAR E-TAIL,0,0.0,25.67,53.23,Prioritize for Clearing
KALYANI BDEL,0,0.0,29.47,53.23,Prioritize for Clearing
KAUPHUB_MPL,0,0.0,53.2,53.2,Prioritize for Clearing
"AMRELI1, AMRELI, GUJARAT",0,0.0,36.79,53.14,Prioritize for Clearing
"PANIPAT, PANIPAT, HARYANA",0,0.0,52.9,53.12,Prioritize for Clearing
KORAPUT TOWN,0,0.0,43.71,53.06,Prioritize for Clearing
SARKHEJ TEMP WARE HOUSE,0,0.0,22.25,53.02,Prioritize for Clearing
WTFD,0,0.0,24.8,53.02,Prioritize for Clearing
"DKU, KALYAN, MAHARASHTRA",0,0.0,25.67,53.01,Prioritize for Clearing
"HYD/VAP, HYDERABAD, TELANGANA",0,0.0,27.29,52.99,Prioritize for Clearing
"AISHMUQAM, ANANTNAG, JAMMU AND KASHMIR",0,0.0,52.97,52.97,Prioritize for Clearing
SAHAHAPUR,0,0.0,23.95,52.97,Prioritize for Clearing
WANAPARTHY,0,0.0,28.58,52.94,Prioritize for Clearing
BIHARSHARIF OFFICE,0,0.0,29.6,52.88,Prioritize for Clearing
BHIWANDI APEX/SFC,0,0.0,25.5,52.83,Prioritize for Clearing
"DASUYA, MUKERIAN, PUNJAB",0,0.0,44.27,52.81,Prioritize for Clearing
AMBEDKAR CHOWK PUD CENTER,0,0.0,29.92,52.79,Prioritize for Clearing
"HYD/ABS, HYDERABAD, TELANGANA",0,0.0,28.98,52.79,Prioritize for Clearing
SIRSILLA REACH,0,0.0,25.17,52.79,Prioritize for Clearing
SOPORE,0,0.0,36.48,52.77,Prioritize for Clearing
UJJAIN RSP,0,0.0,23.03,52.77,Prioritize for Clearing
"VADODARA/WGD, VADODARA, GUJARAT",0,0.0,27.51,52.72,Prioritize for Clearing
MLRE,0,0.0,25.8,52.6,Prioritize for Clearing
"SAUNDATTI, SAUNDATTI, KARNATAKA",0,0.0,31.36,52.55,Prioritize for Clearing
DOMBIVALI BDEL,0,0.0,27.28,52.44,Prioritize for Clearing
ALWAR,0,0.0,12.96,52.4,Prioritize for Clearing
SARKHEJ PUD,0,0.0,23.35,52.35,Prioritize for Clearing
"VAPI, VAPI, GUJARAT",0,0.0,29.45,52.33,Prioritize for Clearing
HALDIA,0,0.0,24.2,52.23,Prioritize for Clearing
CBVS,0,0.0,1.48,52.13,Prioritize for Clearing
HRDN,0,0.0,32.46,52.06,Prioritize for Clearing
CHOS,0,0.0,28.66,52.06,Prioritize for Clearing
"BOM/BDP-TML, MUMBAI, MAHARASHTRA",0,0.0,44.57,52.05,Prioritize for Clearing
VIMN,0,0.0,23.71,52.03,Prioritize for Clearing
"MANDOR RJ, MANDOR RJ, RAJASTHAN",0,0.0,52.01,52.01,Prioritize for Clearing
GOIH,0,0.0,30.01,51.98,Prioritize for Clearing
TARAPUR,0,0.0,38.03,51.95,Prioritize for Clearing
BAREILLYBYPAASHUB_BRY,0,0.0,28.92,51.92,Prioritize for Clearing
"DHODHA, DHODHA, CHHATTISGARH",0,0.0,23.88,51.83,Prioritize for Clearing
"RSC/UJJAIN, UJJAIN, MADHYA PRADESH",0,0.0,37.85,51.68,Prioritize for Clearing
JAIH,0,0.0,24.72,51.58,Prioritize for Clearing
"CALANGUTE, MAPUSA GOA, GOA",0,0.0,38.19,51.54,Prioritize for Clearing
VADAPALANI,0,0.0,24.88,51.52,Prioritize for Clearing
KESHAV NAGAR,0,0.0,28.45,51.48,Prioritize for Clearing
PIRANGUT,0,0.0,27.0,51.39,Prioritize for Clearing
"MARGAO, MARGAO, GOA",0,0.0,34.93,51.35,Prioritize for Clearing
PORUR,0,0.0,24.62,51.34,Prioritize for Clearing
PANIPAT IOCL OFFICE,0,0.0,51.28,51.28,Prioritize for Clearing
"JMU/RAJOURI, RAJOURI, JAMMU AND KASHMIR",0,0.0,51.26,51.26,Prioritize for Clearing
"AGARMALWA, AGARMALWA, MADHYA PRADESH",0,0.0,51.18,51.18,Prioritize for Clearing
"METTUPALAYAM, TAMILNADU, IN",0,0.0,51.15,51.17,Prioritize for Clearing
HTCY,0,0.0,23.37,51.16,Prioritize for Clearing
"NANDIPET, NIZAMABAD, TELANGANA",0,0.0,51.15,51.15,Prioritize for Clearing
"BLR/SRN-TML, BANGALORE, KARNATAKA",0,0.0,23.26,51.15,Prioritize for Clearing
"TIBBI, TIBBI, RAJASTHAN",0,0.0,41.51,51.14,Prioritize for Clearing
"PITHAMPUR, PITHAMPUR, MADHYA PRADESH",0,0.0,40.13,51.14,Prioritize for Clearing
"SHIVAPURA, SHIVAPURA, KARNATAKA",0,0.0,28.44,51.1,Prioritize for Clearing
"RPR/BHT, RAIPUR, CHHATTISGARH",0,0.0,13.36,51.06,Prioritize for Clearing
NARIMAN POINT,0,0.0,51.03,51.03,Prioritize for Clearing
"PANDEERANKAVU, PANDEERANKAVU, KERALA",0,0.0,51.03,51.03,Prioritize for Clearing
BANGALORE HUB,0,0.0,23.49,51.01,Prioritize for Clearing
DEVANAHALLIHUB_DHL,0,0.0,51.01,51.01,Prioritize for Clearing
MORADABAD EXPANSION,0,0.0,49.3,50.98,Prioritize for Clearing
"DHUBURI, GOALPARA, ASSAM",0,0.0,50.88,50.88,Prioritize for Clearing
"BARAMULLA JK, BARAMULLA, JAMMU AND KASHMIR",0,0.0,42.16,50.87,Prioritize for Clearing
SLTE,0,0.0,24.75,50.82,Prioritize for Clearing
HARDOI,0,0.0,25.03,50.81,Prioritize for Clearing
BELGIUM SQUARE OFFICE.,0,0.0,26.22,50.78,Prioritize for Clearing
"KAJALGAON, BONGAIGAON, ASSAM",0,0.0,38.76,50.76,Prioritize for Clearing
DANTEWARA,0,0.0,48.77,50.74,Prioritize for Clearing
"TIRUPUR/SOUTH-TML, TIRUPUR, TAMIL NADU",0,0.0,50.74,50.74,Prioritize for Clearing
KAKKANAD,0,0.0,49.88,50.74,Prioritize for Clearing
"THOPPUMPADI, THOPPUMPADI, KERALA",0,0.0,40.19,50.74,Prioritize for Clearing
ALWAR HUB,0,0.0,50.73,50.73,Prioritize for Clearing
"GUNTUR, ANDHRA PRADESH, IN",0,0.0,10.74,50.71,Prioritize for Clearing
HOODIHUB_BLR,0,0.0,50.69,50.69,Prioritize for Clearing
KADAPA,0,0.0,13.99,50.67,Prioritize for Clearing
"AMD/BPL-TML, AHMEDABAD, GUJARAT",0,0.0,23.04,50.64,Prioritize for Clearing
KALYAN BDEL,0,0.0,26.89,50.6,Prioritize for Clearing
"GOKAK1, GOKAK, KARNATAKA",0,0.0,50.58,50.58,Prioritize for Clearing
BALDWARA,0,0.0,35.69,50.57,Prioritize for Clearing
"HYD/SAI, HYDERABAD, TELANGANA",0,0.0,44.84,50.54,Prioritize for Clearing
WANAPARTHY REACH,0,0.0,50.5,50.5,Prioritize for Clearing
AIRPORTRDHUB_HSS,0,0.0,28.62,50.46,Prioritize for Clearing
BOPL,0,0.0,18.25,50.46,Prioritize for Clearing
AMBERNATH,0,0.0,31.33,50.43,Prioritize for Clearing
PONNAMPET,0,0.0,50.43,50.43,Prioritize for Clearing
"TILDA, TILDA, CHHATTISGARH",0,0.0,27.22,50.4,Prioritize for Clearing
CHAMBA,0,0.0,46.06,50.39,Prioritize for Clearing
MANPADA SERVICE CENTRE,0,0.0,26.78,50.38,Prioritize for Clearing
PATHARKANDI,0,0.0,50.38,50.38,Prioritize for Clearing
JAGUN,0,0.0,50.37,50.37,Prioritize for Clearing
SHADOWFAXSUNAMODH_SUN,0,0.0,50.35,50.35,Prioritize for Clearing
LUDHIANA HUB,0,0.0,50.32,50.32,Prioritize for Clearing
AMRUT KIRANA STORE SURAT,0,0.0,23.35,50.29,Prioritize for Clearing
"CCU/TOL, KOLKATA, WEST BENGAL",0,0.0,29.83,50.28,Prioritize for Clearing
"CHITHARA, CHITHARA, KERALA",0,0.0,50.28,50.28,Prioritize for Clearing
"MAA/TVD-TML, CHENNAI, TAMIL NADU",0,0.0,26.42,50.23,Prioritize for Clearing
MYSR,0,0.0,22.96,50.21,Prioritize for Clearing
"KURKHEDA, KURKHUDE, MAHARASHTRA",0,0.0,39.93,50.19,Prioritize for Clearing
ASKN,0,0.0,26.92,50.16,Prioritize for Clearing
"HUBLI, HUBLI, KARNATAKA",0,0.0,20.8,50.15,Prioritize for Clearing
"TANDUR, TANDUR, TELANGANA",0,0.0,50.12,50.12,Prioritize for Clearing
"ULLIYERI, ULLIYERI, KERALA",0,0.0,50.11,50.11,Prioritize for Clearing
SEEPZ,0,0.0,22.2,50.11,Prioritize for Clearing
"ANANTHAPUR, ANDHRA PRADESH, IN",0,0.0,50.08,50.08,Prioritize for Clearing
BOMMIDI,0,0.0,50.08,50.08,Prioritize for Clearing
"BADAMI, BADAMI, KARNATAKA",0,0.0,50.01,50.01,Prioritize for Clearing
PANRUTI,0,0.0,16.51,49.97,Prioritize for Clearing
VARKALA,0,0.0,39.95,49.96,Prioritize for Clearing
KOM SERVICE CENTRE,0,0.0,7.66,49.91,Prioritize for Clearing
"KANTI, KANTI, BIHAR",0,0.0,28.08,49.9,Prioritize for Clearing
"TALCHER, TALCHER, ORISSA",0,0.0,49.86,49.86,Prioritize for Clearing
"KAPASAN1, KAPASAN, RAJASTHAN",0,0.0,49.84,49.84,Prioritize for Clearing
SORABHA,0,0.0,49.83,49.83,Prioritize for Clearing
"ELATHUR, ELATHUR, KERALA",0,0.0,37.13,49.82,Prioritize for Clearing
LALCHOWK SERVICE CENTRE,0,0.0,49.78,49.78,Prioritize for Clearing
ANTARIKSH,0,0.0,37.51,49.78,Prioritize for Clearing
KPHB,0,0.0,26.78,49.78,Prioritize for Clearing
BAREILLY HUB,0,0.0,28.24,49.69,Prioritize for Clearing
BHOWANIPUR,0,0.0,28.45,49.67,Prioritize for Clearing
"MAA/RPM-TML, CHENNAI, TAMIL NADU",0,0.0,30.78,49.63,Prioritize for Clearing
"KARJAN, BHAVNAGAR, GUJARAT",0,0.0,49.6,49.6,Prioritize for Clearing
"MAA/MDM-TML, CHENNAI, TAMIL NADU",0,0.0,37.58,49.58,Prioritize for Clearing
"RANGIYA, RANGIYA, ASSAM",0,0.0,49.57,49.57,Prioritize for Clearing
HARIDWAR,0,0.0,13.4,49.55,Prioritize for Clearing
"FATEHPUR KNP, FATEHPUR, UTTAR PRADESH",0,0.0,36.52,49.54,Prioritize for Clearing
"DEL/GPM, DELHI NCR, DELHI",0,0.0,15.81,49.51,Prioritize for Clearing
"NAGOD, NAGOD, MADHYA PRADESH",0,0.0,30.99,49.51,Prioritize for Clearing
KALKA,0,0.0,22.73,49.47,Prioritize for Clearing
"HINGNA, NAGPUR, MAHARASHTRA",0,0.0,49.42,49.42,Prioritize for Clearing
"KANKIPADU, KANKIPADU, ANDHRA PRADESH",0,0.0,49.39,49.39,Prioritize for Clearing
JALPAIGURI OFFICE,0,0.0,38.89,49.38,Prioritize for Clearing
DELHI CANTONMENT,0,0.0,18.57,49.37,Prioritize for Clearing
"HYD/BWN-TML, HYDERABAD, TELANGANA",0,0.0,28.92,49.27,Prioritize for Clearing
DMLR,0,0.0,24.68,49.22,Prioritize for Clearing
SMGD,0,0.0,24.35,49.2,Prioritize for Clearing
"MANALI-TML, CHENNAI, TAMIL NADU",0,0.0,49.06,49.06,Prioritize for Clearing
RECKONG PEO,0,0.0,27.87,49.04,Prioritize for Clearing
CHERPULASERRY,0,0.0,37.89,49.02,Prioritize for Clearing
"DEL/RKP, NEW DELHI, DELHI",0,0.0,22.33,48.9,Prioritize for Clearing
"BIJAPUR, BIJAPUR, KARNATAKA",0,0.0,31.63,48.87,Prioritize for Clearing
"BAJPE, BAJPE, KARNATAKA",0,0.0,48.87,48.87,Prioritize for Clearing
NAUTANWA MAHARAJGANJ,0,0.0,48.84,48.84,Prioritize for Clearing
MAJIWADA ETAIL OFFICE,0,0.0,25.61,48.72,Prioritize for Clearing
KOCHI - KCI,0,0.0,17.3,48.7,Prioritize for Clearing
NAG,0,0.0,41.96,48.66,Prioritize for Clearing
"BRAHMAVAR, BRAHMAVAR, KARNATAKA",0,0.0,48.59,48.59,Prioritize for Clearing
LONI KALBHOR,0,0.0,16.18,48.58,Prioritize for Clearing
"BENGABAD, BENGABAD, JHARKHAND",0,0.0,45.18,48.57,Prioritize for Clearing
VIKAS NAGAR,0,0.0,26.08,48.51,Prioritize for Clearing
ADAJAN,0,0.0,24.62,48.48,Prioritize for Clearing
"NAGINA, NAGINA, UTTAR PRADESH",0,0.0,41.64,48.48,Prioritize for Clearing
JAISINGHPUR,0,0.0,48.39,48.39,Prioritize for Clearing
BARNALAHUB_BRN,0,0.0,48.38,48.38,Prioritize for Clearing
BASTIHUB_BTI,0,0.0,48.27,48.27,Prioritize for Clearing
PALONCHA,0,0.0,38.04,48.21,Prioritize for Clearing
DHANGDHRA,0,0.0,41.92,48.2,Prioritize for Clearing
NANDIGAMA,0,0.0,32.46,48.17,Prioritize for Clearing
"GAU/KYQ, GUWAHATI, ASSAM",0,0.0,26.87,48.17,Prioritize for Clearing
GOMN,0,0.0,21.49,48.17,Prioritize for Clearing
AIROLI SERVICE CENTRE,0,0.0,26.72,48.07,Prioritize for Clearing
"DEL/SDL-EHV, NEW DELHI, DELHI",0,0.0,21.55,48.07,Prioritize for Clearing
"FARIDKOT, FARIDKOT, PUNJAB",0,0.0,39.85,48.01,Prioritize for Clearing
KNDE,4,69.02,5.81,47.47,Ignore
LUCKNOW,4,58.1,17.14,46.51,Ignore
VKND,4,61.36,21.79,41.72,Ignore
THANE,4,68.96,13.73,31.46,Ignore
CHENNAI AIRPORT HUB,4,61.44,6.59,21.28,Ignore
"PNJ/HUB, PORVORIM, GOA",4,64.33,5.96,14.94,Ignore
"CCU/LH1, KOLKATA, WEST BENGAL",3,49.76,6.76,34.74,Ignore
RJCX,3,54.32,2.88,30.31,Ignore
BENGALURU TRANSIT HU,3,56.74,7.6,25.22,Ignore
MUMBAI HUB,3,61.25,4.88,13.79,Ignore
DELHI HUB (DELW),2,54.51,20.56,42.1,Ignore
ZKPR,2,50.61,13.62,35.31,Ignore
DELHI,2,57.43,6.09,26.87,Ignore
DELHI OFFSITE HUB,2,48.53,18.53,26.27,Ignore
OVALI ETAIL UNIT,2,59.49,13.03,25.52,Ignore
SAROLI ETAIL OPERATIONS,2,55.42,2.67,10.85,Ignore
"PAT/ARP, PATNA, BIHAR",1,189.49,27.95,47.33,Ignore
PATH,1,62.93,25.25,46.75,Ignore
"PNQ/LH1, PUNE, MAHARASHTRA",1,84.22,15.73,46.21,Ignore
HRBS,1,230.75,23.83,45.97,Ignore
NATIONAL HIGHWAY HUB,1,51.32,11.6,43.88,Ignore
UDI AIR HUB,1,59.55,22.85,42.58,Ignore
VIJAYAWADA,1,51.8,14.38,40.9,Ignore
HYDERABAD - HYD,1,89.68,15.16,40.88,Ignore
"MAA/PAL-TML, CHENNAI, TAMIL NADU",1,68.4,24.15,40.72,Ignore
"SHIKOHABAD, SHIKOHABAD, UTTAR PRADESH",1,92.33,25.66,40.19,Ignore
ANDHERI (ADHR),1,344.35,19.8,38.14,Ignore
GANGTOK OFFICE,1,116.32,24.28,36.74,Ignore
BALOTRA,1,68.71,35.07,35.07,Ignore
"SANWER, SANWER, MADHYA PRADESH",1,67.31,32.68,34.95,Ignore
RAJKOT,1,119.78,28.49,34.85,Ignore
"MUMBAI, MAHARASHTRA, IN",1,89.11,10.38,33.28,Ignore
BILASPUR MINI HUB (A,1,70.28,10.83,33.2,Ignore
PONDICHERRY,1,51.26,10.73,32.78,Ignore
NARSINGI,1,106.1,21.03,31.51,Ignore
FATEHGARH SAHIB,1,230.5,25.02,31.37,Ignore
CHENNAI - MAA,1,82.92,18.2,31.1,Ignore
"BANGALORE, KARNATAKA, IN",1,153.08,12.53,30.91,Ignore
"SURAT/ROC-TML, SURAT, GUJARAT",1,93.71,15.73,30.46,Ignore
VASHI MINI HUB,1,462.42,9.08,29.93,Ignore
AHMEDABAD,1,184.28,15.71,29.8,Ignore
NAGPUR,1,70.22,6.75,29.79,Ignore
"BLR/VAR-TML, BANGALORE, KARNATAKA",1,422.31,26.11,29.35,Ignore
"UMBERGAON, UMBERGAON, GUJARAT",1,66.64,28.51,29.27,Ignore
"DEL/IMT, DELHI NCR, DELHI",1,63.08,23.51,28.68,Ignore
SURYAPET,1,48.8,12.43,28.58,Ignore
AGRA HUB,1,69.62,9.68,28.52,Ignore
FARIDABAD SERVICE CENTRE,1,65.5,5.33,27.75,Ignore
"AGARTALA, AGARTALA, TRIPURA",1,114.87,10.31,27.41,Ignore
"NGP/MNR, NAGPUR, MAHARASHTRA",1,66.21,19.19,27.4,Ignore
"BOM/DSR, MUMBAI, MAHARASHTRA",1,62.51,22.97,27.35,Ignore
"HYDERABAD, TELANGANA, IN",1,62.58,11.03,27.26,Ignore
HATHRAS,1,129.45,18.6,27.07,Ignore
"MUDDEBIHAL1, MUDDEBIHAL, KARNATAKA",1,66.64,26.95,26.95,Ignore
"RAIGAD, MAHARASHTRA, IN",1,65.51,26.49,26.49,Ignore
INDORE,1,87.8,13.77,26.33,Ignore
AMRITSAR,1,67.9,14.95,26.27,Ignore
JAIPUR WAREHOUSE,1,83.05,15.22,25.68,Ignore
"GAU/SML, GUWAHATI, ASSAM",1,260.3,20.77,25.48,Ignore
"DAMAN, DAMAN, DAMAN AND DIU",1,66.7,24.94,25.27,Ignore
BASAR,1,65.18,24.89,24.89,Ignore
"CJB/HUB, COIMBATORE, TAMIL NADU",1,167.49,8.26,24.58,Ignore
"PCK/BJE, DELHI NCR, DELHI",1,85.04,10.49,24.1,Ignore
"PUNE, MAHARASHTRA, IN",1,91.54,9.9,24.01,Ignore
ABAL,1,67.0,5.95,23.87,Ignore
"COK/HUB, COCHIN, KERALA",1,66.33,13.03,23.76,Ignore
"INDORE, MADHYA PRADESH, IN",1,337.77,9.48,23.73,Ignore
JOGESHWARI,1,464.23,8.22,23.34,Ignore
VIJAYNAGAR MINI HUB,1,315.92,11.55,23.12,Ignore
"KHLIEHRIAT, KHLIEHRIAT, MEGHALAYA",1,59.71,21.42,22.99,Ignore
"AMB/LH1, AMBALA, HARYANA",1,119.71,9.37,22.95,Ignore
BHANDUP HUB,1,104.78,15.2,22.87,Ignore
"ONGOLE/HUB, ONGOLE, ANDHRA PRADESH",1,215.36,13.06,22.72,Ignore
PHULWARISHARIF,1,137.03,22.68,22.68,Ignore
VISHAKHAPATNAM,1,68.53,9.74,21.65,Ignore
BHIWANDI NEW WAREHOU,1,69.93,10.23,21.43,Ignore
HOJAI,1,232.82,15.09,21.42,Ignore
AMBALA AIR HUB,1,48.97,8.87,20.65,Ignore
KAPASHERA HUB,1,52.9,11.52,20.38,Ignore
"IDR/HUB, INDORE, MADHYA PRADESH",1,169.14,6.51,20.01,Ignore
KAISERGANJ,1,117.78,19.66,19.66,Ignore
MOHALI ETAIL DLVRY AGENT,1,58.1,18.67,18.67,Ignore
CSVN,1,232.19,17.76,18.5,Ignore
"ATQ/HUB, AMRITSAR, PUNJAB",1,49.28,8.11,18.37,Ignore
"MAKRONIYA MP, MAKRONIYA, MADHYA PRADESH",1,67.27,14.64,18.0,Ignore
FKL-KALASHHRNWB,1,85.02,0.0,17.95,Ignore
"PCK/PTD, GURGAON, HARYANA",1,59.51,7.02,17.49,Ignore
CHAKAN,1,63.5,11.1,17.27,Ignore
SAKET,1,59.37,11.83,17.06,Ignore
DELHI CONTINGENCY HU,1,185.5,5.72,14.75,Ignore
HUMNABAD,1,90.68,12.46,14.31,Ignore
"MAA/PC1, CHENNAI, TAMIL NADU",1,94.27,6.93,14.25,Ignore
PUNE HUB,1,204.55,2.95,14.19,Ignore
"HYD/LH1, HYDERABAD, TELANGANA",1,104.86,6.65,14.04,Ignore
PANVEL,1,63.97,3.55,13.84,Ignore
"SIKAR, SIKAR, RAJASTHAN",1,71.95,7.91,13.01,Ignore
SINDHANUR,1,92.09,9.55,12.63,Ignore
SEEPZ SAKINAKA HUB,1,175.15,7.31,12.54,Ignore
"BLR/IB1, BANGALORE, KARNATAKA",1,432.96,5.9,12.26,Ignore
DIBRUGARH HUB,1,48.07,4.55,11.77,Ignore
"BENGALURU, KARNATAKA, IN",1,307.38,7.39,10.93,Ignore
"BHIWANDI, BHIWANDI, MAHARASHTRA",1,98.76,3.08,9.03,Ignore
KURISHUM MOOD,1,90.48,6.27,8.96,Ignore
ELCT,1,62.28,3.5,7.55,Ignore
MUMBAI ETAIL CENTRE,1,88.3,2.53,6.66,Ignore
"BANAHATTI1, BANHATTI, KARNATAKA",1,66.78,5.67,5.67,Ignore
EKL-MEDCHAL,1,85.62,0.0,5.37,Ignore
BORIVALI E-TAIL CENTRE,1,52.45,2.58,4.12,Ignore
"SHADNAGAR1, SHADNAGAR, TELANGANA",1,92.2,3.86,3.86,Ignore
PATIALA HUB,1,64.02,1.5,1.55,Ignore
FKL_STVBTS01,1,182.93,0.0,0.01,Ignore
"RAIRANGPUR, RAIRANGPUR, ORISSA",1,69.65,0.0,0.0,Ignore
"MAUDA, MAUDA, MAHARASHTRA",1,48.5,0.0,0.0,Ignore
"KLG/HWG, HOWRAGHAT, ASSAM",1,65.51,0.0,0.0,Ignore
"KARAMADAI, ANNUR, TAMIL NADU",1,93.34,0.0,0.0,Ignore
"SINDHEKELA, BALANGIR, ORISSA",1,93.04,0.0,0.0,Ignore
"BADNAWAR, BADNAWAR, MADHYA PRADESH",1,115.36,0.0,0.0,Ignore
"JANGIPUR1, JANGIPUR, WEST BENGAL",1,68.19,0.0,0.0,Ignore
"PANDARIYA, MUNGELI, CHHATTISGARH",1,123.38,0.0,0.0,Ignore
THEOGODH_TEO,1,52.16,0.0,0.0,Ignore
POLLACHI,1,218.12,0.0,0.0,Ignore
"SHILONG, MEGHALAYA, IN",1,83.14,0.0,0.0,Ignore
"SIRHIND, PATIALA, PUNJAB",1,187.19,0.0,0.0,Ignore
"BLR/JGI-TML, BANGALORE, KARNATAKA",1,70.08,0.0,0.0,Ignore
"PALITANA, GUJARAT, IN",1,85.47,0.0,0.0,Ignore
LOWER PAREL (LPRL),1,90.24,0.0,0.0,Ignore
"PINJORE1, PINJORE, HARYANA",1,404.78,0.0,0.0,Ignore
"MANAMUNDA, MANAMUNDA, ORISSA",1,69.04,0.0,0.0,Ignore
"DHAPA, DHAPA, WEST BENGAL",1,114.61,0.0,0.0,Ignore
"PAYYANNUR, KANNUR, KERALA",1,63.37,0.0,0.0,Ignore
CCJH,0,0.0,23.67,47.97,Ignore
PAKUR OFFICE,0,0.0,23.97,47.91,Ignore
CABTKALAAMBODH_KAL,0,0.0,47.91,47.91,Ignore
"LONI KALBHOR, PUNE, MAHARASHTRA",0,0.0,47.84,47.84,Ignore
EGMORE,0,0.0,24.86,47.78,Ignore
MORN,0,0.0,20.65,47.77,Ignore
GUMMIDIPOONDI,0,0.0,26.43,47.75,Ignore
NARANPURA SERVICE CENTRE,0,0.0,28.22,47.75,Ignore
GOREGAON JOGESHWARI ETAIL,0,0.0,21.2,47.73,Ignore
MOODBIDRI,0,0.0,34.77,47.73,Ignore
SIDDAGANGAHUB_TKR,0,0.0,26.74,47.72,Ignore
"COK/COK, COCHIN, KERALA",0,0.0,21.12,47.72,Ignore
TIRUPPATTUR (N.A),0,0.0,37.48,47.71,Ignore
"KOTDWAR, KOTDWAR, UTTARAKHAND",0,0.0,44.27,47.7,Ignore
"TRIPPUNITHURA, COCHIN, KERALA",0,0.0,40.1,47.66,Ignore
KAKAPALAYAM,0,0.0,34.35,47.63,Ignore
GAJUWAKA,0,0.0,26.1,47.57,Ignore
"MALKANGIRI, ODISHA, IN",0,0.0,47.53,47.53,Ignore
"LUD/DGR, LUDHIANA, PUNJAB",0,0.0,29.26,47.46,Ignore
SATL,0,0.0,25.12,47.45,Ignore
JABALPUR RURAL,0,0.0,26.36,47.45,Ignore
DNGR,0,0.0,22.34,47.42,Ignore
VIJA,0,0.0,27.82,47.4,Ignore
DAMMAIGUDA,0,0.0,27.67,47.38,Ignore
GAU WAREHOUSE,0,0.0,23.65,47.37,Ignore
BAHADURGARH REACH,0,0.0,22.95,47.35,Ignore
GARHSHANKER,0,0.0,27.05,47.34,Ignore
"GODAVARI KHANI, GODAVARI KHANI, TELANGANA",0,0.0,40.89,47.32,Ignore
TINSUKIA,0,0.0,47.29,47.29,Ignore
VILE PARLE E-TAIL,0,0.0,23.55,47.27,Ignore
REWARI HUB,0,0.0,7.78,47.19,Ignore
ALWARPET,0,0.0,25.95,47.19,Ignore
DWARIKA SERVICE CENTRE,0,0.0,25.2,47.17,Ignore
"KHAMBHAT, KHAMBAT, GUJARAT",0,0.0,47.12,47.12,Ignore
TARIKERE,0,0.0,28.41,47.12,Ignore
LAKE AREA NUNGAMBAKKAM,0,0.0,24.33,47.09,Ignore
"TUPIA, JAMUGURI, ASSAM",0,0.0,26.21,47.07,Ignore
"MANDI DABWALI, MANDI DABWALI, PUNJAB",0,0.0,26.95,47.06,Ignore
"BLR/RMN-TML, BANGALORE, KARNATAKA",0,0.0,26.24,47.01,Ignore
DIGRA,0,0.0,47.0,47.0,Ignore
KANDUKURHUB_KDR,0,0.0,47.0,47.0,Ignore
FORT,0,0.0,25.67,46.94,Ignore
BERHAMPORE,0,0.0,37.98,46.93,Ignore
MAHABALIPURAM,0,0.0,46.93,46.93,Ignore
"CCU/CTL, KOLKATA, WEST BENGAL",0,0.0,28.77,46.91,Ignore
EDAPPALLY,0,0.0,27.87,46.88,Ignore
"BABAIN, KURUKSHETRA, HARYANA",0,0.0,26.52,46.84,Ignore
"NOORMAHAL, NOORMAHAL, PUNJAB",0,0.0,27.62,46.82,Ignore
"SHIMLA, SHIMLA, HIMACHAL PRADESH",0,0.0,29.02,46.8,Ignore
"ZIENUOBADZE, KOHIMA, NAGALAND",0,0.0,23.93,46.78,Ignore
"KADODARA, SURAT, GUJARAT",0,0.0,29.68,46.76,Ignore
PITHAMPUR,0,0.0,34.38,46.72,Ignore
THIRUVANMIYUR,0,0.0,24.07,46.67,Ignore
"TUMKUR, TUMKUR, KARNATAKA",0,0.0,10.2,46.63,Ignore
UPPL,0,0.0,25.4,46.63,Ignore
KOMP,0,0.0,21.97,46.61,Ignore
BELAGAVI,0,0.0,26.53,46.57,Ignore
"POLLACHI, TAMIL NADU, IN",0,0.0,37.56,46.55,Ignore
ARANI,0,0.0,34.13,46.55,Ignore
KULLU,0,0.0,26.06,46.52,Ignore
JMLX,0,0.0,24.83,46.5,Ignore
"HATADIHI, HATADIHI, ORISSA",0,0.0,27.0,46.49,Ignore
"CHIKA, CHIKA HR, HARYANA",0,0.0,44.16,46.46,Ignore
DHARMANAGAR,0,0.0,26.38,46.45,Ignore
SOUTH KOLKATA PUD,0,0.0,44.68,46.44,Ignore
"BLR/KRP-TML, BANGALORE, KARNATAKA",0,0.0,24.68,46.42,Ignore
ELECTRONIC CITY (ELCT),0,0.0,43.99,46.39,Ignore
"SARATH, SARATH, JHARKHAND",0,0.0,26.4,46.37,Ignore
PHULLANWALODH_PHU,0,0.0,46.35,46.35,Ignore
"DABOLIM, GOA, GOA",0,0.0,26.98,46.35,Ignore
"BOM/SA-KURLA1, MUMBAI, MAHARASHTRA",0,0.0,33.54,46.33,Ignore
BEED,0,0.0,20.63,46.28,Ignore
IDAR,0,0.0,46.27,46.27,Ignore
"MAA/ANR-TML, CHENNAI, TAMIL NADU",0,0.0,31.12,46.26,Ignore
MMMHUB_GOP GORAKHPUR,0,0.0,43.72,46.26,Ignore
GHAT ROAD OFFICE,0,0.0,26.18,46.24,Ignore
KURUMASSERY,0,0.0,46.23,46.23,Ignore
PEENYA E-TAIL,0,0.0,25.29,46.22,Ignore
"SUKIAPOKHRI, SUKIAPOKHRI, WEST BENGAL",0,0.0,46.18,46.18,Ignore
DABRIHUB_DEL,0,0.0,36.33,46.14,Ignore
TRVH,0,0.0,23.2,46.14,Ignore
MOSHI,0,0.0,25.05,46.13,Ignore
"BAHADURGARH, BAHADURGARH, HARYANA",0,0.0,29.12,46.05,Ignore
ABUROAD S.O,0,0.0,20.12,46.01,Ignore
PINKCITY HUB,0,0.0,45.93,45.93,Ignore
AMRT,0,0.0,26.31,45.93,Ignore
"KERUR, BADAMI, KARNATAKA",0,0.0,25.33,45.92,Ignore
"GWALIOR, GWALIOR, MADHYA PRADESH",0,0.0,40.98,45.9,Ignore
"BHABUA, BHABUA, BIHAR",0,0.0,45.89,45.89,Ignore
JALANDHAR,0,0.0,12.83,45.85,Ignore
"GHOSI, GHOSI, UTTAR PRADESH",0,0.0,45.83,45.83,Ignore
BUVANAGIRI,0,0.0,34.08,45.82,Ignore
DHANPURAMDH_DHN,0,0.0,45.79,45.79,Ignore
DHAMNOD,0,0.0,36.85,45.78,Ignore
BAIHATA CHARIALI,0,0.0,45.77,45.77,Ignore
MAKRANAHUB_MAK,0,0.0,45.71,45.71,Ignore
"DEL/RGN, NEW DELHI, DELHI",0,0.0,24.98,45.69,Ignore
MALDA COD CENTRE,0,0.0,27.02,45.68,Ignore
MULUND BHANDUP E-TAIL,0,0.0,26.82,45.68,Ignore
NCM ETAIL CENTRE,0,0.0,23.12,45.63,Ignore
SIRMAUR,0,0.0,45.54,45.54,Ignore
"RAMSAR, RAMSAR, RAJASTHAN",0,0.0,38.64,45.52,Ignore
"MAJRA, DEHRADUN, UTTARAKHAND",0,0.0,21.52,45.52,Ignore
"PHAGWARA, PHAGWARA, PUNJAB",0,0.0,30.82,45.45,Ignore
"NARAINGARH, NARAINGARH, HARYANA",0,0.0,34.87,45.44,Ignore
TRIPUNITHURA,0,0.0,35.09,45.42,Ignore
LEKHRAJMARKETHUB_LKO,0,0.0,25.63,45.42,Ignore
"RSC/SIDDIPET, SIDDIPET, TELANGANA",0,0.0,45.4,45.4,Ignore
BORSAD,0,0.0,45.4,45.4,Ignore
"ALLAGADDA, ALLAGADDA, ANDHRA PRADESH",0,0.0,28.54,45.35,Ignore
VILLUPURAM,0,0.0,23.43,45.33,Ignore
SAHEBGANJ OFFICE,0,0.0,34.12,45.33,Ignore
VYTTILA,0,0.0,27.42,45.28,Ignore
MUMBRA,0,0.0,45.25,45.25,Ignore
"BHANJANAGAR, BHANJANAGAR, ORISSA",0,0.0,35.61,45.24,Ignore
HUZUR,0,0.0,22.62,45.22,Ignore
"HYD/RDH, HYDERABAD, TELANGANA",0,0.0,37.2,45.19,Ignore
MADHURAWADA REACH,0,0.0,24.21,45.17,Ignore
GOALPARA OFFICE,0,0.0,32.28,45.16,Ignore
DEULGAON RAJA,0,0.0,34.9,45.12,Ignore
MUZAFFARPUR,0,0.0,21.55,45.09,Ignore
"ORAS, KUDAL, MAHARASHTRA",0,0.0,45.08,45.08,Ignore
SAMANA,0,0.0,26.23,45.08,Ignore
KELAMBAKKAM,0,0.0,27.66,45.07,Ignore
RAMESH MASTER KIRANA HYDERABAD,0,0.0,45.06,45.06,Ignore
"LAR GANDERBAL, LAR GANDERBAL, JAMMU AND KASHMIR",0,0.0,44.63,45.03,Ignore
RATANPURCITYHUB_PAB,0,0.0,44.96,44.96,Ignore
ONGOLEHUB_ONG,0,0.0,25.42,44.95,Ignore
"PORT BLAIR, ANDAMAN & NICOBAR ISLANDS, IN",0,0.0,44.94,44.94,Ignore
MEER,0,0.0,20.24,44.92,Ignore
"DHARMSHALA, DHARMSHALA, HIMACHAL PRADESH",0,0.0,26.22,44.85,Ignore
PARLI VAIJNATH,0,0.0,22.72,44.85,Ignore
ZIRA,0,0.0,38.38,44.85,Ignore
NARAINA,0,0.0,20.12,44.76,Ignore
MHOW,0,0.0,26.43,44.73,Ignore
ASSAND,0,0.0,29.22,44.71,Ignore
MANDLA,0,0.0,37.06,44.7,Ignore
"PAKALA, PAKALA, ANDHRA PRADESH",0,0.0,44.69,44.69,Ignore
"HYD/MLK, HYDERABAD, TELANGANA",0,0.0,11.09,44.67,Ignore
"SURAJPUR, BISHRAMPUR, CHHATTISGARH",0,0.0,36.24,44.66,Ignore
PALAKOLLU REACH,0,0.0,27.5,44.61,Ignore
"NOIDA, DELHI NCR, DELHI",0,0.0,16.83,44.61,Ignore
JHANJHARPUR,0,0.0,43.16,44.56,Ignore
PATHANKOTHUB_PHT,0,0.0,24.95,44.56,Ignore
SHIKRAPUR,0,0.0,23.15,44.56,Ignore
"SIDHI, SIDHI, MADHYA PRADESH",0,0.0,22.92,44.53,Ignore
TADEPALLIGUDEM REACH,0,0.0,29.3,44.51,Ignore
BANJARA HILLS SERV.CENTRE,0,0.0,26.02,44.51,Ignore
"TURKAYAMJAL1, HYDERABAD, TELANGANA",0,0.0,44.5,44.5,Ignore
PATALGANGA HUB,0,0.0,21.42,44.5,Ignore
"HYD/YOU, HYDERABAD, TELANGANA",0,0.0,41.81,44.46,Ignore
AMBATTUR,0,0.0,20.12,44.41,Ignore
"BURHAR, SHAHDOL, MADHYA PRADESH",0,0.0,34.85,44.38,Ignore
ADYAR,0,0.0,23.23,44.36,Ignore
RANIPET,0,0.0,26.32,44.33,Ignore
"NAMCHI, SIKKIM, IN",0,0.0,18.7,44.29,Ignore
"IXG/CTY-TML, BELGAUM, KARNATAKA",0,0.0,44.27,44.27,Ignore
SHAHDOL,0,0.0,34.83,44.26,Ignore
PANNA,0,0.0,35.77,44.25,Ignore
MARINEDRIVEHUB_RPR,0,0.0,44.22,44.22,Ignore
BDDN,0,0.0,22.69,44.21,Ignore
"ZIRA, ZIRA, PUNJAB",0,0.0,33.47,44.19,Ignore
RAIPURCITYHUB_RPR,0,0.0,2.89,44.16,Ignore
KARAKULAM,0,0.0,25.43,44.14,Ignore
"VADODARA, GUJRAT, IN",0,0.0,42.14,44.12,Ignore
INDIRA NAGAR COUNTER,0,0.0,18.4,44.08,Ignore
SITARGANJ,0,0.0,25.9,44.06,Ignore
"NBM/NRL, NAVI MUMBAI, MAHARASHTRA",0,0.0,26.01,44.01,Ignore
"BAGHA PURANA, BAGHA PURANA, PUNJAB",0,0.0,27.02,44.0,Ignore
KESHOD,0,0.0,37.01,43.94,Ignore
"SIRA, SIRA, KARNATAKA",0,0.0,31.24,43.93,Ignore
OMERGA,0,0.0,34.52,43.93,Ignore
MAHABUBABAD REACH,0,0.0,24.03,43.89,Ignore
IXBH,0,0.0,25.01,43.88,Ignore
RAIPURCITYSPLITHUB_RPR,0,0.0,43.86,43.86,Ignore
"IRINJALAKUDA, IRINJALAKUDA, KERALA",0,0.0,30.45,43.83,Ignore
DWRK,0,0.0,20.77,43.82,Ignore
MIRAN SAHIB,0,0.0,23.03,43.78,Ignore
PITHORAGARH,0,0.0,18.22,43.78,Ignore
SRIKALAHASTI REACH,0,0.0,43.7,43.7,Ignore
AMBS,0,0.0,25.85,43.69,Ignore
HIRANKUDNA,0,0.0,13.45,43.67,Ignore
CHAMPAWA,0,0.0,41.46,43.64,Ignore
"BHADRAVATI, KARNATAKA, IN",0,0.0,23.95,43.63,Ignore
FAZILKA,0,0.0,42.54,43.59,Ignore
RAM NAGAR -UTTARANCHA,0,0.0,21.7,43.57,Ignore
YAKUBPUR,0,0.0,17.44,43.54,Ignore
"HYD/SEC, HYDERABAD, TELANGANA",0,0.0,27.19,43.51,Ignore
DABOKA,0,0.0,43.5,43.5,Ignore
"VADODARA/AKT, VADODARA, GUJARAT",0,0.0,31.89,43.49,Ignore
JHARSUGUDA,0,0.0,20.32,43.48,Ignore
NORTH KOLKATA PUD,0,0.0,24.1,43.47,Ignore
JASHPUR,0,0.0,7.31,43.45,Ignore
"MAA/SEL-TML, CHENNAI, TAMIL NADU",0,0.0,30.82,43.43,Ignore
"REWARATHERA, REWA, MADHYA PRADESH",0,0.0,43.37,43.37,Ignore
BHOPAL - BPA,0,0.0,34.54,43.36,Ignore
OGLC,0,0.0,19.91,43.36,Ignore
"MORGRAM, SAGARDIGHI, WEST BENGAL",0,0.0,23.93,43.32,Ignore
DUMDUM COD CENTRE,0,0.0,27.57,43.3,Ignore
NGP PUD CENTER,0,0.0,26.76,43.29,Ignore
BADARPUR,0,0.0,24.04,43.28,Ignore
"BOM/SA-BND, MUMBAI, MAHARASHTRA",0,0.0,25.34,43.23,Ignore
MANCHERIAL,0,0.0,23.3,43.22,Ignore
MUDIGERE,0,0.0,26.22,43.21,Ignore
"CHIRALA, CHIRALA, ANDHRA PRADESH",0,0.0,28.39,43.16,Ignore
DACHEPALLEODH_DHP,0,0.0,24.75,43.12,Ignore
PARBHANI,0,0.0,27.07,43.12,Ignore
CHAMRAJNAGAR,0,0.0,43.07,43.07,Ignore
"SIVSAGAR, SIVSAGAR, ASSAM",0,0.0,10.21,43.07,Ignore
PATHALGAON,0,0.0,43.04,43.04,Ignore
"SMG/KRP-TML, SHIVAMOGGA, KARNATAKA",0,0.0,25.26,42.99,Ignore
"BERI, BERI, HARYANA",0,0.0,42.97,42.97,Ignore
BARIGUMAMDH_BRM,0,0.0,42.96,42.96,Ignore
RATIA,0,0.0,29.44,42.94,Ignore
VAPI WAREHOUSE,0,0.0,23.08,42.88,Ignore
"LUD/HV1, LUDHIANA, PUNJAB",0,0.0,41.02,42.87,Ignore
KANKE,0,0.0,7.97,42.87,Ignore
"DUMRAON, DUMRAON, BIHAR",0,0.0,25.92,42.87,Ignore
GURUVAYOOR,0,0.0,9.07,42.86,Ignore
DEHRADUN (DEDH),0,0.0,18.6,42.84,Ignore
"RAJULA, GUJARAT, IN",0,0.0,42.82,42.82,Ignore
"SIWANI, SIWANI, HARYANA",0,0.0,16.74,42.72,Ignore
DHEKIAJULI,0,0.0,26.17,42.71,Ignore
"BLR/JYM-TML, BANGALORE, KARNATAKA",0,0.0,22.79,42.66,Ignore
PERIYAPALAYAM REACH,0,0.0,26.06,42.57,Ignore
BHIWANDI FORWARD E-TAIL,0,0.0,28.37,42.57,Ignore
"SHIRWAL, SHIRWAL, MAHARASHTRA",0,0.0,42.53,42.53,Ignore
APX SFC ETAIL PUD IN KSW,0,0.0,27.35,42.53,Ignore
FEROZEPURROADHUB_LUH,0,0.0,25.72,42.48,Ignore
NGPR,0,0.0,23.64,42.45,Ignore
CGDM,0,0.0,24.13,42.41,Ignore
DHULAGARH,0,0.0,25.85,42.38,Ignore
MAINPURI,0,0.0,26.86,42.37,Ignore
MUGALIVAKKAM,0,0.0,28.08,42.29,Ignore
"HYD/SPT, HYDERABAD, TELANGANA",0,0.0,33.78,42.28,Ignore
LAKHIMPUR KHERI,0,0.0,21.82,42.27,Ignore
DEHRADUN EXPANSION,0,0.0,26.32,42.27,Ignore
"JAMKHED, JAMKHED, MAHARASHTRA",0,0.0,42.22,42.22,Ignore
ERANDOL,0,0.0,27.72,42.21,Ignore
"DOMBIVLI, MAHARASHTRA, IN",0,0.0,18.92,42.15,Ignore
CHANDIGARH HUB,0,0.0,24.33,42.14,Ignore
CUTTAK BLUE DART EXPRESS,0,0.0,24.62,42.13,Ignore
"NOIDA/SPR, DELHI NCR, DELHI",0,0.0,20.57,42.11,Ignore
"BASOLI JK, BASOLI JK, JAMMU AND KASHMIR",0,0.0,33.17,42.09,Ignore
JODHPUR HUB,0,0.0,29.95,42.03,Ignore
ICHALKARANJI,0,0.0,6.2,42.02,Ignore
"HYD/KUK, HYDERABAD, TELANGANA",0,0.0,23.23,42.01,Ignore
NOHARBADHARAMDH_NOH,0,0.0,41.98,41.98,Ignore
"NIRMAN NAGAR, JAIPUR, RAJASTHAN",0,0.0,11.93,41.98,Ignore
"GARHSHANKAR, GARHSHANKAR, PUNJAB",0,0.0,41.86,41.86,Ignore
FKL_DELFLEXYAKUBPUR,0,0.0,0.0,41.86,Ignore
"MAA/POE-EHV, CHENNAI, TAMIL NADU",0,0.0,27.31,41.83,Ignore
"RATIBAD, RATIBAD, MADHYA PRADESH",0,0.0,41.8,41.8,Ignore
BEGUMPET HUB,0,0.0,40.57,41.78,Ignore
"MIYANWALA, DOIWALA, UTTARAKHAND",0,0.0,36.13,41.73,Ignore
JABALPUR HUB,0,0.0,18.15,41.66,Ignore
BETIAH ULTRA FRUGAL,0,0.0,25.77,41.64,Ignore
SILLOD,0,0.0,36.28,41.62,Ignore
TOLICHOWKI,0,0.0,21.77,41.61,Ignore
"KODANCHERY, KODANCHERY, KERALA",0,0.0,41.61,41.61,Ignore
"DEL/MKA, DELHI NCR, DELHI",0,0.0,23.43,41.57,Ignore
SRIGANGANAGAR HUB,0,0.0,25.35,41.5,Ignore
PANVEL HUB,0,0.0,10.09,41.5,Ignore
"GUDALUR THE NILGIRIS DISTRICT, TAMIL NADU, IN",0,0.0,41.43,41.43,Ignore
"NOHAR, NOHAR, RAJASTHAN",0,0.0,34.98,41.31,Ignore
KOTTARAKKARA,0,0.0,19.73,41.26,Ignore
"BEGUSARAI, BEGUSARAI, BIHAR",0,0.0,13.79,41.16,Ignore
ANDM,0,0.0,34.25,41.14,Ignore
LUCKNOW SERVICE CENTRE,0,0.0,24.96,41.14,Ignore
RAJEEV CHOWK (RJCX),0,0.0,6.84,41.12,Ignore
"PALUS, PALUS, MAHARASHTRA",0,0.0,28.69,41.12,Ignore
"SURGUJA, CHATTISGARH, IN",0,0.0,41.1,41.1,Ignore
"KATHUNANGAL, KATHUNANGAL, PUNJAB",0,0.0,35.01,41.07,Ignore
VARANASI,0,0.0,14.78,41.05,Ignore
PALSANA,0,0.0,22.47,41.04,Ignore
SUNDARGARH,0,0.0,3.6,41.0,Ignore
BNRS,0,0.0,21.62,41.0,Ignore
"SONIPAT, PANIPAT, HARYANA",0,0.0,20.55,41.0,Ignore
"BLR/VNL-TML, BANGALORE, KARNATAKA",0,0.0,26.36,40.99,Ignore
LALITPUR,0,0.0,33.21,40.96,Ignore
UDHAMPUR,0,0.0,26.98,40.95,Ignore
RAMBAGHHUB_RMB,0,0.0,1.01,40.92,Ignore
"MURTHAL, SONIPAT, HARYANA",0,0.0,40.59,40.92,Ignore
ROORKEE,0,0.0,23.41,40.91,Ignore
PARDIODH_NAG,0,0.0,40.82,40.82,Ignore
GURUGRAM PATAUDI,0,0.0,17.63,40.81,Ignore
ALIPURDUAR OFFICE,0,0.0,23.47,40.81,Ignore
GDD SFC/APEX CENTRE,0,0.0,23.2,40.76,Ignore
GAJAPATI,0,0.0,25.43,40.75,Ignore
"MAA/MBM-TML, CHENNAI, TAMIL NADU",0,0.0,17.22,40.74,Ignore
VISAKHAPATNAM HUB,0,0.0,23.84,40.73,Ignore
"MAA/MVL-TML, CHENNAI, TAMIL NADU",0,0.0,25.19,40.7,Ignore
MANIKONDAHUB_HYD,0,0.0,40.69,40.69,Ignore
NILESHWAR,0,0.0,23.69,40.68,Ignore
CHADERGHATHUB_HYD,0,0.0,40.67,40.67,Ignore
"KURSEONG, WEST BENGAL, IN",0,0.0,23.64,40.61,Ignore
"BASTAR, BASTAR, CHHATTISGARH",0,0.0,24.43,40.55,Ignore
LOWER PAREL,0,0.0,26.29,40.53,Ignore
"VIJAYAPURA1, VIJAYAPURA, KARNATAKA",0,0.0,35.07,40.53,Ignore
MAHAPE,0,0.0,24.77,40.52,Ignore
BAGEPALLI,0,0.0,19.36,40.51,Ignore
KHAMBHALIA,0,0.0,40.4,40.4,Ignore
BHIWANDI - BRT,0,0.0,11.69,40.4,Ignore
"THN/RBD-TML, THANE, MAHARASHTRA",0,0.0,27.39,40.4,Ignore
KHAMMAM,0,0.0,22.82,40.39,Ignore
"DEL/RHN1, NEW DELHI, DELHI",0,0.0,24.32,40.38,Ignore
"DEL/EDL-EHV, DELHI NCR, DELHI",0,0.0,35.69,40.37,Ignore
TRIVANDRUM SERVICE CENTRE,0,0.0,28.5,40.36,Ignore
SHORNUR,0,0.0,16.69,40.36,Ignore
"DEHRADUN, UTTARAKHAND, IN",0,0.0,21.26,40.32,Ignore
JAIPUR - JAI,0,0.0,13.52,40.25,Ignore
BAGODAR,0,0.0,40.22,40.22,Ignore
"BAYANA, BAYANA, RAJASTHAN",0,0.0,26.32,40.17,Ignore
"MEERUT1, MEERUT, UTTAR PRADESH",0,0.0,11.14,40.16,Ignore
"JMU/JMU, JAMMU, JAMMU AND KASHMIR",0,0.0,21.61,40.14,Ignore
"BADHARGHAT, AGARTALA, TRIPURA",0,0.0,19.11,40.13,Ignore
JAIPUR (JAIH),0,0.0,24.36,40.12,Ignore
UDAIPUR HUB,0,0.0,40.09,40.09,Ignore
"AKBARNAGAR, AKBARNAGAR, BIHAR",0,0.0,33.55,40.06,Ignore
BHOKARDAN,0,0.0,40.02,40.02,Ignore
WARUD,0,0.0,27.33,39.97,Ignore
"BHUBANESHWAR, ODISHA, IN",0,0.0,15.48,39.95,Ignore
M I ROAD OFFICE,0,0.0,24.09,39.89,Ignore
CHARKHI DADRI,0,0.0,24.78,39.85,Ignore
"DEL/WZB, DELHI NCR, DELHI",0,0.0,15.38,39.81,Ignore
BODUPPAL,0,0.0,24.71,39.76,Ignore
BHAGALPUR OFFICE,0,0.0,30.73,39.73,Ignore
"BLR/NKH-TML, BANGALORE, KARNATAKA",0,0.0,20.81,39.72,Ignore
TRIMULGHERRY,0,0.0,39.68,39.68,Ignore
"MAROLMH, MUMBAI, MAHARASHTRA",0,0.0,22.63,39.68,Ignore
DHARMAPURI,0,0.0,15.47,39.67,Ignore
"TURA/RST, TURA, MEGHALAYA",0,0.0,19.89,39.63,Ignore
ANJAR,0,0.0,16.65,39.63,Ignore
HANUMANGARH,0,0.0,36.8,39.6,Ignore
JAKHAL MANDI,0,0.0,23.5,39.49,Ignore
"JHANJHARPUR, BIHAR, IN",0,0.0,39.47,39.47,Ignore
SONP,0,0.0,23.32,39.45,Ignore
CHEMBUR E-TAIL CENTRE,0,0.0,22.02,39.39,Ignore
NOIDA HUB,0,0.0,22.47,39.34,Ignore
GAUAIRPORT SERVICE CENTRE,0,0.0,22.13,39.31,Ignore
"PANNA, PANNA, MADHYA PRADESH",0,0.0,25.65,39.24,Ignore
RAJKOT COD CENTRE,0,0.0,25.4,39.23,Ignore
"KHEDBRAHMA, KHEDBRAHMA, GUJARAT",0,0.0,22.1,39.22,Ignore
ANTOP HILL TRUCK TERMINAL,0,0.0,26.21,39.17,Ignore
EMBASSY GOLF LINK,0,0.0,23.77,39.16,Ignore
MARGHERITA,0,0.0,39.11,39.11,Ignore
"BANGALORE, KA, IN",0,0.0,10.12,39.05,Ignore
"LKO/HZG, LUCKNOW, UTTAR PRADESH",0,0.0,24.42,39.05,Ignore
TAHLIWAL,0,0.0,25.83,39.04,Ignore
"SILVASSA, SILVASSA, DADRA NAGAR HAVELI",0,0.0,30.34,39.02,Ignore
NEELAMBUR,0,0.0,23.68,39.01,Ignore
"CAR/KJR, CHANDIGARH, CHANDIGARH",0,0.0,27.05,38.98,Ignore
MANMAD,0,0.0,23.67,38.96,Ignore
"MURNAD1, MURNAD, KARNATAKA",0,0.0,14.1,38.94,Ignore
BIRPARA,0,0.0,14.25,38.94,Ignore
"RSC/FARRUKHABAD, FARRUKHABAD, UTTAR PRADESH",0,0.0,30.01,38.94,Ignore
RUNNI SAIDPUR,0,0.0,23.82,38.93,Ignore
NATHDWARA,0,0.0,38.92,38.92,Ignore
JADCHERALA,0,0.0,28.29,38.91,Ignore
VAPM,0,0.0,26.1,38.89,Ignore
PURNIA,0,0.0,11.65,38.81,Ignore
"NGP/PVN-TML, NAGPUR, MAHARASHTRA",0,0.0,35.34,38.81,Ignore
"CHALLAPALLI, CHALLAPALLI, ANDHRA PRADESH",0,0.0,36.45,38.81,Ignore
"WARASEONI, WARASEONI, MADHYA PRADESH",0,0.0,11.76,38.78,Ignore
"BHELLA, BHELLA, ASSAM",0,0.0,26.77,38.74,Ignore
"SUJANPUR, PATHANKOT, PUNJAB",0,0.0,23.41,38.73,Ignore
"DEL/NDL-EHV, NEW DELHI, DELHI",0,0.0,25.19,38.71,Ignore
SELU,0,0.0,37.53,38.7,Ignore
PMPC,0,0.0,26.4,38.65,Ignore
"MANDIDEEP, MANDIDEEP, MADHYA PRADESH",0,0.0,19.07,38.58,Ignore
KHARADI - ETAIL,0,0.0,24.71,38.58,Ignore
GBTE,0,0.0,24.48,38.53,Ignore
"DEL/LDS, NEW DELHI, DELHI",0,0.0,22.52,38.5,Ignore
NOIDA E-TAIL AGENT,0,0.0,22.55,38.49,Ignore
SAHARSA,0,0.0,18.24,38.46,Ignore
VISAKHAPATANAM,0,0.0,22.38,38.45,Ignore
CBVN,0,0.0,26.43,38.38,Ignore
"CAR/NGN, CHANDIGARH, CHANDIGARH",0,0.0,13.28,38.33,Ignore
"CHINNAMANDAM, RAYACHOTY, ANDHRA PRADESH",0,0.0,28.18,38.32,Ignore
GAUE,0,0.0,26.67,38.31,Ignore
BANDIKUI,0,0.0,38.22,38.22,Ignore
"BOKCHORA, BOKCHORA, WEST BENGAL",0,0.0,38.21,38.21,Ignore
ELASTICRUNPADMARAONAGARODH_HYD,0,0.0,27.99,38.18,Ignore
"DEL/NFG, NEW DELHI, DELHI",0,0.0,26.75,38.15,Ignore
NADIAD,0,0.0,23.1,38.11,Ignore
TUMAKURU,0,0.0,19.48,38.09,Ignore
BARMER,0,0.0,31.0,38.01,Ignore
NSK CIDCO SERVICE CENTRE,0,0.0,22.73,38.01,Ignore
JPNG,0,0.0,18.85,37.89,Ignore
KALOOR,0,0.0,28.2,37.85,Ignore
"RUDRUR, BODHAN, TELANGANA",0,0.0,37.85,37.85,Ignore
"MAA/NAM-EHV, CHENNAI, TAMIL NADU",0,0.0,22.51,37.82,Ignore
SAGWARA,0,0.0,31.28,37.79,Ignore
DUNGARPUR H.O,0,0.0,35.48,37.78,Ignore
DINAHATA,0,0.0,25.35,37.77,Ignore
ANTARIKSH BHAVAN,0,0.0,8.71,37.76,Ignore
BBNE,0,0.0,26.84,37.75,Ignore
"MAA/TIRUVOTTIYUR-TML, CHENNAI, TAMIL NADU",0,0.0,23.37,37.71,Ignore
DHENKANAL,0,0.0,23.23,37.65,Ignore
SHAHPURA,0,0.0,25.25,37.54,Ignore
"VPT/MWD, VISAKHAPATNAM, ANDHRA PRADESH",0,0.0,24.28,37.52,Ignore
RAM MURTHY NAGAR,0,0.0,20.75,37.48,Ignore
"ABOHAR, ABOHAR, PUNJAB",0,0.0,8.65,37.47,Ignore
"KOT ISE KHAN, MOGA, PUNJAB",0,0.0,25.41,37.44,Ignore
"LALCHOWK, LAL CHOWK, JAMMU AND KASHMIR",0,0.0,27.65,37.42,Ignore
"WAGHOLI, PUNE, MAHARASHTRA",0,0.0,28.71,37.38,Ignore
"SAKINAKA, MUMBAI, MAHARASHTRA",0,0.0,22.46,37.38,Ignore
ANNA NAGAR,0,0.0,23.98,37.35,Ignore
NIMBAHERA S.O,0,0.0,28.26,37.32,Ignore
PALANPUR,0,0.0,15.31,37.28,Ignore
LODHIPURHUB_MRD MORADABAD,0,0.0,37.28,37.28,Ignore
TINDIVANAM,0,0.0,24.64,37.27,Ignore
HAWAMAHALHUB_JAI,0,0.0,20.9,37.25,Ignore
BENGALURU - BLR,0,0.0,14.98,37.24,Ignore
KAVUNDAMPLAYAM,0,0.0,27.88,37.2,Ignore
"MAA/ADY-TML, CHENNAI, TAMIL NADU",0,0.0,23.38,37.2,Ignore
"KHANDWA, KHANDWA, MADHYA PRADESH",0,0.0,21.76,37.19,Ignore
HOWRAH SALKIA,0,0.0,23.86,37.14,Ignore
"TRV/TRV, TRIVANDRUM, KERALA",0,0.0,11.57,37.12,Ignore
"HAMIRPUR, HAMIRPUR, HIMACHAL PRADESH",0,0.0,20.64,37.08,Ignore
BARAN,0,0.0,37.07,37.07,Ignore
KARJAT,0,0.0,26.28,37.07,Ignore
KANPUR OFFICE,0,0.0,21.07,37.02,Ignore
KORAPUT,0,0.0,21.3,37.02,Ignore
"CHILAKALURIPETA, CHILAKALURIPETA, ANDHRA PRADESH",0,0.0,37.0,37.0,Ignore
TALEGAON PUD CENTRE,0,0.0,5.46,37.0,Ignore
"RAJARHAT, RAJARHAT, WEST BENGAL",0,0.0,36.96,36.96,Ignore
GUMTI HUB,0,0.0,4.96,36.95,Ignore
"KASARGOD, KERALA, IN",0,0.0,36.94,36.94,Ignore
YLKA,0,0.0,24.96,36.88,Ignore
"PORVORIM, PORVORIM, GOA",0,0.0,28.32,36.85,Ignore
MUMBAI NORTH WAREHOUSE,0,0.0,32.46,36.85,Ignore
PADAGHA,0,0.0,36.02,36.84,Ignore
"VRINADAVAN LKO, LUCKNOW, UTTAR PRADESH",0,0.0,36.76,36.83,Ignore
"DEL/LPN, NEW DELHI, DELHI",0,0.0,21.73,36.82,Ignore
KASHIPURHUB_KAS KASHIPUR,0,0.0,5.47,36.74,Ignore
"VISAKHAPATNAM, ANDHRA PRADESH, IN",0,0.0,18.48,36.71,Ignore
CUNNINGHAM,0,0.0,24.13,36.67,Ignore
PICNIC GARDEN,0,0.0,26.05,36.61,Ignore
DHARAMSHALA,0,0.0,24.78,36.6,Ignore
DIMAPUR,0,0.0,23.43,36.56,Ignore
ELASTICRUNVISAKHAPATNAMSPLITODH_VTZ VISAKHAPATNAM,0,0.0,4.56,36.53,Ignore
"NGP/TEX, NAGPUR, MAHARASHTRA",0,0.0,24.22,36.5,Ignore
"SAMBALPUR, ODISHA, IN",0,0.0,36.48,36.48,Ignore
AKBARPUR KANPUR DEHAT,0,0.0,28.35,36.46,Ignore
SITAPUR,0,0.0,21.46,36.44,Ignore
OKHLA E-TAIL DELIVERY,0,0.0,21.26,36.42,Ignore
"YAMUNANAGAR, YAMUNANAGAR, HARYANA",0,0.0,28.53,36.35,Ignore
"GORAKHNATH, GORAKHPUR, UTTAR PRADESH",0,0.0,32.67,36.34,Ignore
WADRAFNAGAR,0,0.0,36.27,36.27,Ignore
"PNQ/NGD, PUNE, MAHARASHTRA",0,0.0,14.84,36.27,Ignore
DEOBAND,0,0.0,24.75,36.26,Ignore
KINWAT,0,0.0,36.23,36.23,Ignore
GHAZIABAD GT ROAD,0,0.0,21.9,36.23,Ignore
"KNP IIT, KANPUR, UTTAR PRADESH",0,0.0,36.22,36.22,Ignore
OM STORE NEW DELHI,0,0.0,36.08,36.08,Ignore
MAU,0,0.0,9.28,36.04,Ignore
PANJIM,0,0.0,10.47,35.96,Ignore
OKHLA,0,0.0,11.08,35.95,Ignore
"NALAGARH, BADDI, HIMACHAL PRADESH",0,0.0,19.79,35.92,Ignore
ANUPPUR,0,0.0,18.76,35.9,Ignore
SAGAR,0,0.0,19.22,35.88,Ignore
SENAPATI BAPAT ROAD,0,0.0,22.58,35.87,Ignore
"JAGDALPUR, JAGDALPUR, CHHATTISGARH",0,0.0,17.86,35.82,Ignore
"PURSOTAMPUR, PURSHOTAMPUR, ORISSA",0,0.0,35.82,35.82,Ignore
MARANDA,0,0.0,26.11,35.8,Ignore
"MOOLAPALAYAM, ODDANCHATRAM, TAMIL NADU",0,0.0,32.85,35.79,Ignore
DARTPLUS GOPINATH,0,0.0,28.48,35.78,Ignore
VIJAY,0,0.0,21.32,35.74,Ignore
"ALIPURDUAR COURT, ALIPURDUAR, WEST BENGAL",0,0.0,35.72,35.72,Ignore
AIZAWL,0,0.0,26.16,35.71,Ignore
DULIAJAN,0,0.0,35.71,35.71,Ignore
SUFDAR JUNG (SJEX),0,0.0,26.78,35.66,Ignore
"AKLUJ, AKLUJ, MAHARASHTRA",0,0.0,25.23,35.65,Ignore
"RAJGURUNAGAR, RAJGURUNAGAR, MAHARASHTRA",0,0.0,28.38,35.62,Ignore
"KISHANGANJ BH, KISHANGANJ, WEST BENGAL",0,0.0,35.6,35.6,Ignore
ISHU GENRAL STORE GAUTAM BUDDHA NAGAR,0,0.0,35.59,35.59,Ignore
BAREJA SERVICE CENTRE,0,0.0,9.93,35.58,Ignore
SINGRAULI,0,0.0,17.61,35.55,Ignore
TIKAMGARH,0,0.0,24.67,35.55,Ignore
ELASTICRUNKATTEDANODH_HYD,0,0.0,35.5,35.5,Ignore
"DELHI, DL, IN",0,0.0,5.46,35.48,Ignore
"DEL/ANG, DELHI NCR, DELHI",0,0.0,21.93,35.45,Ignore
SURADAHUB_SRD CHATRAPUR,0,0.0,35.41,35.41,Ignore
GOVINDPURA E TAIL DELIVER,0,0.0,23.4,35.38,Ignore
"VPT/SVP, VISAKHAPATNAM, ANDHRA PRADESH",0,0.0,22.83,35.37,Ignore
VELDA,0,0.0,35.25,35.25,Ignore
GULABPURA,0,0.0,29.88,35.25,Ignore
HUBLI SERVICE CENTRE,0,0.0,10.53,35.25,Ignore
SAMBALPUR,0,0.0,17.67,35.2,Ignore
BSGD,0,0.0,23.97,35.15,Ignore
"FBD/BLG, DELHI NCR, DELHI",0,0.0,20.93,35.14,Ignore
QUEPEM,0,0.0,25.35,35.12,Ignore
"DESAIGAON, DESAIGAON, MAHARASHTRA",0,0.0,26.8,35.12,Ignore
"NIZAMABAD, NIZAMABAD, TELANGANA",0,0.0,8.96,35.11,Ignore
GADWAL,0,0.0,35.1,35.1,Ignore
"PUTHANATHANI, PUTHANATHANI, KERALA",0,0.0,35.09,35.09,Ignore
VIRUDHACHALAM,0,0.0,24.58,35.09,Ignore
"PAT/PCK, PATNA, BIHAR",0,0.0,22.83,35.08,Ignore
DODBALLAPURA,0,0.0,24.02,35.07,Ignore
MOGA,0,0.0,19.6,35.07,Ignore
NAHARLAGUN,0,0.0,24.66,34.99,Ignore
GREATER NOIDA (GRND),0,0.0,27.89,34.95,Ignore
KOTDWARA,0,0.0,19.4,34.92,Ignore
"BOM/WRL, MUMBAI, MAHARASHTRA",0,0.0,20.07,34.89,Ignore
HOSHANGABAD,0,0.0,17.98,34.89,Ignore
FKL_JKS,0,0.0,1.99,34.88,Ignore
"BLR/HOS-TML, BANGALORE, KARNATAKA",0,0.0,8.72,34.86,Ignore
"IDR/IDR, INDORE, MADHYA PRADESH",0,0.0,7.34,34.86,Ignore
SUNNY TELCOM HASSMAT GHAZIABAD,0,0.0,34.81,34.81,Ignore
"JMU/JNP, JAMMU, JAMMU AND KASHMIR",0,0.0,34.77,34.79,Ignore
BHIWADI - BHD,0,0.0,16.91,34.77,Ignore
"PATIALA, PATIALA, PUNJAB",0,0.0,23.78,34.76,Ignore
ANKLESHWAR,0,0.0,20.64,34.75,Ignore
"SORAB, SORAB, KARNATAKA",0,0.0,34.75,34.75,Ignore
"MDU/PDR-TML, MADURAI, TAMIL NADU",0,0.0,34.74,34.74,Ignore
CTHR,0,0.0,24.62,34.74,Ignore
"AMBALA, AMBALA, HARYANA",0,0.0,21.56,34.72,Ignore
"DEL/BDR, NEW DELHI, DELHI",0,0.0,23.84,34.71,Ignore
JALANDHAR - JRD,0,0.0,20.58,34.7,Ignore
KARJAN,0,0.0,24.12,34.69,Ignore
"SANTIPUR1, SANTIPUR, WEST BENGAL",0,0.0,25.47,34.65,Ignore
MUMBAI KANDIVALI WAR,0,0.0,29.22,34.65,Ignore
"KASEGAON, KASEGAON, MAHARASHTRA",0,0.0,34.58,34.58,Ignore
COD CPU VI,0,0.0,29.1,34.58,Ignore
"BOM/MAZ-TML, MUMBAI, MAHARASHTRA",0,0.0,20.76,34.56,Ignore
ELASTICRUNJARIPATKAODH_NAG,0,0.0,34.55,34.55,Ignore
"NARASARAOPET1, NARASARAOPET, ANDHRA PRADESH",0,0.0,34.52,34.52,Ignore
PATAN,0,0.0,16.41,34.51,Ignore
"PALAMPUR, PALAMPUR, HIMACHAL PRADESH",0,0.0,9.6,34.5,Ignore
"GANNAVARAM, GANNAVARAM, ANDHRA PRADESH",0,0.0,34.45,34.45,Ignore
"MANMAD, MANMAD, MAHARASHTRA",0,0.0,34.45,34.45,Ignore
"BILASPUR, BILASPUR, CHHATTISGARH",0,0.0,28.45,34.44,Ignore
UDAIPUR E-TAIL,0,0.0,24.77,34.43,Ignore
JVKN,0,0.0,20.25,34.43,Ignore
DURGAPUR,0,0.0,24.23,34.37,Ignore
"MAIRANGBAH, MAIRANGBAH, MEGHALAYA",0,0.0,28.86,34.37,Ignore
"VIRAR, MAHARASHTRA, IN",0,0.0,27.33,34.36,Ignore
"BLR/RRN-TML, BANGALORE, KARNATAKA",0,0.0,30.93,34.35,Ignore
MANN,0,0.0,5.95,34.33,Ignore
"MAA/CHL-TML, CHENNAI, TAMIL NADU",0,0.0,26.81,34.31,Ignore
"SILIGURI, SILIGURI, WEST BENGAL",0,0.0,23.41,34.31,Ignore
"DEL/CDL-EHV, NEW DELHI, DELHI",0,0.0,12.46,34.27,Ignore
AHD COD CENTER,0,0.0,21.38,34.26,Ignore
PALLIPALAYAM,0,0.0,30.3,34.25,Ignore
"ETAWAH, ETAWAH, UTTAR PRADESH",0,0.0,34.24,34.24,Ignore
DATTA NAGAR,0,0.0,25.88,34.23,Ignore
COOCH BEHAR,0,0.0,33.89,34.23,Ignore
TARDEO,0,0.0,27.57,34.21,Ignore
INDIRAPURAMHUB_DEL,0,0.0,19.26,34.19,Ignore
BUNDI,0,0.0,25.13,34.18,Ignore
"BASTA, BASTA, ORISSA",0,0.0,34.18,34.18,Ignore
SOHAM PATEL KIRANA SURAT,0,0.0,34.17,34.17,Ignore
"BHILAI, BHILAI, CHHATTISGARH",0,0.0,7.85,34.14,Ignore
SKHX,0,0.0,17.97,34.13,Ignore
NEW TOWN,0,0.0,22.93,34.12,Ignore
SILIGURI,0,0.0,16.69,34.1,Ignore
TRIMURTINAGAR HUB,0,0.0,34.06,34.06,Ignore
"KAMPAGARH, KAMPAGADA, ORISSA",0,0.0,27.37,34.04,Ignore
"IRINGATH, KOZHIKODE, KERALA",0,0.0,34.04,34.04,Ignore
MBY E-TAIL CENTRE,0,0.0,23.16,34.03,Ignore
KAISARGANJ,0,0.0,20.62,34.03,Ignore
"HYD/BJH, HYDERABAD, TELANGANA",0,0.0,27.73,34.02,Ignore
"SATNA, SATNA, MADHYA PRADESH",0,0.0,13.32,34.02,Ignore
"HYD/BWN, HYDERABAD, TELANGANA",0,0.0,20.56,33.98,Ignore
"MUDIGERE, MUDIGERE, KARNATAKA",0,0.0,33.94,33.94,Ignore
BICHOLIM,0,0.0,19.15,33.92,Ignore
THANE - THN,0,0.0,33.9,33.9,Ignore
"DEL/GDP, NEW DELHI, DELHI",0,0.0,23.96,33.9,Ignore
"NAINA DEVI, NAINA DEVI, HIMACHAL PRADESH",0,0.0,33.89,33.89,Ignore
"HOSANAGARA, HOSANAGARA, KARNATAKA",0,0.0,33.89,33.89,Ignore
GAUCHAR,0,0.0,21.39,33.88,Ignore
"RSC/BANSWARA, BANSWARA, RAJASTHAN",0,0.0,33.88,33.88,Ignore
CHBR,0,0.0,9.3,33.88,Ignore
SABG,0,0.0,0.56,33.81,Ignore
"SARAIMEER, SARAIMEER, UTTAR PRADESH",0,0.0,33.81,33.81,Ignore
"SUKMA, SUKMA, CHHATTISGARH",0,0.0,33.7,33.7,Ignore
VASM,0,0.0,6.73,33.7,Ignore
"MALEGAON, MALEGAON, MAHARASHTRA",0,0.0,32.44,33.69,Ignore
CHIKHLI (ROMH),0,0.0,19.09,33.68,Ignore
JAMNAGAR,0,0.0,17.35,33.63,Ignore
CHSK,0,0.0,9.12,33.63,Ignore
EAST GODAVARI,0,0.0,15.64,33.59,Ignore
KAVURIHILLS HUB,0,0.0,2.22,33.59,Ignore
PNPN,0,0.0,22.37,33.58,Ignore
DIBRUGARH,0,0.0,27.27,33.58,Ignore
"MAA/MAD-TML, CHENNAI, TAMIL NADU",0,0.0,23.89,33.56,Ignore
INDRAPRAKASH BLDG,0,0.0,20.22,33.53,Ignore
PRGN,0,0.0,23.63,33.53,Ignore
ANGAMALLY,0,0.0,23.48,33.53,Ignore
OKHL,0,0.0,3.57,33.53,Ignore
"BICHOLIM GOA, BICHOLIM, GOA",0,0.0,27.55,33.51,Ignore
"THN/GHO, THANE, MAHARASHTRA",0,0.0,23.73,33.5,Ignore
POND,0,0.0,27.45,33.45,Ignore
RAIPUR PUD,0,0.0,28.58,33.45,Ignore
"GADCHIROLI, GADCHIROLI, MAHARASHTRA",0,0.0,27.4,33.44,Ignore
"DHAR, DHAR, MADHYA PRADESH",0,0.0,33.43,33.43,Ignore
TNAGAR SERVICE CENTRE,0,0.0,22.08,33.42,Ignore
SURATGARH,0,0.0,18.08,33.4,Ignore
"MATHURA, MATHURA, UTTAR PRADESH",0,0.0,19.8,33.39,Ignore
"DINDIGUL/EAST-TML, DINDIGUL, TAMIL NADU",0,0.0,14.02,33.35,Ignore
KUKATPALLY Y JUNCTION,0,0.0,29.1,33.32,Ignore
"DIMAPUR, DIMAPUR, NAGALAND",0,0.0,30.15,33.29,Ignore
"JANGAREDDIGUDEM, ANDHRA PRADESH, IN",0,0.0,33.29,33.29,Ignore
"CORTALIM VERNA, GOA, GOA",0,0.0,33.27,33.27,Ignore
"GANDHINAGAR, GANDHINAGAR, GUJARAT",0,0.0,32.62,33.27,Ignore
"OTTUPARA, TRICHUR, KERALA",0,0.0,33.2,33.2,Ignore
"UNJHA, UNJHA, GUJARAT",0,0.0,33.19,33.19,Ignore
KANIMANGALAM,0,0.0,24.98,33.18,Ignore
FAR COD PROCESSING CENTRE,0,0.0,13.88,33.18,Ignore
"RTO/RJT, JAIPUR, RAJASTHAN",0,0.0,21.95,33.13,Ignore
"NARAYANPUR CG, NARAYANPUR CG, CHHATTISGARH",0,0.0,24.94,33.11,Ignore
JAYANAGAR PUD,0,0.0,23.83,33.09,Ignore
"HYD/CHA, HYDERABAD, TELANGANA",0,0.0,31.88,33.03,Ignore
"DEL/SKR, NEW DELHI, DELHI",0,0.0,28.29,33.03,Ignore
MUMBAI AIRPORT WAREHOUSE,0,0.0,25.48,33.01,Ignore
BDQH,0,0.0,23.23,33.01,Ignore
"PATHSALA, BARPETA, ASSAM",0,0.0,27.3,32.98,Ignore
PILERU,0,0.0,26.22,32.95,Ignore
WARJE,0,0.0,10.44,32.94,Ignore
"TRV/KNA, TRIVANDRUM, KERALA",0,0.0,32.57,32.92,Ignore
BHADRAWATI,0,0.0,27.5,32.9,Ignore
KOTA HUB KOTA,0,0.0,4.6,32.89,Ignore
WAIDHAN,0,0.0,28.98,32.89,Ignore
"DURGAPUR, DURGAPUR, WEST BENGAL",0,0.0,32.88,32.88,Ignore
NAYA RAIPUR,0,0.0,7.97,32.87,Ignore
"LONAND, LONAND, MAHARASHTRA",0,0.0,32.86,32.86,Ignore
"SHL/NGR, SHILLONG, MEGHALAYA",0,0.0,29.88,32.83,Ignore
"MYS/CTY, MYSORE, KARNATAKA",0,0.0,32.83,32.83,Ignore
"KUSHINAGAR, KASYA, UTTAR PRADESH",0,0.0,26.21,32.82,Ignore
"NBM/NBM, NAVI MUMBAI, MAHARASHTRA",0,0.0,24.41,32.78,Ignore
SARKAGHAT,0,0.0,24.32,32.78,Ignore
"HARAPANAHALLI, HARAPANAHALLI, KARNATAKA",0,0.0,23.33,32.77,Ignore
NAVIMUMBAI ETAIL W/HOUSE,0,0.0,28.3,32.74,Ignore
"RAMTEK, RAMTEK, MAHARASHTRA",0,0.0,32.7,32.7,Ignore
HINJEWADI SERVICE CENTRE,0,0.0,25.28,32.66,Ignore
JOWAI,0,0.0,25.34,32.66,Ignore
KASARGOD,0,0.0,25.26,32.65,Ignore
WALHEKARWADI,0,0.0,23.14,32.64,Ignore
KALLAKURCHI,0,0.0,32.63,32.63,Ignore
TIRUPUR PALADAM ROAD,0,0.0,32.63,32.63,Ignore
BELAPUR,0,0.0,5.93,32.63,Ignore
VENKATAGIRI,0,0.0,32.62,32.62,Ignore
ALUWA,0,0.0,20.31,32.61,Ignore
VIGHYAN NAGAR COD CENTRE,0,0.0,25.47,32.61,Ignore
"ALIPURA, BANGALORE, KARNATAKA",0,0.0,32.61,32.61,Ignore
"BHINGAR, BHINGAR, MAHARASHTRA",0,0.0,28.03,32.58,Ignore
"VARANASI, VARANASI, UTTAR PRADESH",0,0.0,28.37,32.57,Ignore
IDRH,0,0.0,22.58,32.57,Ignore
GHANPUR REACH,0,0.0,23.89,32.56,Ignore
"NARNAUL1, NARNAUL, HARYANA",0,0.0,32.56,32.56,Ignore
BALARAMAPURAM,0,0.0,28.88,32.52,Ignore
"BOITA, BAITA BAZAR, WEST BENGAL",0,0.0,32.51,32.51,Ignore
"AMD/LH1, AHMEDABAD, GUJARAT",0,0.0,20.58,32.5,Ignore
"SOLAN, SOLAN, HIMACHAL PRADESH",0,0.0,32.49,32.49,Ignore
DEORIA,0,0.0,31.59,32.49,Ignore
PHASE3NOIDA HUB,0,0.0,32.48,32.48,Ignore
"RAJATALAB HP, RAJATALAB HP, HIMACHAL PRADESH",0,0.0,32.46,32.46,Ignore
RUDRAPUR HUB,0,0.0,7.45,32.46,Ignore
SIRICILLA,0,0.0,29.6,32.45,Ignore
"THODUPUZHA, THODUPUZHA, KERALA",0,0.0,32.44,32.44,Ignore
"KASGANJ1, KASGANJ, UTTAR PRADESH",0,0.0,19.85,32.42,Ignore
"BOM/FRT, MUMBAI, MAHARASHTRA",0,0.0,28.13,32.42,Ignore
PAKHANJUR,0,0.0,28.83,32.41,Ignore
"RAJKOT/OMN, RAJKOT, GUJARAT",0,0.0,32.41,32.41,Ignore
KAKINADA E-TAIL CENTRE,0,0.0,25.96,32.4,Ignore
GRND,0,0.0,17.62,32.4,Ignore
"BHARUCH, BHARUCH, GUJARAT",0,0.0,32.38,32.38,Ignore
MARAIMALAI NAGAR,0,0.0,13.35,32.37,Ignore
"BURDWAN1, BURDWAN, WEST BENGAL",0,0.0,29.11,32.36,Ignore
WAZIRPUR,0,0.0,13.14,32.31,Ignore
"KCP/SA-ORK, KANCHIPURAM, TAMIL NADU",0,0.0,32.3,32.3,Ignore
"BAHARAMPORE, MURSHIDABAD, WEST BENGAL",0,0.0,13.32,32.29,Ignore
"RATLAM, RATLAM, MADHYA PRADESH",0,0.0,32.29,32.29,Ignore
"NASHIK, NASHIK, MAHARASHTRA",0,0.0,19.63,32.28,Ignore
PATHANAMTHITTA,0,0.0,15.57,32.26,Ignore
"SBP/BRA-TML, SAMBALPUR, ORISSA",0,0.0,31.55,32.25,Ignore
"CHIKODI, CHIKODI, KARNATAKA",0,0.0,32.2,32.2,Ignore
MANDI NER CHOWK,0,0.0,25.03,32.19,Ignore
GURUVAYUR,0,0.0,24.55,32.19,Ignore
GREATERNOIDA HUB,0,0.0,4.61,32.17,Ignore
CTMK,0,0.0,18.54,32.13,Ignore
SECUNDRABAD,0,0.0,0.53,32.13,Ignore
PAYYOLI,0,0.0,25.1,32.13,Ignore
"KALBURAGI, KALABURAGI, KARNATAKA",0,0.0,13.94,32.12,Ignore
VADODARA,0,0.0,11.71,32.11,Ignore
"BHIMAVARAM, BHIMAVARAM, ANDHRA PRADESH",0,0.0,18.75,32.11,Ignore
"RASIPURAM, NAMAKKAL, TAMIL NADU",0,0.0,23.73,32.1,Ignore
SIDHI MASTER KIRANA KAKINADA,0,0.0,15.22,32.1,Ignore
"BARBIL, BARBIL, ORISSA",0,0.0,32.1,32.1,Ignore
"SHILLONG, SHILLONG, MEGHALAYA",0,0.0,28.48,32.1,Ignore
SILCHAR HUB,0,0.0,27.37,32.08,Ignore
DHEMAJI,0,0.0,32.08,32.08,Ignore
"ATHEHA, PRATAPGARH, UTTAR PRADESH",0,0.0,32.08,32.08,Ignore
CHANDRAPUR,0,0.0,21.53,32.07,Ignore
"AMARAVATHIPUTHUR, AMARAVATHIPUTHUR, TAMIL NADU",0,0.0,32.05,32.05,Ignore
ETAIL PANVEL WAREHOUSE,0,0.0,18.83,32.02,Ignore
TOWN ETAIL CENTRE,0,0.0,23.13,32.02,Ignore
"PONDA, PONDA GOA, GOA",0,0.0,18.65,32.01,Ignore
FAR APEX/SFC PUD,0,0.0,23.85,31.98,Ignore
NANDURBAR,0,0.0,24.09,31.96,Ignore
MIRM,0,0.0,13.5,31.95,Ignore
HARIYALA PUD,0,0.0,31.95,31.95,Ignore
MOTHERHUB_JKS GURGAON,0,0.0,15.52,31.94,Ignore
DHULE,0,0.0,22.88,31.88,Ignore
"PNQ/WKD, PUNE, MAHARASHTRA",0,0.0,27.67,31.88,Ignore
NASIK HUB,0,0.0,24.22,31.87,Ignore
"BATALA, BATALA, PUNJAB",0,0.0,27.88,31.85,Ignore
"JALNA, JALNA, MAHARASHTRA",0,0.0,31.85,31.85,Ignore
SANTOSH NAGAR,0,0.0,27.42,31.83,Ignore
GUWAHATI BELTOLA COD,0,0.0,27.6,31.83,Ignore
MUZAFFARPUR OFFICE,0,0.0,16.88,31.82,Ignore
"PNQ/BPD-TML, PUNE, MAHARASHTRA",0,0.0,31.82,31.82,Ignore
"SAGAR, SAGAR, MADHYA PRADESH",0,0.0,30.49,31.81,Ignore
VELACHERY,0,0.0,23.43,31.81,Ignore
"UDGIR MIDC, UDGIR, MAHARASHTRA",0,0.0,30.46,31.8,Ignore
"DEL/MGK, NEW DELHI, DELHI",0,0.0,22.34,31.79,Ignore
"MADHOOPUR, MADHUPUR, JHARKHAND",0,0.0,28.33,31.79,Ignore
"RAMBI BAZAR, RAMBI BAZAR, WEST BENGAL",0,0.0,31.78,31.78,Ignore
THANJAVUR,0,0.0,8.14,31.78,Ignore
RKTM,0,0.0,6.48,31.77,Ignore
"MACHIWARA, MACHIWARA, PUNJAB",0,0.0,31.74,31.74,Ignore
THIRUVERKADU SFC PUD,0,0.0,22.53,31.73,Ignore
JAMMU,0,0.0,20.93,31.73,Ignore
SARAVANAMPATTY,0,0.0,24.4,31.72,Ignore
MULUGU REACH,0,0.0,22.31,31.72,Ignore
"PNQ/DNK-TML, PUNE, MAHARASHTRA",0,0.0,31.71,31.71,Ignore
COTTON GREEN,0,0.0,7.25,31.7,Ignore
"HYD/MPT, HYDERABAD, TELANGANA",0,0.0,27.32,31.7,Ignore
KOMPALLY PUD,0,0.0,31.7,31.7,Ignore
KARTARPUR,0,0.0,24.46,31.67,Ignore
FAR SERVICE CENTRE,0,0.0,19.75,31.66,Ignore
"BRAHMAGIRI, BRAHMAGIRI, ORISSA",0,0.0,23.88,31.64,Ignore
"BALEHONNUR, BALEHONNUR, KARNATAKA",0,0.0,28.39,31.63,Ignore
"CHENGALPATTU TN, CHENGALPET, TAMIL NADU",0,0.0,30.98,31.61,Ignore
"SEVOKE ROAD, SILIGURI, WEST BENGAL",0,0.0,20.28,31.6,Ignore
"BOTAD, BOTAD, GUJARAT",0,0.0,28.32,31.59,Ignore
"AMBERI, AMBERI, ORISSA",0,0.0,31.58,31.58,Ignore
"BOKAJAN, BOKAJAN, ASSAM",0,0.0,31.58,31.58,Ignore
THAMBU CHETTY PALYA,0,0.0,20.83,31.57,Ignore
TALEGAON,0,0.0,23.26,31.55,Ignore
"CCU/GPK-TML, KOLKATA, WEST BENGAL",0,0.0,26.22,31.55,Ignore
"AMRITSAR, PUNJAB, IN",0,0.0,5.58,31.55,Ignore
LUDHIANA CITY,0,0.0,24.73,31.54,Ignore
"SANTACRUZ WEST, MUMBAI, MAHARASHTRA",0,0.0,20.8,31.52,Ignore
GAUR CITY OFFICE,0,0.0,21.23,31.52,Ignore
JAMMU OUTER AREA,0,0.0,27.73,31.51,Ignore
"BURHANPUR, BURHANPUR, MADHYA PRADESH",0,0.0,31.49,31.49,Ignore
PRAYAGRAJ,0,0.0,20.93,31.48,Ignore
"CCU/KAKURGACHI-TML, KOLKATA, WEST BENGAL",0,0.0,31.46,31.46,Ignore
"DEL/SPJ, NEW DELHI, DELHI",0,0.0,21.65,31.46,Ignore
"RANAGHAT, RANAGHAT, WEST BENGAL",0,0.0,25.57,31.45,Ignore
"HYD/NSG, HYDERABAD, TELANGANA",0,0.0,20.71,31.43,Ignore
ELASTICRUNAUNDHODH_AND,0,0.0,31.43,31.43,Ignore
"MANALUR, MANALUR, KERALA",0,0.0,26.58,31.43,Ignore
"NGP/GHR, NAGPUR, MAHARASHTRA",0,0.0,6.02,31.39,Ignore
"SAPHALE, SAPHALE, MAHARASHTRA",0,0.0,31.39,31.39,Ignore
RANAGHAT,0,0.0,26.38,31.38,Ignore
FKL_SOUKYARD,0,0.0,10.29,31.38,Ignore
MAYA,0,0.0,18.97,31.37,Ignore
BELLARY,0,0.0,13.82,31.35,Ignore
DHARM,0,0.0,31.34,31.34,Ignore
BHANDUP,0,0.0,23.71,31.33,Ignore
"MANUGURU, MANUGURU, TELANGANA",0,0.0,27.24,31.33,Ignore
MULLANA,0,0.0,27.53,31.33,Ignore
"MADURAI/SOUTH-TML, MADURAI, TAMIL NADU",0,0.0,27.44,31.32,Ignore
KURNOOL JUNCTION,0,0.0,17.95,31.32,Ignore
"NEEMUCH, NEEMUCH, MADHYA PRADESH",0,0.0,27.1,31.3,Ignore
"LAKHISARAI, LAKHISARAI, BIHAR",0,0.0,31.29,31.29,Ignore
AJMER,0,0.0,19.68,31.29,Ignore
"VALSAD, VALSAD, GUJARAT",0,0.0,31.26,31.26,Ignore
EDLC,0,0.0,22.55,31.26,Ignore
GANR,0,0.0,20.42,31.26,Ignore
NAMAKKAL,0,0.0,24.7,31.25,Ignore
CIVIL LINE SERVICE CENTRE,0,0.0,24.95,31.24,Ignore
ITANAGAR,0,0.0,26.31,31.23,Ignore
BLR ETAIL PROCESSING UNIT,0,0.0,28.13,31.22,Ignore
BANGA,0,0.0,27.81,31.22,Ignore
J P NAGAR SERVICE CENTRE,0,0.0,21.43,31.21,Ignore
"SARABHAVARAM, YELESWARAM, ANDHRA PRADESH",0,0.0,23.92,31.2,Ignore
SAFDARJUNG ETAIL,0,0.0,18.32,31.19,Ignore
INDAPUR,0,0.0,23.69,31.17,Ignore
"NELLIPUZHA, PALAKKAD, KERALA",0,0.0,31.17,31.17,Ignore
"SHAHAPUR, SHAHAPUR, KARNATAKA",0,0.0,31.15,31.15,Ignore
ROURKELA,0,0.0,16.6,31.15,Ignore
MEGHANAGAR,0,0.0,28.27,31.13,Ignore
"GOPICHETTIPALYAM, GOPICHETTIPALYAM, TAMIL NADU",0,0.0,31.12,31.12,Ignore
"BHO/RSN, BHOPAL, MADHYA PRADESH",0,0.0,23.77,31.12,Ignore
"KESHPUR, KESHPUR, ORISSA",0,0.0,31.12,31.12,Ignore
GOREGAON,0,0.0,7.25,31.1,Ignore
SURAT (STVH),0,0.0,25.97,31.08,Ignore
NARKATIAGANJ,0,0.0,31.03,31.08,Ignore
KATIHAR OFFICE,0,0.0,24.46,31.07,Ignore
"MULSHI MH, PUNE, MAHARASHTRA",0,0.0,31.06,31.06,Ignore
"AISHBAGH, LUCKNOW, UTTAR PRADESH",0,0.0,29.77,31.04,Ignore
"AMBALAVAYAL, BATHERY, KERALA",0,0.0,28.21,31.04,Ignore
ULSOOR,0,0.0,18.4,31.03,Ignore
"PATRAN, PATRAN, PUNJAB",0,0.0,31.01,31.01,Ignore
"AZAMPUR, AZAMGARH, UTTAR PRADESH",0,0.0,31.01,31.01,Ignore
PARWADA,0,0.0,24.79,31.01,Ignore
SULTANPUR LODHI,0,0.0,27.93,30.99,Ignore
"HALDWANI, HALDWANI, UTTARAKHAND",0,0.0,23.73,30.99,Ignore
MOKAMA,0,0.0,30.97,30.97,Ignore
ASANSOL,0,0.0,17.2,30.96,Ignore
BAREILY CHOKI CHORAHA,0,0.0,24.3,30.96,Ignore
EDAPPAL,0,0.0,25.53,30.95,Ignore
JAMUI OFFICE,0,0.0,30.95,30.95,Ignore
"ERNAKULAM, KERALA, IN",0,0.0,19.42,30.95,Ignore
VASAI APEX/SFC PUD,0,0.0,30.0,30.95,Ignore
SHILLONG OFFICE,0,0.0,26.22,30.94,Ignore
GUWAHATI HUB,0,0.0,18.83,30.94,Ignore
"BANKI, BANKI, ORISSA",0,0.0,30.94,30.94,Ignore
MAHALAKSHMI PURAM ETAIL,0,0.0,22.19,30.94,Ignore
IXB,0,0.0,30.51,30.92,Ignore
AHMEDNAGAR,0,0.0,20.47,30.92,Ignore
PANCHAVATI ETAIL,0,0.0,23.67,30.92,Ignore
KRISHNAGIRI,0,0.0,23.33,30.9,Ignore
ADR BRANCH ETAIL,0,0.0,21.7,30.9,Ignore
"KAURIRAM, KAURIRAM, UTTAR PRADESH",0,0.0,26.68,30.9,Ignore
"KER-SA-CHALAD, KANNUR, KERALA",0,0.0,28.69,30.9,Ignore
GEETA KIRANA SHOP NEW DELHI,0,0.0,14.41,30.87,Ignore
"PNQ/SGR, PUNE, MAHARASHTRA",0,0.0,13.44,30.87,Ignore
BADDI,0,0.0,19.72,30.85,Ignore
CABTBERHAMPURODH_BMP BERHAMPUR,0,0.0,17.4,30.85,Ignore
MANGADU,0,0.0,22.27,30.85,Ignore
"AGACAIM VERNA, GOA, GOA",0,0.0,30.84,30.84,Ignore
"WADSA1, WADSA, MAHARASHTRA",0,0.0,28.74,30.83,Ignore
MADHAVARAM APEX SFC PUD,0,0.0,14.82,30.82,Ignore
LUCKNOW SITAPUR ROAD,0,0.0,23.73,30.8,Ignore
HADAPSAR SERVICE CENTRE,0,0.0,8.93,30.77,Ignore
"EDAPPAL, EDAPPAL, KERALA",0,0.0,30.76,30.76,Ignore
PNYX,0,0.0,6.51,30.72,Ignore
"BLR/WHT-EHV, BANGALORE, KARNATAKA",0,0.0,25.28,30.7,Ignore
VEDARANYAM,0,0.0,30.7,30.7,Ignore
HSRL,0,0.0,6.94,30.7,Ignore
RAIPUR E-TAIL,0,0.0,26.8,30.7,Ignore
NOIDA-ETAIL DELIVERY/RTO,0,0.0,17.66,30.7,Ignore
DDB BRANCH OFFICE,0,0.0,26.85,30.7,Ignore
KANPUR AREA OFFICE,0,0.0,8.4,30.69,Ignore
JODHPUR TRANSIT HUB,0,0.0,28.38,30.67,Ignore
"KOSLI, KOSLI, HARYANA",0,0.0,30.64,30.64,Ignore
"HISSAR, HISSAR, HARYANA",0,0.0,20.77,30.64,Ignore
ELE APEX/SFC PUD,0,0.0,25.13,30.64,Ignore
"UDAIPUR, UDAIPUR, RAJASTHAN",0,0.0,21.29,30.63,Ignore
MANANTHAVADY,0,0.0,24.91,30.63,Ignore
PALAKODU,0,0.0,30.62,30.62,Ignore
"MANDAR, MANDAR, JHARKHAND",0,0.0,30.61,30.61,Ignore
"DARGAH SAIDA KADAL, DARGAH, JAMMU AND KASHMIR",0,0.0,30.6,30.6,Ignore
"KHARAR, KHARAR, PUNJAB",0,0.0,23.19,30.59,Ignore
MEERUT HUB,0,0.0,7.55,30.59,Ignore
BHOSARI HUB,0,0.0,30.58,30.58,Ignore
RUDAYAGIRI,0,0.0,30.57,30.57,Ignore
PANIPAT ETAIL CENTRE,0,0.0,20.48,30.57,Ignore
JALANDHAR SERVICE CENTRE,0,0.0,24.95,30.57,Ignore
"MAA/TMB-TML, CHENNAI, TAMIL NADU",0,0.0,30.56,30.56,Ignore
"ASHTAMH, ASHTA MH, MAHARASHTRA",0,0.0,30.54,30.54,Ignore
"MANESAR1, DELHI NCR, DELHI",0,0.0,25.88,30.54,Ignore
MAHARAJGANJ,0,0.0,23.65,30.54,Ignore
"AMD/THL, AHMEDABAD, GUJARAT",0,0.0,20.6,30.53,Ignore
CHROMPET,0,0.0,19.48,30.52,Ignore
NITIN SWEETS SHOP NEW DELHI,0,0.0,30.52,30.52,Ignore
"AMBEGAON, PUNE, MAHARASHTRA",0,0.0,28.82,30.52,Ignore
PATIALA,0,0.0,18.59,30.51,Ignore
"BLR/APT, BANGALORE, KARNATAKA",0,0.0,25.92,30.5,Ignore
"NASARAPUR MH, NASRAPUR MH, MAHARASHTRA",0,0.0,30.49,30.49,Ignore
UDALA OFFICE,0,0.0,25.04,30.49,Ignore
"VEETA, VEETA, MAHARASHTRA",0,0.0,26.38,30.49,Ignore
"SAIDAPURA SATARA, SAIDAPURA SATARA, MAHARASHTRA",0,0.0,6.79,30.49,Ignore
ULOOR SERVICE CENTRE,0,0.0,27.4,30.47,Ignore
"MAA/TPM-TML, CHENNAI, TAMIL NADU",0,0.0,21.91,30.47,Ignore
"CUTTACK, CUTTACK, ORISSA",0,0.0,30.46,30.46,Ignore
"BORKHEDA, KOTA, RAJASTHAN",0,0.0,24.81,30.46,Ignore
"KAPURTHALA, KAPURTHALA, PUNJAB",0,0.0,24.64,30.45,Ignore
"MLR/MGN-TML, MANGALORE, KARNATAKA",0,0.0,29.3,30.45,Ignore
"SILCHAR, SILCHAR, ASSAM",0,0.0,30.44,30.44,Ignore
JAUNPUR,0,0.0,24.82,30.44,Ignore
SHIMOGA,0,0.0,23.43,30.44,Ignore
MUNDRA,0,0.0,24.19,30.43,Ignore
THALAYOLAPARAMBU,0,0.0,9.43,30.42,Ignore
SAGARHUB_SGR,0,0.0,30.41,30.41,Ignore
KHARGONE,0,0.0,24.65,30.4,Ignore
"ARN/SA-CPT, TIRUVANNAMALAI, TAMIL NADU",0,0.0,30.4,30.4,Ignore
BHUJ EXPANSION,0,0.0,23.87,30.39,Ignore
"BALOTRA, BALOTRA, RAJASTHAN",0,0.0,29.37,30.39,Ignore
"KARKALA, KARKALA, KARNATAKA",0,0.0,30.38,30.38,Ignore
CJBH,0,0.0,27.31,30.36,Ignore
CELEBRATIONMALLODH_ATQ AMRITSAR,0,0.0,4.76,30.36,Ignore
"RAIPUR RANI, AMBALA, HARYANA",0,0.0,30.35,30.35,Ignore
KARAIKAL,0,0.0,13.63,30.34,Ignore
DEHRADUN SHIMLA BYPASS,0,0.0,23.75,30.33,Ignore
"NAGARAM, HYDERABAD, TELANGANA",0,0.0,30.19,30.33,Ignore
NAJAFGARH E-TAIL CENTER,0,0.0,12.0,30.32,Ignore
ALIGARH,0,0.0,22.07,30.32,Ignore
CHEMBUR,0,0.0,5.84,30.31,Ignore
MIYAPURHUB_HYD,0,0.0,0.94,30.31,Ignore
"CHATARPUR, CHATARPUR, MADHYA PRADESH",0,0.0,23.93,30.31,Ignore
SANTACRUZ,0,0.0,11.28,30.31,Ignore
"DADRI, DELHI NCR, DELHI",0,0.0,17.89,30.31,Ignore
GONDA,0,0.0,24.37,30.29,Ignore
"BHAGALPUR, BHAGALPUR, BIHAR",0,0.0,13.66,30.29,Ignore
"BLR/KMP-EHV, BANGALORE, KARNATAKA",0,0.0,21.66,30.28,Ignore
PMC WAREHOUSE,0,0.0,23.13,30.26,Ignore
SOLAN,0,0.0,22.28,30.25,Ignore
KOPPA TOWN,0,0.0,18.11,30.25,Ignore
"GANGAVATHI2, GANGAVATHI, KARNATAKA",0,0.0,27.28,30.24,Ignore
AMBALLUR - ABL,0,0.0,30.22,30.22,Ignore
"BONGAIGAON, BONGAIGAON, ASSAM",0,0.0,11.61,30.22,Ignore
TIRUVALLUR REACH,0,0.0,27.73,30.21,Ignore
SEONI,0,0.0,28.13,30.21,Ignore
MANIPAL,0,0.0,16.79,30.2,Ignore
PALAMANER,0,0.0,17.29,30.2,Ignore
"MOHAMMAD BAZAR, MOHAMMAD BAZAR, WEST BENGAL",0,0.0,30.19,30.19,Ignore
MAHBUB NAGAR,0,0.0,18.42,30.18,Ignore
CHANDIGARH ETAIL DELIVERY,0,0.0,24.08,30.18,Ignore
PATNA ETAIL PUD,0,0.0,23.44,30.18,Ignore
KUTHUPARAMBA,0,0.0,19.63,30.18,Ignore
"CHIPLUN1, CHIPLUN, MAHARASHTRA",0,0.0,30.17,30.17,Ignore
"DHARANGATHRA, DHARANGATHRA, GUJARAT",0,0.0,30.14,30.14,Ignore
INDORE HUB (IDRW),0,0.0,20.44,30.14,Ignore
KLLM,0,0.0,2.25,30.12,Ignore
PRODDATHUR,0,0.0,26.73,30.12,Ignore
"JAMTARA1, JAMTARA, JHARKHAND",0,0.0,23.91,30.11,Ignore
"LUD/EHV, LUDHIANA, PUNJAB",0,0.0,23.96,30.1,Ignore
JOGBANI OFFICE,0,0.0,27.67,30.1,Ignore
"BOM/CHB, MUMBAI, MAHARASHTRA",0,0.0,11.06,30.09,Ignore
MANDI ADAMPUR,0,0.0,17.08,30.08,Ignore
HABSIGUDA E-TAIL CENTRE,0,0.0,24.15,30.07,Ignore
LATUR,0,0.0,17.87,30.06,Ignore
JAIPUR KANOTA,0,0.0,26.88,30.05,Ignore
PANCHKULA,0,0.0,17.77,30.05,Ignore
"CHANAPORA, SRINAGAR, JAMMU AND KASHMIR",0,0.0,27.1,30.04,Ignore
ODHAV,0,0.0,25.45,30.02,Ignore
"BETUL, BETUL, MADHYA PRADESH",0,0.0,30.02,30.02,Ignore
"VAISHALINAGAR, JAIPUR, RAJASTHAN",0,0.0,21.54,30.01,Ignore
KHED CITY,0,0.0,24.03,30.01,Ignore
PERAMBALUR,0,0.0,26.98,30.01,Ignore
"BHATAPURA, BHATAPURA, CHHATTISGARH",0,0.0,24.51,30.0,Ignore
LESLIGANJ,0,0.0,30.0,30.0,Ignore
GUINDY,0,0.0,23.28,29.99,Ignore
DABRA,0,0.0,21.63,29.99,Ignore
KOZHIKODE,0,0.0,11.36,29.98,Ignore
DWARAHAT,0,0.0,29.97,29.97,Ignore
NANPURA SERVICE CENTRE,0,0.0,25.8,29.95,Ignore
TALCHER,0,0.0,24.38,29.94,Ignore
VAISHALI,0,0.0,19.66,29.94,Ignore
SAYAJIGUNJ SERVICE CENTRE,0,0.0,25.38,29.92,Ignore
FATEHGARH,0,0.0,23.83,29.91,Ignore
VITA,0,0.0,15.2,29.9,Ignore
"ROHRU, ROHRU, HIMACHAL PRADESH",0,0.0,28.25,29.9,Ignore
"NAGPUR, MAHARASHTRA, IN",0,0.0,17.15,29.9,Ignore
"BATTISSHIRALA, BATTISSHIRALA, MAHARASHTRA",0,0.0,29.9,29.9,Ignore
"KURAI, KURAI, MADHYA PRADESH",0,0.0,25.82,29.88,Ignore
ELECTRONIC CITY COUNTER,0,0.0,20.77,29.87,Ignore
MALDA OFFICE,0,0.0,29.87,29.87,Ignore
RISHIKESH,0,0.0,25.73,29.87,Ignore
"VYARA, VYARA GUJ, GUJARAT",0,0.0,29.68,29.85,Ignore
BIRSRA,0,0.0,29.84,29.84,Ignore
"THANJAVUR, THANJAVUR, TAMIL NADU",0,0.0,29.84,29.84,Ignore
"BIHARSHARIF, BIHARSHARIF, BIHAR",0,0.0,11.48,29.82,Ignore
"MAA/VEL-TML, CHENNAI, TAMIL NADU",0,0.0,22.11,29.81,Ignore
"JADCHERLA, JADCHERLA, TELANGANA",0,0.0,29.81,29.81,Ignore
"RAYACHOTY, RAYACHOTY, ANDHRA PRADESH",0,0.0,29.8,29.8,Ignore
THALTEJ ETAIL OFFICE,0,0.0,21.9,29.8,Ignore
GAJWEL REACH,0,0.0,25.8,29.79,Ignore
"PILKHUWA, UTTAR PRADESH, IN",0,0.0,24.37,29.79,Ignore
GKP WALKIN & COD CENTRE,0,0.0,21.43,29.78,Ignore
KUNDLI,0,0.0,25.71,29.77,Ignore
PIMPRI AND CHINCHWAD,0,0.0,23.55,29.77,Ignore
BEAS,0,0.0,20.92,29.76,Ignore
"BIJAPUR CG, BIJAPUR CG, CHHATTISGARH",0,0.0,28.3,29.75,Ignore
"ATQ/CHT, AMRITSAR, PUNJAB",0,0.0,23.58,29.74,Ignore
VARACHHA ETAIL INBOUND,0,0.0,26.5,29.73,Ignore
SJEX,0,0.0,17.1,29.73,Ignore
PALGHAT,0,0.0,11.88,29.73,Ignore
SHRI KRISHNA EXPRESS GURGAON,0,0.0,29.72,29.72,Ignore
KARAIKUDI,0,0.0,27.43,29.71,Ignore
FARRUKHABAD OFFICE,0,0.0,23.87,29.71,Ignore
"KANNAMANGALAM ALAPPUZHA DISTRICT, KERALA, IN",0,0.0,21.52,29.71,Ignore
LUMDING,0,0.0,23.87,29.7,Ignore
UDALGURI,0,0.0,29.7,29.7,Ignore
"BLR/WHF-TML, BANGALORE, KARNATAKA",0,0.0,29.69,29.69,Ignore
"HYD/NZP, HYDERABAD, TELANGANA",0,0.0,29.69,29.69,Ignore
BUTC,0,0.0,1.15,29.67,Ignore
"BOM/BDP, MUMBAI, MAHARASHTRA",0,0.0,9.74,29.65,Ignore
MANDI DABWALI,0,0.0,28.57,29.65,Ignore
JORHAT,0,0.0,20.17,29.65,Ignore
"HAJIPURTOWN, HAJIPUR TOWN, BIHAR",0,0.0,7.47,29.64,Ignore
SUMAN STORE NEW DELHI,0,0.0,29.52,29.63,Ignore
CPLC,0,0.0,19.47,29.62,Ignore
"GOVINDPUR, GOVINDPUR, JHARKHAND",0,0.0,27.64,29.62,Ignore
CHANDKHEDA ETAIL CENTRE,0,0.0,22.72,29.61,Ignore
NAROL ETAIL CENTRE,0,0.0,24.7,29.61,Ignore
"BHO/KLR, BHOPAL, MADHYA PRADESH",0,0.0,21.5,29.61,Ignore
"SANGRUR1, SANGRUR, PUNJAB",0,0.0,28.69,29.6,Ignore
"BINA, BINA, MADHYA PRADESH",0,0.0,29.58,29.58,Ignore
GZBD,0,0.0,18.26,29.58,Ignore
PILIBHIT,0,0.0,27.13,29.58,Ignore
"SAONER, SAONER, MAHARASHTRA",0,0.0,15.11,29.58,Ignore
"BHAWANIMANDI, RAMGANJ MANDI, RAJASTHAN",0,0.0,29.56,29.56,Ignore
AMRAVATI,0,0.0,15.45,29.55,Ignore
TAMLUK,0,0.0,29.55,29.55,Ignore
"SONEPUR, SONEPUR, ORISSA",0,0.0,29.05,29.54,Ignore
"BARMER, BARMER, RAJASTHAN",0,0.0,29.53,29.53,Ignore
VRNS,0,0.0,22.07,29.53,Ignore
"KANNANALLOOR, MUKATHALA, KERALA",0,0.0,29.51,29.51,Ignore
"BOM/VIKHROLI-TML, MUMBAI, MAHARASHTRA",0,0.0,29.51,29.51,Ignore
MADINAGUDA E-TAIL CENTRE,0,0.0,24.82,29.47,Ignore
"DURG, DURG, CHHATTISGARH",0,0.0,29.34,29.46,Ignore
"BOM/KND, MUMBAI, MAHARASHTRA",0,0.0,20.33,29.46,Ignore
"BASSI RJ, BASSI RJ, RAJASTHAN",0,0.0,13.21,29.46,Ignore
SARJAPUR ROAD,0,0.0,20.83,29.45,Ignore
"MAINPURI, MAINPURI, UTTAR PRADESH",0,0.0,25.63,29.44,Ignore
THIRUVALLA,0,0.0,16.0,29.44,Ignore
THIRUVALLUR,0,0.0,22.81,29.44,Ignore
"HANSKHALI, HANSKHALI, WEST BENGAL",0,0.0,29.42,29.42,Ignore
"MOHOL, MOHOL, MAHARASHTRA",0,0.0,29.41,29.41,Ignore
ARRAH,0,0.0,22.28,29.41,Ignore
"KAVALI, KAVALI, ANDHRA PRADESH",0,0.0,29.41,29.41,Ignore
MUZAFFARNAGAR,0,0.0,25.93,29.39,Ignore
JATNI,0,0.0,27.27,29.39,Ignore
PARIMAL GARDEN E-TAIL,0,0.0,20.9,29.38,Ignore
"AMB, AMB, HIMACHAL PRADESH",0,0.0,29.38,29.38,Ignore
"MANALI, HIMACHAL PRADESH, IN",0,0.0,29.38,29.38,Ignore
KHADKI DELIVERY CENTER,0,0.0,23.52,29.37,Ignore
RPUR,0,0.0,25.7,29.35,Ignore
JAWHAR,0,0.0,29.33,29.33,Ignore
"PNQ/MGR, PUNE, MAHARASHTRA",0,0.0,14.85,29.31,Ignore
"BLR/BRY-TML, BANGALORE, KARNATAKA",0,0.0,22.93,29.31,Ignore
"PURI1, PURI, ORISSA",0,0.0,21.95,29.31,Ignore
GURU TRADING COMPANY SANGRUR,0,0.0,23.69,29.3,Ignore
"PARASIYA, PARASIYA, MADHYA PRADESH",0,0.0,28.13,29.3,Ignore
"IGATPURI, MAHARASHTRA, IN",0,0.0,26.64,29.3,Ignore
NALBARI OFFICE,0,0.0,29.3,29.3,Ignore
"MORAN, MORAN, ASSAM",0,0.0,29.29,29.29,Ignore
INTERNATIONAL TECH PARK,0,0.0,6.95,29.28,Ignore
"NBM/KHA, NAVI MUMBAI, MAHARASHTRA",0,0.0,22.3,29.28,Ignore
JALGAON,0,0.0,20.68,29.28,Ignore
GADARPUR,0,0.0,28.14,29.28,Ignore
"JAIPUR CITY, JAIPUR, RAJASTHAN",0,0.0,22.07,29.27,Ignore
POLR,0,0.0,26.67,29.27,Ignore
"GANDHIDHAM, GANDHIDHAM, GUJARAT",0,0.0,10.09,29.27,Ignore
FATEHABAD,0,0.0,16.88,29.25,Ignore
MEERUT EXPANSION,0,0.0,23.98,29.25,Ignore
LUDI,0,0.0,23.41,29.24,Ignore
JAIPUR MALVIYA NAGAR,0,0.0,11.75,29.23,Ignore
MOKAMA OFFICE,0,0.0,29.23,29.23,Ignore
TRPH,0,0.0,20.46,29.23,Ignore
AURANGABAD,0,0.0,16.86,29.23,Ignore
"RTO/MIR, MUMBAI, MAHARASHTRA",0,0.0,7.98,29.22,Ignore
BHAWANIPATNA,0,0.0,11.7,29.22,Ignore
"SURAT, GUJARAT, IN",0,0.0,5.76,29.21,Ignore
SIBSAGAR,0,0.0,17.52,29.21,Ignore
"ADAMPUR1, ADAMPUR, PUNJAB",0,0.0,29.21,29.21,Ignore
"CHUMUKEDIMA, CHUMUKIDIMA, NAGALAND",0,0.0,29.21,29.21,Ignore
MORENA,0,0.0,18.69,29.21,Ignore
"AGR/TJN1, AGRA, UTTAR PRADESH",0,0.0,28.84,29.2,Ignore
ELASTICRUNVISHRANTWADISPLITODH_PUNE,0,0.0,29.2,29.2,Ignore
AGARTALA ETAIL PDA,0,0.0,20.63,29.18,Ignore
"MAHILPUR, MAHALPUR, PUNJAB",0,0.0,29.18,29.18,Ignore
"KASARGODE, KASARGODE, KERALA",0,0.0,24.11,29.18,Ignore
BASHEERBAGH E-TAIL CENTRE,0,0.0,21.48,29.18,Ignore
KHURDA,0,0.0,21.6,29.18,Ignore
"CJB/WEST-TML, COIMBATORE, TAMIL NADU",0,0.0,29.17,29.17,Ignore
LCKT,0,0.0,18.21,29.15,Ignore
TIRUVANNAMALAI,0,0.0,19.82,29.15,Ignore
NEW BOMBAY,0,0.0,17.08,29.12,Ignore
SITAMARHI OFFICE,0,0.0,21.55,29.12,Ignore
"EKANGAR SARAI, HILSA, BIHAR",0,0.0,29.12,29.12,Ignore
"MUDALGI, MUDALGI, KARNATAKA",0,0.0,29.11,29.11,Ignore
TARANTARAN,0,0.0,19.53,29.1,Ignore
MUDHOL,0,0.0,29.1,29.1,Ignore
BHPL,0,0.0,24.43,29.09,Ignore
PAOTA,0,0.0,29.09,29.09,Ignore
"DUDHNOI, DUDHNOI, ASSAM",0,0.0,29.09,29.09,Ignore
BURHANPUR,0,0.0,27.35,29.09,Ignore
HSR LAYOUT (HSRL),0,0.0,29.09,29.09,Ignore
RUDRAPUR,0,0.0,22.89,29.08,Ignore
LAST MILE MANESAR,0,0.0,23.58,29.08,Ignore
MEHSANA,0,0.0,7.23,29.08,Ignore
KALAHANDI,0,0.0,29.06,29.06,Ignore
"CCU/SANTOSHPUR-TML, KOLKATA, WEST BENGAL",0,0.0,29.05,29.05,Ignore
SECUNDERABAD,0,0.0,25.75,29.05,Ignore
OKHLA E-TAIL DELIVERY EXT,0,0.0,20.88,29.04,Ignore
SHYAMNAGAR BDEL,0,0.0,23.38,29.04,Ignore
MANDSAUR,0,0.0,23.88,29.04,Ignore
"SOLAPUR, SOLAPUR, MAHARASHTRA",0,0.0,23.44,29.04,Ignore
ETAWAH,0,0.0,27.4,29.04,Ignore
VINAY STORE NEW DELHI,0,0.0,29.03,29.03,Ignore
NEHRU PLACE,0,0.0,6.82,29.03,Ignore
PALLIKARNAI,0,0.0,22.88,29.02,Ignore
"KHERALU, VADNAGAR, GUJARAT",0,0.0,21.12,29.02,Ignore
"KALPETTA, KALPETTA, KERALA",0,0.0,29.02,29.02,Ignore
BIDAR,0,0.0,23.05,29.02,Ignore
GAYA OFFICE,0,0.0,24.07,29.02,Ignore
JALORE,0,0.0,18.02,29.02,Ignore
GOLAGHAT OFFICE,0,0.0,24.4,29.01,Ignore
NELAMANGALA,0,0.0,7.14,29.01,Ignore
"KALIMPONG, KALIMPONG, WEST BENGAL",0,0.0,22.44,29.0,Ignore
ITARSI,0,0.0,22.6,29.0,Ignore
"MANIPAL, KARNATAKA, IN",0,0.0,22.86,29.0,Ignore
"MERCES, MERCES, GOA",0,0.0,24.68,28.98,Ignore
"AMD/NRP, AHMEDABAD, GUJARAT",0,0.0,23.24,28.98,Ignore
"DEL/PTN, NEW DELHI, DELHI",0,0.0,26.3,28.97,Ignore
BARBIL OFFICE,0,0.0,26.93,28.97,Ignore
LAKHISARAI,0,0.0,27.25,28.97,Ignore
RAKHIAL PUD,0,0.0,28.97,28.97,Ignore
"RPR/BHN, RAIPUR, CHHATTISGARH",0,0.0,28.56,28.96,Ignore
MADINAGUDA,0,0.0,25.82,28.96,Ignore
MADANAPALLEE,0,0.0,14.46,28.96,Ignore
"DHOLAI, DHOLAI, ASSAM",0,0.0,28.95,28.95,Ignore
VAPI,0,0.0,22.92,28.95,Ignore
"JAMBUSAR, JAMBUSAR, GUJARAT",0,0.0,23.32,28.95,Ignore
"SXR/HDP, SRINAGAR, JAMMU AND KASHMIR",0,0.0,28.31,28.95,Ignore
AMRAVATI HUB,0,0.0,27.33,28.94,Ignore
DESAI,0,0.0,28.33,28.94,Ignore
ANUGUL,0,0.0,26.08,28.94,Ignore
"SANKAGIRI, SANKAGIRI, TAMIL NADU",0,0.0,28.92,28.92,Ignore
BHANDARAHUB_BHR,0,0.0,28.92,28.92,Ignore
PATTUKKOTTAI,0,0.0,20.36,28.91,Ignore
TUPTNI VASTI - HADAPSAR,0,0.0,26.0,28.89,Ignore
AMBALA,0,0.0,20.42,28.88,Ignore
ABHAYAPURI,0,0.0,28.88,28.88,Ignore
MAYURBHANJ,0,0.0,28.88,28.88,Ignore
KOTKHAI,0,0.0,28.86,28.86,Ignore
AUND,0,0.0,23.72,28.86,Ignore
"KURNOOL, KURNOOL, ANDHRA PRADESH",0,0.0,24.71,28.86,Ignore
"NIRJULI, NAHARLAGUN, ARUNACHAL PRADESH",0,0.0,28.86,28.86,Ignore
RMRN,0,0.0,4.74,28.85,Ignore
"RTO/MLD, MUMBAI, MAHARASHTRA",0,0.0,7.93,28.84,Ignore
"ALLAPEY, ALLAPEY, KERALA",0,0.0,28.83,28.83,Ignore
TRICHY KK NAGAR,0,0.0,28.82,28.82,Ignore
"OBRA, OBRA, UTTAR PRADESH",0,0.0,28.81,28.81,Ignore
BLR APX/SFC PUD CENTRE,0,0.0,16.38,28.8,Ignore
"PAVAGADA, PAVAGADA, KARNATAKA",0,0.0,28.8,28.8,Ignore
SINHAGAD,0,0.0,22.58,28.8,Ignore
AREEKODE,0,0.0,20.02,28.79,Ignore
"GUWAHATI, ASSAM, IN",0,0.0,17.08,28.79,Ignore
"MLR/SKT, MANGALORE, KARNATAKA",0,0.0,28.78,28.78,Ignore
"KOLHAPUR, KOLHAPUR, MAHARASHTRA",0,0.0,22.07,28.78,Ignore
NAINI,0,0.0,25.93,28.77,Ignore
"SRINAGARGARHWAL, SRINAGAR GARHWAL, UTTARAKHAND",0,0.0,25.95,28.75,Ignore
ALLEPPEY,0,0.0,7.16,28.75,Ignore
"MAA/SDP-TML, CHENNAI, TAMIL NADU",0,0.0,22.29,28.74,Ignore
KOTA EXPANSION,0,0.0,24.19,28.74,Ignore
"KUSHALNAGAR, KUSHALNAGAR, KARNATAKA",0,0.0,28.73,28.73,Ignore
SURENDRANAGAR,0,0.0,9.91,28.73,Ignore
SHOLINGANALLUR,0,0.0,24.83,28.72,Ignore
VIDYANAGAR,0,0.0,20.1,28.72,Ignore
PANDHARKAWDA,0,0.0,12.09,28.72,Ignore
"SHEGAON MH, SHEGAON MH, MAHARASHTRA",0,0.0,28.71,28.71,Ignore
GORAKHPUR,0,0.0,21.5,28.71,Ignore
THIRUVARUR,0,0.0,27.76,28.71,Ignore
"CHAGALLU, NIDADAVOLE, ANDHRA PRADESH",0,0.0,28.7,28.7,Ignore
PALAMANER REACH,0,0.0,24.84,28.7,Ignore
KURUKSHETRA,0,0.0,19.3,28.7,Ignore
CHAPARHUB_CHP DHUBRI,0,0.0,28.7,28.7,Ignore
"CHUNAWADH, CHUNAWADH, RAJASTHAN",0,0.0,28.69,28.69,Ignore
"PRANTIJ, PRANTIJ, GUJARAT",0,0.0,28.68,28.68,Ignore
GHAZIABAD GT RD EXPANSION,0,0.0,25.34,28.67,Ignore
SHAHPUR,0,0.0,19.45,28.66,Ignore
"JMD/SNR, JAMSHEDPUR, JHARKHAND",0,0.0,21.3,28.65,Ignore
"BUDBUDA, BUDBUDA, MADHYA PRADESH",0,0.0,9.63,28.65,Ignore
"THN/KLW-TML, THANE, MAHARASHTRA",0,0.0,28.65,28.65,Ignore
JAIPUR MANSAROVAR,0,0.0,21.55,28.64,Ignore
"PUTTUR, PUTTUR, ANDHRA PRADESH",0,0.0,28.63,28.63,Ignore
"AGROHA, AGROHA, HARYANA",0,0.0,9.46,28.63,Ignore
HARDA,0,0.0,20.65,28.63,Ignore
BAHRAICH,0,0.0,20.55,28.62,Ignore
"AZG/SIDHARI, AZAMGARH, UTTAR PRADESH",0,0.0,28.61,28.61,Ignore
SALS,0,0.0,9.91,28.61,Ignore
BILASPUR,0,0.0,23.03,28.61,Ignore
MALUMICHAMPATTI,0,0.0,22.58,28.61,Ignore
JODHPUR WAREHOUSE,0,0.0,22.75,28.59,Ignore
TEZPUR,0,0.0,14.51,28.59,Ignore
HAZIRA,0,0.0,24.51,28.59,Ignore
PAYYANUR,0,0.0,24.2,28.59,Ignore
"MOODUBELLE1, MOODUBELLE, KARNATAKA",0,0.0,28.59,28.59,Ignore
COONOOR,0,0.0,28.58,28.58,Ignore
MOOZHIKKAL,0,0.0,24.63,28.57,Ignore
SOUKYA ROAD,0,0.0,24.23,28.57,Ignore
RAMPUR,0,0.0,28.57,28.57,Ignore
MANGALORE,0,0.0,21.01,28.56,Ignore
CHEVELLA REACH,0,0.0,23.84,28.54,Ignore
"ANKALI, ANKALI, KARNATAKA",0,0.0,27.85,28.53,Ignore
MATHURA OFFICE,0,0.0,25.87,28.52,Ignore
"BLR/HSR-TML, BANGALORE, KARNATAKA",0,0.0,24.92,28.51,Ignore
LINK ROAD E-TAIL,0,0.0,21.83,28.51,Ignore
"SUJANGARH, SUJANGARH, RAJASTHAN",0,0.0,28.51,28.51,Ignore
"PARAVUR, PARAVUR, KERALA",0,0.0,28.5,28.5,Ignore
BHATINDA SERVICE CENTRE,0,0.0,24.08,28.5,Ignore
"DABHARA, DABHARA, CHHATTISGARH",0,0.0,28.5,28.5,Ignore
"BARHI, BARHI, MADHYA PRADESH",0,0.0,23.25,28.5,Ignore
AVINASHI ROAD,0,0.0,26.03,28.5,Ignore
MAAH,0,0.0,10.0,28.49,Ignore
"JASHIPUR, JASHIPUR, ORISSA",0,0.0,16.22,28.49,Ignore
SAKET E-TAIL DELIVERY,0,0.0,21.08,28.48,Ignore
"DEL/MVR, DELHI NCR, DELHI",0,0.0,21.01,28.47,Ignore
"RKT/HUB, RAJKOT, GUJARAT",0,0.0,9.64,28.47,Ignore
BELDA,0,0.0,17.23,28.46,Ignore
"HYD/SNK, HYDERABAD, TELANGANA",0,0.0,20.45,28.46,Ignore
JHANSI,0,0.0,24.3,28.45,Ignore
PHALTAN,0,0.0,26.48,28.44,Ignore
"QUILANDY, KERALA, IN",0,0.0,28.43,28.43,Ignore
LANJA,0,0.0,27.12,28.4,Ignore
DEBAGARH OFFICE,0,0.0,24.5,28.39,Ignore
SIKAR,0,0.0,22.87,28.39,Ignore
"DEHRADUN, DEHRADUN, UTTARAKHAND",0,0.0,21.23,28.39,Ignore
GOA (GOIH),0,0.0,28.39,28.39,Ignore
VIJAYPUR,0,0.0,21.8,28.39,Ignore
"PUNALUR, PUNALUR, KERALA",0,0.0,28.38,28.38,Ignore
PIMPRI HUB PUNE,0,0.0,5.76,28.38,Ignore
BHILWARA,0,0.0,21.6,28.38,Ignore
LAXMANGARH,0,0.0,28.37,28.37,Ignore
"BHO/BHO, BHOPAL, MADHYA PRADESH",0,0.0,20.98,28.37,Ignore
GURDASPUR,0,0.0,22.43,28.36,Ignore
"PAT/CNT, PATNA, BIHAR",0,0.0,26.24,28.36,Ignore
SUNNI,0,0.0,23.34,28.36,Ignore
JMDE,0,0.0,23.11,28.36,Ignore
RAJAHMAHENDRAVARAM,0,0.0,23.88,28.36,Ignore
BALANGIR,0,0.0,28.34,28.34,Ignore
KARIMGANJ,0,0.0,27.59,28.32,Ignore
"AKLERA, AKLERA, RAJASTHAN",0,0.0,23.83,28.32,Ignore
"MAA/MDP-TML, CHENNAI, TAMIL NADU",0,0.0,24.14,28.31,Ignore
"ATHAGARH, ATHAGARH, ORISSA",0,0.0,28.31,28.31,Ignore
JODHPUR HUB JODHPUR,0,0.0,5.4,28.31,Ignore
DEHRI,0,0.0,28.3,28.3,Ignore
KANNUR,0,0.0,18.32,28.3,Ignore
KOLHAPUR,0,0.0,15.27,28.3,Ignore
EXTN OF WEST DEL W/H,0,0.0,21.17,28.29,Ignore
"BILASPUR HP, BILASPUR HP, HIMACHAL PRADESH",0,0.0,21.63,28.29,Ignore
PATNA ANISABAD PUD,0,0.0,6.52,28.28,Ignore
"TIRUPUR NORTH, TIRUPUR, TAMIL NADU",0,0.0,28.27,28.27,Ignore
RHNI,0,0.0,17.01,28.27,Ignore
KANPUR EXPANSION,0,0.0,28.27,28.27,Ignore
"BURHANPUR UP, BURHANPUR UP, UTTAR PRADESH",0,0.0,28.27,28.27,Ignore
MNPL,0,0.0,21.48,28.26,Ignore
KOLLAMPALAYAM,0,0.0,28.25,28.25,Ignore
HIMMATNAGAR,0,0.0,9.93,28.25,Ignore
"KOMAROLU, KOMAROLU, ANDHRA PRADESH",0,0.0,22.06,28.25,Ignore
MANDI,0,0.0,20.33,28.24,Ignore
YAMUNANAGAR,0,0.0,20.1,28.23,Ignore
ATTAVARA SERVICE CENTRE,0,0.0,4.43,28.23,Ignore
BHADRACHALAM REACH,0,0.0,26.41,28.23,Ignore
"KARUNAPURAM, KARUNAPURAM, TAMIL NADU",0,0.0,21.52,28.23,Ignore
PAKWADA,0,0.0,28.21,28.21,Ignore
"ZIRAKPUR, MOHALI, PUNJAB",0,0.0,24.63,28.21,Ignore
"HAILAKANDI, HAILAKANDI, ASSAM",0,0.0,28.2,28.2,Ignore
"CCU/BLA, KOLKATA, WEST BENGAL",0,0.0,25.54,28.2,Ignore
"SAHARANPUR, SAHARANPUR, UTTAR PRADESH",0,0.0,19.64,28.2,Ignore
CHITRAKOOT,0,0.0,23.99,28.19,Ignore
"BARAMATI1, BARAMATI, MAHARASHTRA",0,0.0,25.69,28.18,Ignore
"PNQ/CHN, CHAKAN, MAHARASHTRA",0,0.0,4.43,28.18,Ignore
TANDA,0,0.0,26.33,28.17,Ignore
JAMMU HUB,0,0.0,23.23,28.17,Ignore
"PARBHANI, PARBHANI, MAHARASHTRA",0,0.0,11.83,28.15,Ignore
JODHPURHUBTEMP_JDH JODHPUR,0,0.0,28.15,28.15,Ignore
"BHO/ASK, BHOPAL, MADHYA PRADESH",0,0.0,26.58,28.15,Ignore
SELAIYUR,0,0.0,21.28,28.14,Ignore
"HINGANGHAT, HINGANGHAT, MAHARASHTRA",0,0.0,28.13,28.13,Ignore
MAGARPATTA CITY PUD,0,0.0,27.9,28.13,Ignore
"BATHERY, BATHERY, KERALA",0,0.0,28.13,28.13,Ignore
HASTHAMPATTY,0,0.0,28.12,28.12,Ignore
MORBI E-TAIL CENTRE,0,0.0,23.8,28.11,Ignore
"CCU/PATULI-TML, KOLKATA, WEST BENGAL",0,0.0,22.33,28.11,Ignore
"JUHULANE, MUMBAI, MAHARASHTRA",0,0.0,20.72,28.1,Ignore
SHORAPUR,0,0.0,17.76,28.09,Ignore
GURGAON (SKHX),0,0.0,5.66,28.09,Ignore
TUTICORIN,0,0.0,15.95,28.09,Ignore
CHANDRYANGUTTA SVC,0,0.0,27.03,28.09,Ignore
"DHURI, DHURI, PUNJAB",0,0.0,28.09,28.09,Ignore
PANAGUDI,0,0.0,26.65,28.08,Ignore
"HAZARIBAGH, JHARKHAND, IN",0,0.0,28.08,28.08,Ignore
"KHITOLI, BARHI, MADHYA PRADESH",0,0.0,28.08,28.08,Ignore
SAHRANPUR OFFICE,0,0.0,24.26,28.08,Ignore
JHUMRI TELAIYA,0,0.0,28.07,28.07,Ignore
BODEN,0,0.0,17.33,28.07,Ignore
PALASIA SERVICE CENTRE,0,0.0,7.28,28.07,Ignore
PERNEM,0,0.0,26.5,28.07,Ignore
"HYD/OLD, HYDERABAD, TELANGANA",0,0.0,21.94,28.07,Ignore
"BLR/KRG-TML, BANGALORE, KARNATAKA",0,0.0,22.47,28.06,Ignore
KELLYS,0,0.0,4.25,28.06,Ignore
"SHIROOR, BYNDOOR, KARNATAKA",0,0.0,26.95,28.06,Ignore
DACHEPALLE,0,0.0,7.79,28.05,Ignore
RAJKOT ETAIL CENTER,0,0.0,11.14,28.05,Ignore
"SANGLI, MAHARASHTRA, IN",0,0.0,28.04,28.04,Ignore
GIRISH PARK BDEL,0,0.0,23.53,28.04,Ignore
VELLALORE PATINAM S/C,0,0.0,27.11,28.04,Ignore
"DEL/APT, DELHI NCR, DELHI",0,0.0,12.39,28.04,Ignore
KATNI,0,0.0,19.83,28.03,Ignore
"JANGAREDDY GUDEM, JANGAREDDY GUDEM, ANDHRA PRADESH",0,0.0,26.78,28.03,Ignore
WALUJ PUD,0,0.0,23.82,28.02,Ignore
PEENYA APX/SFC PUD CENTRE,0,0.0,26.52,28.02,Ignore
NILAKOTTAI,0,0.0,28.02,28.02,Ignore
"RKL-TML, ROURKELA, ORISSA",0,0.0,28.0,28.0,Ignore
"KARWAR, KARWAR, KARNATAKA",0,0.0,19.03,28.0,Ignore
"GONDIA, GONDIA, MAHARASHTRA",0,0.0,28.0,28.0,Ignore
CHITRADURGA,0,0.0,24.57,27.98,Ignore
AMRITSAR HUB,0,0.0,22.9,27.98,Ignore
GAJRAULA,0,0.0,27.98,27.98,Ignore
GUNA,0,0.0,18.9,27.97,Ignore
"KARAD, KARAD, MAHARASHTRA",0,0.0,24.55,27.97,Ignore
"MOTHADAKA, AMARAVATHI, ANDHRA PRADESH",0,0.0,19.2,27.97,Ignore
KASHIPUR,0,0.0,20.0,27.96,Ignore
BIJNORE,0,0.0,24.71,27.96,Ignore
"BAGRU, BAGRU, RAJASTHAN",0,0.0,17.05,27.96,Ignore
"KODAGU, KARNATAKA, IN",0,0.0,27.95,27.95,Ignore
"BARADWAR, SAKTI, CHHATTISGARH",0,0.0,27.95,27.95,Ignore
"BOM/SA-MIR, MUMBAI, MAHARASHTRA",0,0.0,22.57,27.95,Ignore
MAVELIKARA,0,0.0,22.48,27.94,Ignore
SULUR,0,0.0,23.58,27.93,Ignore
"KOOTUPATHA, PALAKKAD, KERALA",0,0.0,27.93,27.93,Ignore
AZARAHUB_GAU,0,0.0,27.93,27.93,Ignore
SANTINIKETAN,0,0.0,26.61,27.91,Ignore
"RSC/TARN TARAN SAHIB, TARN TARAN SAHIB, PUNJAB",0,0.0,27.91,27.91,Ignore
CHENGANNUR,0,0.0,14.86,27.91,Ignore
FARIDABAD NEHAR PAR,0,0.0,20.8,27.91,Ignore
SWAROOP NAGAR COUNTER,0,0.0,21.56,27.9,Ignore
BELLAMPALLY REACH,0,0.0,22.45,27.9,Ignore
ANNR,0,0.0,23.99,27.89,Ignore
NASIK ETAIL,0,0.0,23.2,27.86,Ignore
NUZIVIDU,0,0.0,17.22,27.85,Ignore
"NIKKIAN, JAMMU, JAMMU AND KASHMIR",0,0.0,27.84,27.84,Ignore
"BALACHAUR, BALACHAUR, PUNJAB",0,0.0,23.28,27.84,Ignore
PUTTAPARTHI,0,0.0,27.84,27.84,Ignore
DADRI,0,0.0,9.95,27.84,Ignore
"FBD/NPR, DELHI NCR, DELHI",0,0.0,19.2,27.83,Ignore
HSR E-TAIL CENTRE,0,0.0,21.23,27.82,Ignore
CHAMPION WAREHOUSE,0,0.0,9.08,27.82,Ignore
VANASTHALIPURAM,0,0.0,27.82,27.82,Ignore
"SHAHBAD UP, SHAHBAD UP, UTTAR PRADESH",0,0.0,23.85,27.82,Ignore
DLF CYBER CITY,0,0.0,5.35,27.8,Ignore
NAVELIM,0,0.0,17.55,27.79,Ignore
"BELUR, HASSAN, KARNATAKA",0,0.0,18.86,27.79,Ignore
LBS ROAD - ETAIL,0,0.0,23.54,27.79,Ignore
JAGTIAL,0,0.0,23.63,27.78,Ignore
"ANOOPGARH, ANOOPGARH, RAJASTHAN",0,0.0,27.76,27.76,Ignore
"SIVAKASI, SIVAKASI, TAMIL NADU",0,0.0,27.76,27.76,Ignore
ATTABIRA OFFICE,0,0.0,21.8,27.75,Ignore
RAJPURA,0,0.0,23.28,27.74,Ignore
"BADAYUN, BADAYUN, UTTAR PRADESH",0,0.0,27.74,27.74,Ignore
AHMEDABAD - AHD,0,0.0,6.43,27.73,Ignore
MULUND,0,0.0,5.2,27.73,Ignore
"PERALAM, THANJAVUR, TAMIL NADU",0,0.0,27.73,27.73,Ignore
"KOLLAM, KOLLAM, KERALA",0,0.0,27.72,27.72,Ignore
RAYGADA REACH,0,0.0,25.75,27.72,Ignore
"MALDA, MALDA, WEST BENGAL",0,0.0,27.7,27.7,Ignore
"AMDPLD, AHMEDABAD, GUJARAT",0,0.0,20.21,27.7,Ignore
VALSAD,0,0.0,18.01,27.7,Ignore
TOLICHOWKI E-TAIL CENTRE,0,0.0,15.27,27.69,Ignore
MUVVALAVANIPALEM,0,0.0,21.73,27.69,Ignore
CHALANGUDA,0,0.0,24.2,27.69,Ignore
"ADDANKI, ADDANKI, ANDHRA PRADESH",0,0.0,27.69,27.69,Ignore
"THURUTHICAUD, TIRUVELLA, KERALA",0,0.0,27.69,27.69,Ignore
THORRUR,0,0.0,23.7,27.69,Ignore
"CTK/JGP, CUTTACK, ORISSA",0,0.0,27.68,27.68,Ignore
KOKRAJHAR,0,0.0,21.42,27.68,Ignore
"RNC/KDR, RANCHI, JHARKHAND",0,0.0,19.44,27.68,Ignore
ROPAR,0,0.0,16.51,27.67,Ignore
"CCU/PFK- TML, KOLKATA, WEST BENGAL",0,0.0,27.67,27.67,Ignore
JAWALAMUKHI S.O,0,0.0,23.83,27.66,Ignore
VAYATHUR,0,0.0,19.87,27.66,Ignore
AJNALA,0,0.0,25.48,27.66,Ignore
SIDDIPET,0,0.0,22.9,27.65,Ignore
CHHATTARPUR,0,0.0,27.62,27.64,Ignore
"PISOLI-EHV, PUNE, MAHARASHTRA",0,0.0,27.36,27.64,Ignore
"NHLN, NAHARLAGUN, ARUNACHAL PRADESH",0,0.0,27.64,27.64,Ignore
AKHNOOR,0,0.0,27.0,27.64,Ignore
PIRAVOM,0,0.0,25.04,27.64,Ignore
KALABURAGI,0,0.0,26.37,27.64,Ignore
SURAT AIR HUB,0,0.0,14.83,27.63,Ignore
SAMBALPUR BDEL,0,0.0,23.1,27.62,Ignore
VILHOLI GAOTHAN,0,0.0,27.62,27.62,Ignore
CHHAPRA OFFICE,0,0.0,27.03,27.62,Ignore
DHARWAD,0,0.0,13.26,27.6,Ignore
TOSHAM,0,0.0,27.6,27.6,Ignore
"RASRA, RASRA, UTTAR PRADESH",0,0.0,27.57,27.57,Ignore
"MARTHANDAM, MARTHANDAM, TAMIL NADU",0,0.0,27.57,27.57,Ignore
"JMD/GMR, JAMSHEDPUR, JHARKHAND",0,0.0,23.24,27.57,Ignore
GURAP,0,0.0,25.12,27.56,Ignore
KARNAL,0,0.0,14.37,27.56,Ignore
ITARSIHUB_ITR,0,0.0,27.56,27.56,Ignore
CENTRAL DEPOT,0,0.0,9.82,27.56,Ignore
"DEL/ISR, DELHI NCR, DELHI",0,0.0,8.52,27.55,Ignore
BASWESHWAR NAGAR,0,0.0,22.92,27.54,Ignore
BURDWAN BDEL,0,0.0,24.4,27.54,Ignore
KHARAGPUR PUD,0,0.0,25.68,27.53,Ignore
"BHUNA, BHUNA, HARYANA",0,0.0,22.96,27.52,Ignore
"MIDNAPORE, MIDNAPORE, WEST BENGAL",0,0.0,27.51,27.51,Ignore
"PANVEL/HUB, NAVI MUMBAI, MAHARASHTRA",0,0.0,5.32,27.51,Ignore
SASARAM,0,0.0,24.33,27.51,Ignore
"MLR/KDY-TML, MANGALORE, KARNATAKA",0,0.0,27.51,27.51,Ignore
"NAWANSHAHR, NAWANSAHAR, PUNJAB",0,0.0,27.36,27.5,Ignore
"BEMETARA, BEMETARA, CHHATTISGARH",0,0.0,27.5,27.5,Ignore
SANSARGARHMDH_SGH MOHLA,0,0.0,27.5,27.5,Ignore
"VALLAH, AMRITSAR, PUNJAB",0,0.0,11.5,27.48,Ignore
KANDVALI BORVLI WST ETAIL,0,0.0,17.73,27.48,Ignore
SONEPAT,0,0.0,26.95,27.47,Ignore
KOLATHUR,0,0.0,26.51,27.47,Ignore
MEMARI,0,0.0,27.47,27.47,Ignore
YANAM,0,0.0,27.47,27.47,Ignore
SAHARSA OFFICE,0,0.0,24.58,27.46,Ignore
IXRH,0,0.0,24.08,27.46,Ignore
"BHONGIR, TELANGANA, IN",0,0.0,27.46,27.46,Ignore
DEWAS,0,0.0,17.63,27.46,Ignore
CONNAUGHT PLACE (CPLC),0,0.0,27.45,27.45,Ignore
SHEVGAON,0,0.0,27.45,27.45,Ignore
PUSHKAR,0,0.0,27.45,27.45,Ignore
"PRODDUTUR, PRODDATUR, ANDHRA PRADESH",0,0.0,27.45,27.45,Ignore
MADHAVARAM,0,0.0,24.4,27.44,Ignore
"MAHAGAMA, MAHAGAMA, JHARKHAND",0,0.0,25.77,27.44,Ignore
"SIRMATHURA, SIRMATHURA, RAJASTHAN",0,0.0,25.55,27.43,Ignore
"RAHURI, RAHURI, MAHARASHTRA",0,0.0,27.42,27.42,Ignore
NAVI MUMBAI WAREHOUSE,0,0.0,20.06,27.42,Ignore
"MAA/KDM-TML, CHENNAI, TAMIL NADU",0,0.0,24.72,27.42,Ignore
KHAMMAM REACH,0,0.0,18.53,27.4,Ignore
NOIDA E-TAIL CENTRE,0,0.0,11.35,27.4,Ignore
"GURDASPUR, GURDASPUR, PUNJAB",0,0.0,17.1,27.38,Ignore
DELHI - DEL,0,0.0,10.37,27.37,Ignore
"PALWAL, PALWAL, HARYANA",0,0.0,27.37,27.37,Ignore
ELECTRONIC CITY,0,0.0,20.04,27.36,Ignore
"VANSDA, VANSDA, GUJARAT",0,0.0,27.36,27.36,Ignore
PATHANKOT COUNTER,0,0.0,23.58,27.35,Ignore
RANIPOOL,0,0.0,24.59,27.35,Ignore
SILVASSA,0,0.0,22.99,27.35,Ignore
BBIH,0,0.0,6.69,27.35,Ignore
"KENDRAPARA, KENDRAPARA, ORISSA",0,0.0,24.77,27.35,Ignore
"RAJAPURMH, RAJAPUR, MAHARASHTRA",0,0.0,27.34,27.34,Ignore
BARRACKPORE BDEL,0,0.0,19.83,27.33,Ignore
"KURUKSHETRA, KURUKSHETRA, HARYANA",0,0.0,27.33,27.33,Ignore
HONNAVARA,0,0.0,27.32,27.32,Ignore
BHAVINI,0,0.0,27.27,27.32,Ignore
NICE RD PUD,0,0.0,17.55,27.31,Ignore
BHARUCH E TAIL,0,0.0,25.31,27.31,Ignore
BHUJ,0,0.0,15.08,27.3,Ignore
CHITTOOR,0,0.0,15.67,27.3,Ignore
"PHOOLPUR, PHOOLPUR, UTTAR PRADESH",0,0.0,27.29,27.29,Ignore
KISHANGANJ OFFICE,0,0.0,27.28,27.28,Ignore
HALDWANI,0,0.0,22.17,27.28,Ignore
BHANDARA,0,0.0,25.3,27.28,Ignore
NASIK ROAD,0,0.0,24.94,27.28,Ignore
JAJPUR TOWN,0,0.0,27.28,27.28,Ignore
NARSAPUR,0,0.0,27.28,27.28,Ignore
GHATSILA,0,0.0,23.74,27.26,Ignore
JABALPUR,0,0.0,22.0,27.25,Ignore
PKDR,0,0.0,25.16,27.23,Ignore
KALOL,0,0.0,10.6,27.23,Ignore
PARADEEP E-TAIL,0,0.0,27.23,27.23,Ignore
"THANDLA, THANDLA, MADHYA PRADESH",0,0.0,26.77,27.22,Ignore
NAHAN,0,0.0,27.22,27.22,Ignore
"HYD/KDP-TML, HYDERABAD, TELANGANA",0,0.0,19.82,27.22,Ignore
"HYD/BPT, HYDERABAD, TELANGANA",0,0.0,23.68,27.21,Ignore
"BLR/BLD-TML, BANGALORE, KARNATAKA",0,0.0,25.95,27.21,Ignore
"TAKHATGARH, TAKHATGARH, RAJASTHAN",0,0.0,24.55,27.21,Ignore
"DARJEELINGA, DARJEELING, WEST BENGAL",0,0.0,27.21,27.21,Ignore
DELIVERY PICKUP SOUKYA RD,0,0.0,4.15,27.2,Ignore
"KUSHMUNDA, KORBA, CHHATTISGARH",0,0.0,27.2,27.2,Ignore
KANGRA,0,0.0,19.72,27.2,Ignore
"MAHARAJGANJ1, MAHARAJGANJ, UTTAR PRADESH",0,0.0,16.68,27.19,Ignore
BUDH VIHAR ETAIL DELIVERY,0,0.0,20.93,27.19,Ignore
ERAMALLUR,0,0.0,26.27,27.19,Ignore
RAJARAJESHWARI NAGAR,0,0.0,12.66,27.18,Ignore
"GONIANA, GONIANA, PUNJAB",0,0.0,26.87,27.18,Ignore
CHANCHAL OFFICE,0,0.0,23.93,27.18,Ignore
TRANSPORT NAGAR,0,0.0,23.27,27.18,Ignore
MODINAGAR,0,0.0,25.25,27.16,Ignore
"MUZAFFARNAGAR, UTTAR PRADESH, IN",0,0.0,27.15,27.15,Ignore
HDPM,0,0.0,16.02,27.14,Ignore
"VIJ/STPM, VIJAYAWADA, ANDHRA PRADESH",0,0.0,17.57,27.14,Ignore
SRIGANGANAGAR,0,0.0,26.73,27.14,Ignore
"KALYANADURGAM, KALYANADURGAM, ANDHRA PRADESH",0,0.0,22.97,27.14,Ignore
BHADRAKHUB_BHC,0,0.0,27.13,27.13,Ignore
KRISHNANAGAR,0,0.0,8.73,27.12,Ignore
MOKOKCHUNG,0,0.0,27.1,27.1,Ignore
MANDAPETA,0,0.0,13.14,27.1,Ignore
"ASSOLNA, MARGAO, GOA",0,0.0,26.62,27.09,Ignore
KOLLAM,0,0.0,8.18,27.09,Ignore
"KUNDLI, SONIPAT, HARYANA",0,0.0,27.08,27.08,Ignore
"PAN UMARIA, PAN UMARIYA, MADHYA PRADESH",0,0.0,27.07,27.08,Ignore
NOIDA SECTOR 16,0,0.0,3.87,27.07,Ignore
"GONDA, GONDA, UTTAR PRADESH",0,0.0,27.07,27.07,Ignore
MUKERIAN,0,0.0,24.61,27.06,Ignore
BARPETA ROAD,0,0.0,25.77,27.06,Ignore
GOHANA,0,0.0,23.67,27.06,Ignore
GANDHIDHAM,0,0.0,18.87,27.04,Ignore
JHANJHARPUR OFFICE,0,0.0,25.72,27.04,Ignore
"MUNDRA, MUNDRA, GUJARAT",0,0.0,23.63,27.04,Ignore
"BLR/SA-ATBLE, BANGALORE, KARNATAKA",0,0.0,21.87,27.04,Ignore
SANAWAD,0,0.0,27.03,27.03,Ignore
"JBL/HUB, JABALPUR, MADHYA PRADESH",0,0.0,16.76,27.03,Ignore
SOLAPUR,0,0.0,21.02,27.03,Ignore
NARSINGHPUR,0,0.0,25.02,27.03,Ignore
SHAHJAHANPUR EXPANSION,0,0.0,20.12,27.03,Ignore
GADAG-BETIGERI,0,0.0,27.02,27.02,Ignore
VAISHALI NAGAR,0,0.0,18.27,27.0,Ignore
BHOWANIPORE BDEL,0,0.0,23.38,27.0,Ignore
"BLR/YLK-TML, BANGALORE, KARNATAKA",0,0.0,18.2,26.99,Ignore
KHERWARA,0,0.0,26.99,26.99,Ignore
BADAUN,0,0.0,24.3,26.99,Ignore
NAGAPATTINAM,0,0.0,18.56,26.99,Ignore
"KONDHWA, PUNE, MAHARASHTRA",0,0.0,22.29,26.99,Ignore
BHAYANDER,0,0.0,22.93,26.98,Ignore
"HALDAUR, HALDAUR, UTTAR PRADESH",0,0.0,26.52,26.98,Ignore
JAYNAGAR,0,0.0,24.07,26.98,Ignore
"HYD/GCB, HYDERABAD, TELANGANA",0,0.0,21.88,26.96,Ignore
KODAIKANAL,0,0.0,19.23,26.95,Ignore
"MAA/NAM, CHENNAI, TAMIL NADU",0,0.0,20.86,26.95,Ignore
BALANAGAR E-TAIL CENTRE,0,0.0,19.2,26.95,Ignore
"VPT/AKP, VISAKHAPATNAM, ANDHRA PRADESH",0,0.0,24.48,26.94,Ignore
PURULIA,0,0.0,13.6,26.94,Ignore
"DARIYAWAD, DARIYAWAD, RAJASTHAN",0,0.0,26.94,26.94,Ignore
HINGOLI,0,0.0,17.12,26.94,Ignore
FKL_JAIPUR_BTS,0,0.0,0.0,26.93,Ignore
"BLR/VKS-TML, BANGALORE, KARNATAKA",0,0.0,22.3,26.93,Ignore
"PCK/AGRA, AGRA, UTTAR PRADESH",0,0.0,9.31,26.93,Ignore
ANAKAPALLE,0,0.0,26.93,26.93,Ignore
ITO SERV CENTRE-JALANDHAR,0,0.0,22.12,26.92,Ignore
SANGHVI,0,0.0,22.0,26.91,Ignore
BHIM,0,0.0,3.02,26.91,Ignore
"HYD/MYP, HYDERABAD, TELANGANA",0,0.0,14.77,26.9,Ignore
RAMGARH BDEL,0,0.0,26.9,26.9,Ignore
CHANGANACHERRY,0,0.0,26.88,26.88,Ignore
"SULTANA, SULTANA, RAJASTHAN",0,0.0,26.87,26.87,Ignore
KOVAIPUDUR,0,0.0,5.26,26.87,Ignore
"CNHALLI, CHIKKANAYAKANAHALLI, KARNATAKA",0,0.0,26.87,26.87,Ignore
"MANGLURPIR, MANGLURPIR, MAHARASHTRA",0,0.0,25.82,26.86,Ignore
PALI EXPANSION,0,0.0,26.72,26.84,Ignore
"PILANI, PILANI, RAJASTHAN",0,0.0,24.95,26.84,Ignore
MAHULPALLI,0,0.0,26.83,26.83,Ignore
"SRIGANGANAGAR, SRIGANGANAGAR, RAJASTHAN",0,0.0,26.37,26.83,Ignore
GOVANDI MIX SC,0,0.0,22.88,26.83,Ignore
FDBD,0,0.0,4.43,26.82,Ignore
PALAMPUR,0,0.0,23.41,26.82,Ignore
SHIKARIPUR,0,0.0,26.82,26.82,Ignore
"MANGALAYA, SANWER, MADHYA PRADESH",0,0.0,26.81,26.81,Ignore
"JALPAIGURI, WEST BENGAL, IN",0,0.0,10.61,26.81,Ignore
JHILMIL INDUSTRIAL AREA,0,0.0,22.73,26.81,Ignore
"HOOGLY, WEST BENGAL, IN",0,0.0,8.39,26.8,Ignore
JOGESHWARI ETAIL CENTRE,0,0.0,15.52,26.8,Ignore
YADGIR,0,0.0,19.07,26.8,Ignore
KARUR,0,0.0,12.18,26.8,Ignore
AKOLA,0,0.0,12.61,26.8,Ignore
"NAVI MUMBAI, MAHARASHTRA, IN",0,0.0,6.15,26.79,Ignore
MUNGER OFFICE,0,0.0,25.5,26.79,Ignore
"ROURKELA, ROURKELA, ORISSA",0,0.0,26.77,26.77,Ignore
"NASRULLAGUNJ, NASRULLAGUNJ, MADHYA PRADESH",0,0.0,26.77,26.77,Ignore
BILARA,0,0.0,25.11,26.77,Ignore
"MAA/TMB-EHV, CHENNAI, TAMIL NADU",0,0.0,23.43,26.76,Ignore
"FBD/NIT, DELHI NCR, DELHI",0,0.0,17.2,26.76,Ignore
PERAMBUR,0,0.0,5.98,26.76,Ignore
REWARI,0,0.0,12.67,26.76,Ignore
NAZIRA EXTERIOR,0,0.0,26.75,26.75,Ignore
"JUNAGADH, JUNAGADH, GUJARAT",0,0.0,21.41,26.74,Ignore
BADAMI,0,0.0,22.52,26.74,Ignore
MANYATHA TECH PARK,0,0.0,23.06,26.73,Ignore
BDO E-TAIL SERVICE CENTRE,0,0.0,5.63,26.73,Ignore
NIZAMABAD,0,0.0,16.5,26.73,Ignore
KARELIBAUGH CENTRE,0,0.0,20.43,26.73,Ignore
HOSUR,0,0.0,19.45,26.72,Ignore
BASANTI,0,0.0,18.94,26.72,Ignore
DOIWALA,0,0.0,24.21,26.72,Ignore
NUAPARA,0,0.0,26.72,26.72,Ignore
VIRAR WEST,0,0.0,24.94,26.72,Ignore
RAGHUNATHGANJ,0,0.0,16.88,26.71,Ignore
FEROZEPUR,0,0.0,16.89,26.71,Ignore
"ARAKKONAM, ARAKKONAM, TAMIL NADU",0,0.0,26.41,26.71,Ignore
MUKTSAR EXPANSION,0,0.0,26.7,26.7,Ignore
GGN E-TAIL DELIVERIES,0,0.0,18.65,26.7,Ignore
ALATHUR,0,0.0,18.11,26.7,Ignore
"SOPURE, SOPORE, JAMMU AND KASHMIR",0,0.0,21.57,26.7,Ignore
MANAVADAR,0,0.0,26.69,26.69,Ignore
"PCK/WDL, DELHI NCR, DELHI",0,0.0,16.09,26.68,Ignore
"DEBAI, DEBAI, UTTAR PRADESH",0,0.0,26.68,26.68,Ignore
"JAFRABAD, JAFRABAD, GUJARAT",0,0.0,26.68,26.68,Ignore
MANDYA,0,0.0,20.22,26.68,Ignore
"MALLIDI, BELLAMPALLI, TELANGANA",0,0.0,26.67,26.67,Ignore
PALITANA,0,0.0,26.67,26.67,Ignore
UMARIA,0,0.0,21.5,26.65,Ignore
"SHIRODA, SHIRODA, MAHARASHTRA",0,0.0,26.64,26.64,Ignore
SINNAR,0,0.0,24.73,26.63,Ignore
HARIPAD,0,0.0,26.63,26.63,Ignore
PNR SERVICE CENTRE,0,0.0,19.02,26.63,Ignore
TIRUPUR,0,0.0,10.59,26.62,Ignore
SURAT SORT FACILITY SURAT,0,0.0,17.93,26.62,Ignore
"BIJBEHARA, AWANTIPUR, JAMMU AND KASHMIR",0,0.0,26.62,26.62,Ignore
BIHAR SHARIF,0,0.0,11.71,26.61,Ignore
PAONTA SAHIB,0,0.0,22.18,26.6,Ignore
KARUNAGAPALLY,0,0.0,24.67,26.6,Ignore
GOLA GORAKHNATH,0,0.0,23.52,26.6,Ignore
"ARUPPUKOTTAI, VIRUDHUNAGAR, TAMIL NADU",0,0.0,11.89,26.59,Ignore
FAIZABAD,0,0.0,20.33,26.59,Ignore
ADILABAD,0,0.0,22.07,26.59,Ignore
"AMD/MNG-TML, AHMEDABAD, GUJARAT",0,0.0,21.47,26.58,Ignore
MANESAR WAREHOUSE,0,0.0,2.88,26.58,Ignore
"HYD/LBN, HYDERABAD, TELANGANA",0,0.0,14.1,26.58,Ignore
BIKANER,0,0.0,22.28,26.58,Ignore
"FATEHGARH CHURIYAN, FATEHGARH CHURIYAN, PUNJAB",0,0.0,26.57,26.57,Ignore
UDUMALPET,0,0.0,22.86,26.57,Ignore
AVINASHI,0,0.0,24.25,26.57,Ignore
RAMA ROAD,0,0.0,20.62,26.57,Ignore
"TELHARA, TELHARA, MAHARASHTRA",0,0.0,26.56,26.56,Ignore
"YAMUNA NAGAR, HARYANA, IN",0,0.0,26.56,26.56,Ignore
"AMROHA1, AMROHA, UTTAR PRADESH",0,0.0,21.1,26.55,Ignore
MOGALTUR,0,0.0,24.07,26.55,Ignore
"BATANAGAR, BATANAGAR, WEST BENGAL",0,0.0,22.83,26.54,Ignore
CONTAI,0,0.0,23.47,26.54,Ignore
"TIRODA, TIRODA, MAHARASHTRA",0,0.0,26.54,26.54,Ignore
"ABUROAD, MOUNT ABU, RAJASTHAN",0,0.0,22.71,26.53,Ignore
NOIDA SECTOR 63,0,0.0,4.33,26.53,Ignore
JEEDIMETLA,0,0.0,24.02,26.52,Ignore
JALNA,0,0.0,23.47,26.52,Ignore
JAGADHRI,0,0.0,23.4,26.5,Ignore
"BAHADURGANJ, BIHAR, IN",0,0.0,26.5,26.5,Ignore
"DEL/PLM, NEW DELHI, DELHI",0,0.0,20.17,26.5,Ignore
KHUTAR,0,0.0,21.69,26.49,Ignore
MOLLYKUTTY HOME ALAPPUZHA,0,0.0,26.49,26.49,Ignore
"DEL/KMP1, NEW DELHI, DELHI",0,0.0,20.64,26.48,Ignore
"DHULE, DHULE, MAHARASHTRA",0,0.0,21.85,26.48,Ignore
PATTI,0,0.0,22.23,26.47,Ignore
AKLUJ,0,0.0,20.65,26.47,Ignore
"DEESA, DEESA, GUJARAT",0,0.0,22.49,26.47,Ignore
"NBM/GHN, NAVI MUMBAI, MAHARASHTRA",0,0.0,14.11,26.47,Ignore
ELASTICRUNSOHNAROADODH_SHN GURGAON,0,0.0,16.18,26.47,Ignore
KANNUR COUNTER,0,0.0,24.83,26.47,Ignore
"KALOL GJ, KALOL, GUJARAT",0,0.0,6.04,26.47,Ignore
"BBN/CSP, BHUBANESWAR, ORISSA",0,0.0,23.09,26.46,Ignore
BURDWAN,0,0.0,14.45,26.46,Ignore
SATARA,0,0.0,20.08,26.46,Ignore
URAN,0,0.0,23.7,26.46,Ignore
MADURAI BYE-PASS,0,0.0,25.17,26.44,Ignore
RUDRAPRAYAG,0,0.0,25.75,26.44,Ignore
KENDARAPARA,0,0.0,26.43,26.43,Ignore
ROHINI SERVICE CENTRE,0,0.0,24.15,26.43,Ignore
"BLR/SKL-TML, BANGALORE, KARNATAKA",0,0.0,21.99,26.43,Ignore
"BHUBANESWAR, ORISSA, IN",0,0.0,26.43,26.43,Ignore
SAVNER,0,0.0,8.49,26.43,Ignore
SANGLI,0,0.0,9.01,26.42,Ignore
"BBN/BJB, BHUBANESWAR, ORISSA",0,0.0,26.42,26.42,Ignore
CROSSING REPUBLIC,0,0.0,17.47,26.42,Ignore
JALANDHAR BYPASS SC,0,0.0,19.87,26.42,Ignore
MALBAZAR OFFICE,0,0.0,25.18,26.41,Ignore
MEDAKMDH_MED HYDERABAD,0,0.0,16.17,26.41,Ignore
ALANDURAI,0,0.0,26.4,26.4,Ignore
"NANDURSHINGOTE, SINNAR, MAHARASHTRA",0,0.0,26.39,26.39,Ignore
"BHANPURA, BHANPURA, MADHYA PRADESH",0,0.0,26.38,26.38,Ignore
PATENCHERU,0,0.0,23.88,26.38,Ignore
"DEOLALI CAMP1, DEOLALI CAMP, MAHARASHTRA",0,0.0,26.38,26.38,Ignore
LOVELY SERVICE CENTRE,0,0.0,26.35,26.38,Ignore
RATNAGIRI,0,0.0,17.98,26.38,Ignore
KELEWADI,0,0.0,24.51,26.38,Ignore
"MIRANSAHIB1, MIRAN SAHIB, JAMMU AND KASHMIR",0,0.0,7.53,26.37,Ignore
SALEMPUR LAR,0,0.0,26.37,26.37,Ignore
GOGAMUKH,0,0.0,17.91,26.36,Ignore
GYANESHWAR STORR NEW DELHI,0,0.0,12.94,26.35,Ignore
"TURVEKERE, TURVEKERE, KARNATAKA",0,0.0,26.35,26.35,Ignore
PATNA AIR HUB,0,0.0,13.37,26.35,Ignore
TRICHUR SERVICE CENTRE,0,0.0,26.33,26.33,Ignore
"SIRMAUR, SIRMAUR, HIMACHAL PRADESH",0,0.0,26.33,26.33,Ignore
UDAIPUR,0,0.0,14.12,26.32,Ignore
RAJGARH(BIA),0,0.0,21.1,26.32,Ignore
"PALAKOL, PALAKOL, ANDHRA PRADESH",0,0.0,18.02,26.32,Ignore
PLAYSTORE THE DIGITAL HUB THODUPUZHA,0,0.0,18.62,26.32,Ignore
"BARDOLI, BARDOLI, GUJARAT",0,0.0,26.32,26.32,Ignore
"CCU/KESTOPUR-TML, KOLKATA, WEST BENGAL",0,0.0,19.05,26.31,Ignore
"REWA MP, REWA, MADHYA PRADESH",0,0.0,22.52,26.3,Ignore
"DEL/GDC, NEW DELHI, DELHI",0,0.0,20.01,26.29,Ignore
KODAD REACH,0,0.0,26.28,26.28,Ignore
"HYD/UPL-TML, HYDERABAD, TELANGANA",0,0.0,22.56,26.27,Ignore
KOLAR,0,0.0,23.1,26.27,Ignore
FIROZABAD,0,0.0,23.27,26.27,Ignore
"CONOOR, COONOOR, TAMIL NADU",0,0.0,23.28,26.24,Ignore
"SERAMPORE, HOOGHLY, WEST BENGAL",0,0.0,26.04,26.24,Ignore
MOHALI,0,0.0,10.3,26.24,Ignore
"SITAMARHI1, SITAMARHI, BIHAR",0,0.0,23.32,26.23,Ignore
GOVINDPUR,0,0.0,16.79,26.23,Ignore
VIRUDHUNAGAR,0,0.0,16.83,26.21,Ignore
"TRICHY, TRICHY, TAMIL NADU",0,0.0,10.84,26.21,Ignore
"HYD/JDM, HYDERABAD, TELANGANA",0,0.0,20.85,26.21,Ignore
"MORBI, GUJRAT, IN",0,0.0,26.21,26.21,Ignore
"CHAMBA, CHAMBA, HIMACHAL PRADESH",0,0.0,24.15,26.2,Ignore
TIRUPATI,0,0.0,11.1,26.2,Ignore
KODUNGALLUR,0,0.0,21.17,26.19,Ignore
"BLR/JPN-EHV, BANGALORE, KARNATAKA",0,0.0,23.11,26.19,Ignore
"JALORE, JALORE, RAJASTHAN",0,0.0,26.18,26.18,Ignore
"KODINAR, KODINAR, DAMAN AND DIU",0,0.0,26.18,26.18,Ignore
MEERA ROAD-BHAYANDER,0,0.0,9.64,26.18,Ignore
"DEL/GZB1, DELHI NCR, DELHI",0,0.0,19.51,26.17,Ignore
BHIWANDI,0,0.0,8.38,26.17,Ignore
RAICHUR,0,0.0,10.76,26.17,Ignore
GADCHIROLI,0,0.0,22.0,26.17,Ignore
"HYD/YAP, HYDERABAD, TELANGANA",0,0.0,18.05,26.17,Ignore
"GREATER NOIDA, UTTAR PRADESH, IN",0,0.0,13.86,26.16,Ignore
ZIRAKHPUR,0,0.0,23.61,26.16,Ignore
"PNR/TKP-TML, KANNUR, KERALA",0,0.0,26.15,26.15,Ignore
AJRA,0,0.0,26.15,26.15,Ignore
RAYACHOTY,0,0.0,26.15,26.15,Ignore
"RAGHUNATHPUR, RAGHUNATHPUR, WEST BENGAL",0,0.0,26.14,26.14,Ignore
GHATAL,0,0.0,26.12,26.12,Ignore
TINGRE NAGAR,0,0.0,23.28,26.12,Ignore
"UDUMALAPET, TAMIL NADU, IN",0,0.0,26.11,26.11,Ignore
SASTHAMCOTTA,0,0.0,17.5,26.1,Ignore
BURDWAN TRANSIT HUB,0,0.0,7.14,26.09,Ignore
"DEL/DWA, NEW DELHI, DELHI",0,0.0,20.64,26.08,Ignore
GANGAPUR CITY,0,0.0,19.74,26.08,Ignore
BANGARPET,0,0.0,25.67,26.08,Ignore
SILIGURI WAREHOUSE,0,0.0,7.3,26.07,Ignore
DEVI STORE DLF GURGAON,0,0.0,19.63,26.07,Ignore
"SANQUELIM, GOA, GOA",0,0.0,26.07,26.07,Ignore
GODHRA EXTENSION,0,0.0,21.5,26.07,Ignore
GANGARAMPUR,0,0.0,26.07,26.07,Ignore
MELAGHAR,0,0.0,22.87,26.06,Ignore
SALT LAKE BDEL,0,0.0,6.03,26.06,Ignore
"GUNTAKAL, GUNTAKAL, ANDHRA PRADESH",0,0.0,26.06,26.06,Ignore
"DUMKA BAZAR, DUMKA, JHARKHAND",0,0.0,26.05,26.05,Ignore
"KAMAREDDY, KAMAREDDY, TELANGANA",0,0.0,26.04,26.04,Ignore
"NARSINGPUR, NARSINGPUR, MADHYA PRADESH",0,0.0,26.04,26.04,Ignore
"BORANADA, BORANADA, RAJASTHAN",0,0.0,23.94,26.04,Ignore
BASTI,0,0.0,24.12,26.03,Ignore
BIHIYA OFFICE,0,0.0,24.16,26.02,Ignore
HARIOM STATIONARY NEW DELHI,0,0.0,26.02,26.02,Ignore
R T NAGAR SERVICE CENTRE,0,0.0,13.93,26.01,Ignore
MIRZAPUR,0,0.0,6.78,26.0,Ignore
RATANPUR,0,0.0,17.53,26.0,Ignore
MOTHERHUB_ANJ BANGALORE,0,0.0,16.28,26.0,Ignore
SANGLI HUB SANGLI,0,0.0,8.31,25.99,Ignore
WEST DEL WAREHOUSE,0,0.0,21.37,25.99,Ignore
"JBL/MLJ, JABALPUR, MADHYA PRADESH",0,0.0,18.21,25.99,Ignore
KARERA,0,0.0,25.96,25.96,Ignore
SHIVPURI EXPANSION,0,0.0,25.91,25.94,Ignore
FERGUSON COLLEGE RD-ETAIL,0,0.0,22.36,25.93,Ignore
"BLR/BRY-EHV, BANGALORE, KARNATAKA",0,0.0,21.62,25.93,Ignore
OSMANABAD,0,0.0,22.25,25.93,Ignore
MEDAK REACH,0,0.0,25.88,25.92,Ignore
"DEOLI RAJ, DEOLI RAJ, RAJASTHAN",0,0.0,19.87,25.92,Ignore
DWARKA,0,0.0,20.54,25.91,Ignore
RAMAN,0,0.0,23.12,25.91,Ignore
TEACHERS OBROI ERNAKULAM,0,0.0,25.91,25.91,Ignore
LALBAGH,0,0.0,19.99,25.91,Ignore
NOIDA PHASE II ETAIL,0,0.0,18.56,25.9,Ignore
"HYD/RCI, HYDERABAD, TELANGANA",0,0.0,21.83,25.9,Ignore
"SIKANDARABAD INDUSTRIAL AREA, UTTAR PRADESH, IN",0,0.0,25.89,25.89,Ignore
"RANPUR, RANPUR, GUJARAT",0,0.0,23.46,25.89,Ignore
"SANTRAMPUR, SANTRAMPUR, GUJARAT",0,0.0,24.6,25.88,Ignore
SUNDER NAGAR,0,0.0,24.82,25.87,Ignore
MOVVA,0,0.0,23.48,25.87,Ignore
PARWANOO,0,0.0,22.33,25.87,Ignore
"VPT/GWK-1, VISAKHAPATNAM, ANDHRA PRADESH",0,0.0,19.67,25.85,Ignore
BALLIA,0,0.0,25.47,25.84,Ignore
"BLR/AVA-TML, BANGALORE, KARNATAKA",0,0.0,25.58,25.84,Ignore
BHATAPARA,0,0.0,17.17,25.84,Ignore
MARATHALLI,0,0.0,21.87,25.82,Ignore
GHAZIABAD HUB,0,0.0,4.24,25.82,Ignore
"NALBARI, NALBARI, ASSAM",0,0.0,25.82,25.82,Ignore
CHANDIGARH WAREHOUSE,0,0.0,5.43,25.81,Ignore
BATALA,0,0.0,14.28,25.81,Ignore
TRZ SERVICE CENTRE,0,0.0,25.33,25.8,Ignore
MALERKOTLA,0,0.0,22.93,25.8,Ignore
DHAKUAKHANA,0,0.0,18.19,25.79,Ignore
ANANDPUR SAHIB,0,0.0,25.78,25.78,Ignore
"BANDERDEWA, BANDERDEWA, ASSAM",0,0.0,19.06,25.78,Ignore
"JAISALMER, JAISALMER, RAJASTHAN",0,0.0,18.25,25.78,Ignore
AURAIYA,0,0.0,21.7,25.77,Ignore
ILKAL,0,0.0,16.88,25.77,Ignore
RAIGANJ OFFICE,0,0.0,23.46,25.77,Ignore
PARK STREET ETAIL CENTR,0,0.0,24.33,25.76,Ignore
MANGALGIRI,0,0.0,25.75,25.75,Ignore
SATNA,0,0.0,19.19,25.75,Ignore
DASUYA,0,0.0,23.67,25.75,Ignore
"ARERAJ, ARERAJ, BIHAR",0,0.0,25.74,25.74,Ignore
KEKRI,0,0.0,24.65,25.74,Ignore
MALOUT,0,0.0,25.73,25.73,Ignore
CHIKKAMAGALURU,0,0.0,5.72,25.73,Ignore
GHATKESAR REACH,0,0.0,20.6,25.73,Ignore
"BARRACKPORE, BARRACKPORE, WEST BENGAL",0,0.0,22.07,25.72,Ignore
"RINGUS, RINGUS, RAJASTHAN",0,0.0,8.71,25.71,Ignore
SHMH,0,0.0,4.02,25.71,Ignore
AKOTA,0,0.0,24.57,25.71,Ignore
"BAIKUNTHPUR, BAIKUNTHPUR, CHHATTISGARH",0,0.0,25.71,25.71,Ignore
BHOPAL COD CENTRE,0,0.0,4.18,25.7,Ignore
NAINITAL,0,0.0,22.76,25.7,Ignore
RAJSAMAND,0,0.0,24.43,25.69,Ignore
LKOH,0,0.0,9.81,25.69,Ignore
"BLR/KMG-EHV, BANGALORE, KARNATAKA",0,0.0,22.64,25.69,Ignore
BOM,0,0.0,25.69,25.69,Ignore
CHIRALA,0,0.0,9.64,25.68,Ignore
MEDAK,0,0.0,18.5,25.67,Ignore
"BHAVNAGAR, BHAVNAGAR, GUJARAT",0,0.0,8.37,25.67,Ignore
OOTY,0,0.0,9.92,25.66,Ignore
HAPUR,0,0.0,24.86,25.65,Ignore
SHIVMANDIR OFFICE,0,0.0,22.93,25.64,Ignore
HAMIRPUR,0,0.0,18.21,25.63,Ignore
"RTO/MAZ, MUMBAI, MAHARASHTRA",0,0.0,4.37,25.63,Ignore
"MUTHUKULATHUR, MUTHUKULATHUR, TAMIL NADU",0,0.0,25.34,25.62,Ignore
DUNDIGAL,0,0.0,23.48,25.62,Ignore
"JEHANABAD, BIHAR, IN",0,0.0,25.61,25.61,Ignore
"BBN/HUB, BHUBANESWAR, ORISSA",0,0.0,14.56,25.61,Ignore
"VRS/NSR, VARANASI, UTTAR PRADESH",0,0.0,25.5,25.61,Ignore
SANGAREDDY,0,0.0,11.25,25.61,Ignore
KOZHENCHERRY,0,0.0,25.6,25.6,Ignore
GNANABHARATHIOSH_BLR BANGALORE,0,0.0,6.86,25.6,Ignore
VASANTKUNJ COUNTER,0,0.0,18.67,25.59,Ignore
CNNR,0,0.0,17.44,25.59,Ignore
"MECHOGRAM, PANSKURA, WEST BENGAL",0,0.0,16.52,25.58,Ignore
DEHRADUN WAREHOUSE,0,0.0,8.97,25.58,Ignore
MURSHIDABAD,0,0.0,17.88,25.57,Ignore
GAYA,0,0.0,19.72,25.57,Ignore
PILANI VK PLAZA,0,0.0,18.42,25.57,Ignore
BHUBANESWAR,0,0.0,17.23,25.57,Ignore
GIDDALUR,0,0.0,15.26,25.57,Ignore
RAIPURCITYHUB_RPR RAIPUR,0,0.0,3.63,25.56,Ignore
JEJURI,0,0.0,11.46,25.56,Ignore
"HALOL, HALOL, GUJARAT",0,0.0,25.56,25.56,Ignore
WAGHOLI HUB,0,0.0,25.55,25.55,Ignore
"PCK/JA1, JAIPUR, RAJASTHAN",0,0.0,16.71,25.55,Ignore
RANIKHET,0,0.0,25.55,25.55,Ignore
NAJAFGARHHUB_DEL,0,0.0,0.66,25.54,Ignore
ROHINI ETAIL DELIVERIES,0,0.0,20.37,25.54,Ignore
"CHOPAN, CHOPAN, UTTAR PRADESH",0,0.0,25.54,25.54,Ignore
KAUSHAMBI,0,0.0,25.53,25.53,Ignore
PUPRI,0,0.0,25.53,25.53,Ignore
ANAPARTHI,0,0.0,25.53,25.53,Ignore
"PNQ/HDP, PUNE, MAHARASHTRA",0,0.0,11.65,25.53,Ignore
"DHARWAD, DHARWAD, KARNATAKA",0,0.0,10.53,25.53,Ignore
CHANDIGARH NEW EXPANSION,0,0.0,22.83,25.52,Ignore
ETAH,0,0.0,17.21,25.51,Ignore
ALIPUR ETAIL DELIVERY,0,0.0,16.82,25.51,Ignore
"AMBAJI, AMBAJI, GUJARAT",0,0.0,25.5,25.5,Ignore
DIGBOI,0,0.0,16.45,25.5,Ignore
OUTER-LUDHIANA,0,0.0,22.86,25.49,Ignore
VASCO COUNTER,0,0.0,24.96,25.49,Ignore
"BEHRAICH, BEHRAICH, UTTAR PRADESH",0,0.0,25.49,25.49,Ignore
TARUN STORE ZIRAKPUR,0,0.0,18.72,25.48,Ignore
BASHEERBAGH,0,0.0,5.05,25.48,Ignore
JHILMIL E-TAIL CENTRE,0,0.0,19.0,25.47,Ignore
GODHRA,0,0.0,21.3,25.47,Ignore
"BOKARO, BOKARO, JHARKHAND",0,0.0,8.86,25.46,Ignore
KASARAGOD,0,0.0,11.34,25.46,Ignore
"SAHARSA, SAHARSA, BIHAR",0,0.0,21.97,25.44,Ignore
JAMNAGAR DP OFFICE,0,0.0,19.82,25.42,Ignore
JIGANI - OPS FROM ELE/BLR,0,0.0,18.57,25.42,Ignore
"CHERPU, CHERPU, KERALA",0,0.0,25.41,25.41,Ignore
MASAURHI OFFICE,0,0.0,25.4,25.4,Ignore
"DEMOW, SIVSAGAR, ASSAM",0,0.0,16.2,25.39,Ignore
"BHIWADI, BHIWADI, RAJASTHAN",0,0.0,23.33,25.39,Ignore
MUSIRI,0,0.0,25.39,25.39,Ignore
GREATER NOIDA,0,0.0,12.05,25.37,Ignore
GWALIOR,0,0.0,12.93,25.37,Ignore
"GAU/BGH, GUWAHATI, ASSAM",0,0.0,20.23,25.37,Ignore
NASIK MINI HUB,0,0.0,17.58,25.37,Ignore
KAMOTHE,0,0.0,22.82,25.36,Ignore
MANDAPETA / RAVULAPALEM,0,0.0,25.36,25.36,Ignore
KANYAKUMARI,0,0.0,25.35,25.35,Ignore
SURAT - SUR,0,0.0,15.87,25.34,Ignore
"PANCHKULA, PANCHKULA, CHANDIGARH",0,0.0,23.63,25.34,Ignore
KUDAL,0,0.0,4.48,25.33,Ignore
JIGANI ETAIL CPU,0,0.0,7.4,25.33,Ignore
"DEL/GNA, DELHI NCR, DELHI",0,0.0,20.51,25.33,Ignore
ARWAL OFFICE,0,0.0,25.32,25.32,Ignore
GORAKHPUR WAREHOUSE,0,0.0,25.32,25.32,Ignore
VADODARA WAREHOUSE,0,0.0,7.0,25.32,Ignore
"PANAJI, GOA, IN",0,0.0,25.31,25.31,Ignore
"SAMANA, PATIALA, PUNJAB",0,0.0,23.63,25.31,Ignore
DEVANAHALLI,0,0.0,18.35,25.31,Ignore
"KHARKHODA, KHARKHODA, HARYANA",0,0.0,25.3,25.3,Ignore
MUTIL,0,0.0,12.93,25.29,Ignore
"KRISHNANAGAR1, KRISHNANAGAR, WEST BENGAL",0,0.0,25.29,25.29,Ignore
ORMANJHI,0,0.0,25.28,25.28,Ignore
SHAHABAD MARKANDA,0,0.0,25.27,25.27,Ignore
"BUHANA, BUHANA, RAJASTHAN",0,0.0,25.26,25.26,Ignore
"JIRIGHAT, FULERTAL, ASSAM",0,0.0,25.26,25.26,Ignore
"MAA/KKN-TML, CHENNAI, TAMIL NADU",0,0.0,22.87,25.26,Ignore
MADHEPURA,0,0.0,19.19,25.25,Ignore
DIXIT GAMES GONDAL,0,0.0,19.49,25.25,Ignore
"BASKANDI, FULERTAL, ASSAM",0,0.0,25.25,25.25,Ignore
"KARAULI, KARAULI, RAJASTHAN",0,0.0,24.46,25.25,Ignore
MANALI,0,0.0,23.45,25.24,Ignore
SARBERA,0,0.0,25.05,25.24,Ignore
"LATUR, LATUR, MAHARASHTRA",0,0.0,11.0,25.24,Ignore
GUDALUR,0,0.0,22.13,25.23,Ignore
ASANSOL BDEL,0,0.0,23.44,25.23,Ignore
NAWADA,0,0.0,24.62,25.23,Ignore
JIND,0,0.0,17.68,25.21,Ignore
"FATEHPUR RJ, JHUNJHUNU, RAJASTHAN",0,0.0,16.28,25.2,Ignore
RAIGARH,0,0.0,14.16,25.19,Ignore
YASHWANTPURA,0,0.0,25.19,25.19,Ignore
HASTHINAPURAM E-TAIL,0,0.0,21.52,25.18,Ignore
PARADIP,0,0.0,19.85,25.18,Ignore
"PNQ/KHD, PUNE, MAHARASHTRA",0,0.0,25.18,25.18,Ignore
PARDI VALSAD,0,0.0,24.71,25.17,Ignore
SIDHAULI (SITAPUR),0,0.0,25.17,25.17,Ignore
BANSDRONI,0,0.0,24.45,25.17,Ignore
AZADPUR ETAIL LOCATION,0,0.0,3.66,25.17,Ignore
ARAKKONAM REACH,0,0.0,25.0,25.16,Ignore
"IDR/LH1, INDORE, MADHYA PRADESH",0,0.0,9.62,25.16,Ignore
RAJNANDGAON,0,0.0,18.15,25.15,Ignore
JADAVPUR - COD,0,0.0,25.15,25.15,Ignore
DEVANHALLI,0,0.0,21.81,25.13,Ignore
"BLR/SKY-TML, BANGALORE, KARNATAKA",0,0.0,25.12,25.12,Ignore
DHROL,0,0.0,24.72,25.12,Ignore
JJ NAGAR,0,0.0,21.05,25.11,Ignore
RONAK STORE ROURKELA,0,0.0,15.01,25.11,Ignore
"GOTAN, GOTAN, RAJASTHAN",0,0.0,22.75,25.1,Ignore
"RTO/VASAI, MUMBAI, MAHARASHTRA",0,0.0,6.94,25.09,Ignore
BHAGALPUR,0,0.0,20.79,25.09,Ignore
KARUMATAMPATTY,0,0.0,21.13,25.09,Ignore
SARANGARH,0,0.0,15.03,25.09,Ignore
SANGRUR AREA OFFICE,0,0.0,22.83,25.09,Ignore
"CHIRAYINKEEZHU1, CHIRAYINKEEZHU, KERALA",0,0.0,25.08,25.08,Ignore
RJKM,0,0.0,3.59,25.07,Ignore
ATMAKUR REACH,0,0.0,25.07,25.07,Ignore
PALUS,0,0.0,25.07,25.07,Ignore
AMRELI,0,0.0,24.36,25.06,Ignore
"KATWA, KATWA, WEST BENGAL",0,0.0,25.06,25.06,Ignore
UDGIR,0,0.0,20.81,25.06,Ignore
GAZIPUR,0,0.0,25.05,25.05,Ignore
JAIGAON,0,0.0,18.47,25.04,Ignore
"VIL/SA-VPM, VILLUPURAM, TAMIL NADU",0,0.0,25.04,25.04,Ignore
"RNC/KNK, RANCHI, JHARKHAND",0,0.0,7.15,25.04,Ignore
JAIPUR VIDHADHAR NAGAR,0,0.0,20.13,25.03,Ignore
"LUDHIANA, PUNJAB, IN",0,0.0,13.17,25.03,Ignore
"HANDIA, HANDIA, UTTAR PRADESH",0,0.0,21.36,25.03,Ignore
"RAIPUR/HUB, RAIPUR, CHHATTISGARH",0,0.0,13.21,25.03,Ignore
"DHILWAN, DHILWAN, PUNJAB",0,0.0,25.0,25.0,Ignore
DHANBAD BDEL,0,0.0,22.13,25.0,Ignore
BULANDSHAHAR,0,0.0,21.93,25.0,Ignore
BURHAR,0,0.0,14.68,25.0,Ignore
PURASAWALKAM,0,0.0,21.48,24.99,Ignore
UDYOGVIHAR ETAIL CENTRE,0,0.0,22.86,24.98,Ignore
NEYVELI,0,0.0,14.05,24.97,Ignore
VYARA,0,0.0,10.69,24.97,Ignore
"UNNAO, UTTAR PRADESH, IN",0,0.0,14.82,24.97,Ignore
DINHATA,0,0.0,24.96,24.96,Ignore
LAXMI SHOPING CENTER THANE,0,0.0,24.96,24.96,Ignore
KANPUR HUB,0,0.0,13.62,24.95,Ignore
"JHAJJAR, HARYANA, IN",0,0.0,24.95,24.95,Ignore
JETPUR,0,0.0,15.43,24.95,Ignore
"GOHAD, GOHAD, MADHYA PRADESH",0,0.0,24.94,24.94,Ignore
GARIA BDEL,0,0.0,24.1,24.94,Ignore
"KARJAT, MAHARASHTRA, IN",0,0.0,24.94,24.94,Ignore
NEW THIPPASANDRA,0,0.0,19.3,24.93,Ignore
SHRIRAMPUR,0,0.0,14.43,24.92,Ignore
BANARHAT OFFICE,0,0.0,16.68,24.92,Ignore
FARRUKHABAD,0,0.0,18.43,24.91,Ignore
AAQIB AHMAD MEERUT,0,0.0,24.91,24.91,Ignore
ALIGANJ,0,0.0,22.44,24.9,Ignore
BHILAI,0,0.0,20.06,24.89,Ignore
NASHIK HUB NASHIK,0,0.0,6.18,24.89,Ignore
"SAVARKUNDLA, SAVARKUNDLA, GUJARAT",0,0.0,24.89,24.89,Ignore
MORADABAD,0,0.0,12.37,24.87,Ignore
HABRA,0,0.0,24.62,24.86,Ignore
GANAUR,0,0.0,23.65,24.86,Ignore
"HARDA1, HARDA, MADHYA PRADESH",0,0.0,13.6,24.86,Ignore
"CHANDRAGIRI AP, CHANDRAGIRI, ANDHRA PRADESH",0,0.0,16.05,24.86,Ignore
"UDHAMPUR, UDHAMPUR, JAMMU AND KASHMIR",0,0.0,24.85,24.85,Ignore
"GAYA, GAYA, BIHAR",0,0.0,9.08,24.85,Ignore
SHIRUR RANJANGAON,0,0.0,24.85,24.85,Ignore
ARMOOR,0,0.0,24.83,24.83,Ignore
NARASAPURA,0,0.0,24.83,24.83,Ignore
THRIPRAYAR,0,0.0,14.72,24.83,Ignore
WARDHANNAPET REACH,0,0.0,23.67,24.83,Ignore
"FEROZEPUR, FEROZEPUR, PUNJAB",0,0.0,22.87,24.83,Ignore
MAHI KIRANA STORE FARIDABAD,0,0.0,24.82,24.82,Ignore
KEONJHAR,0,0.0,21.44,24.82,Ignore
TASGAON,0,0.0,24.82,24.82,Ignore
KORBA,0,0.0,18.25,24.81,Ignore
CHANNRAYAPATNA,0,0.0,24.8,24.8,Ignore
MPC SERVICE CENTRE,0,0.0,22.25,24.8,Ignore
LASTMILE E-TAIL DELIVERY,0,0.0,16.93,24.8,Ignore
"AKOLA, AKOLA, MAHARASHTRA",0,0.0,24.79,24.79,Ignore
PEHOWA,0,0.0,24.55,24.79,Ignore
"IDR/RJN, INDORE, MADHYA PRADESH",0,0.0,24.28,24.79,Ignore
MALUR,0,0.0,0.41,24.79,Ignore
"MUZAFFARPUR, MUZAFFARPUR, BIHAR",0,0.0,24.79,24.79,Ignore
"RTO/AMD, AHMEDABAD, GUJARAT",0,0.0,10.44,24.79,Ignore
"CHIKKAMAGALURU, KARNATAKA, IN",0,0.0,23.99,24.78,Ignore
KANGEYAM ROAD TIRUPUR,0,0.0,21.77,24.78,Ignore
"NOIDA/MRA, DELHI NCR, DELHI",0,0.0,21.07,24.78,Ignore
PUDUKKOTTAI,0,0.0,24.41,24.78,Ignore
"HYD/WAR-TML, HYDERABAD, TELANGANA",0,0.0,23.47,24.77,Ignore
ANANTAPUR,0,0.0,8.34,24.75,Ignore
NARKATIYAGANJ,0,0.0,21.82,24.74,Ignore
GWALIOR E-TAIL,0,0.0,24.22,24.74,Ignore
"CCU/NOAPARA-TML, KOLKATA, WEST BENGAL",0,0.0,20.15,24.74,Ignore
TENKASI,0,0.0,19.07,24.74,Ignore
HOSHIARPUR ETAIL / PICKUP,0,0.0,23.78,24.73,Ignore
ULUBERIA BDEL,0,0.0,24.73,24.73,Ignore
SIKKA,0,0.0,23.89,24.73,Ignore
IGATPURI,0,0.0,24.73,24.73,Ignore
"CHINDWARA, CHINDWARA, MADHYA PRADESH",0,0.0,24.27,24.72,Ignore
SONARI,0,0.0,16.36,24.72,Ignore
ANANDAPUR,0,0.0,8.06,24.72,Ignore
BHONGIR,0,0.0,19.66,24.71,Ignore
"VPI/HUB, VAPI, GUJARAT",0,0.0,7.14,24.71,Ignore
NAMR,0,0.0,24.57,24.7,Ignore
MALEGAON,0,0.0,23.68,24.7,Ignore
"AKKALKOT, AKKALKOT, MAHARASHTRA",0,0.0,24.69,24.69,Ignore
"GWL/LSK, GWALIOR, MADHYA PRADESH",0,0.0,21.94,24.69,Ignore
"CCU/GARIA-TML, KOLKATA, WEST BENGAL",0,0.0,24.13,24.68,Ignore
MUMBAI EAST WAREHOUSE,0,0.0,2.92,24.68,Ignore
"KARUR-TML, KARUR, TAMIL NADU",0,0.0,17.02,24.67,Ignore
ASKA OFFICE,0,0.0,24.67,24.67,Ignore
RAMNAGARA,0,0.0,22.48,24.66,Ignore
"BHO/SA-NMB, BHOPAL, MADHYA PRADESH",0,0.0,22.92,24.64,Ignore
SHIVAMOGGA,0,0.0,23.82,24.64,Ignore
HAZARIBAG OFFICE,0,0.0,24.4,24.63,Ignore
"DEOPUR, NASHIK, MAHARASHTRA",0,0.0,24.62,24.62,Ignore
ARAMBAGH,0,0.0,7.63,24.61,Ignore
"SHAJAPUR, SHAJAPUR, MADHYA PRADESH",0,0.0,24.61,24.61,Ignore
"HALENA, HALENA, RAJASTHAN",0,0.0,21.25,24.6,Ignore
AMBIKAPUR,0,0.0,8.82,24.59,Ignore
THIRUTHURAIPOONDI,0,0.0,14.61,24.59,Ignore
BAGALKOT,0,0.0,6.57,24.59,Ignore
"BLR/PEN-TML, BANGALORE, KARNATAKA",0,0.0,23.17,24.57,Ignore
DHARAMPUR,0,0.0,22.53,24.56,Ignore
DHANPURA,0,0.0,19.1,24.55,Ignore
"PCK/SEC, HYDERABAD, TELANGANA",0,0.0,6.68,24.54,Ignore
KUNDAPURA,0,0.0,22.83,24.54,Ignore
SHAH ENTERPRISES GOREGAON MUMBAI,0,0.0,22.46,24.54,Ignore
CHAMPA,0,0.0,20.38,24.53,Ignore
"BLR/SA-KGP, BANGALORE, KARNATAKA",0,0.0,24.11,24.53,Ignore
CHAMKAUR,0,0.0,23.25,24.52,Ignore
"JOBAT, JOBAT, MADHYA PRADESH",0,0.0,24.52,24.52,Ignore
"VILATHIKULAM, VILATHIKULAM, TAMIL NADU",0,0.0,24.51,24.51,Ignore
"BODINAYAKANUR, BODINAYAKANUR, TAMIL NADU",0,0.0,23.79,24.51,Ignore
BERHAMPUR,0,0.0,14.94,24.51,Ignore
"JAITARAN, JAITARAN, RAJASTHAN",0,0.0,24.51,24.51,Ignore
PNJ GROUND WAREHOUSE,0,0.0,7.38,24.49,Ignore
"HUBLI/SUB URB, HUBLI, KARNATAKA",0,0.0,21.57,24.49,Ignore
"MASRAKH, MASHRAKH, BIHAR",0,0.0,22.51,24.49,Ignore
"KHL/HUB, KOLHAPUR, MAHARASHTRA",0,0.0,8.47,24.48,Ignore
"DHEMAJI, DHEMAJI, ASSAM",0,0.0,24.47,24.47,Ignore
BOPAL SVC,0,0.0,9.92,24.47,Ignore
MADHUBANI REACH,0,0.0,21.43,24.47,Ignore
NAGPUR AIR HUB,0,0.0,11.15,24.47,Ignore
VALANCHERY,0,0.0,24.47,24.47,Ignore
"RNC/MBD-TML, RANCHI, JHARKHAND",0,0.0,21.85,24.47,Ignore
MAHENDRAGARH,0,0.0,24.26,24.46,Ignore
AMRAPATA,0,0.0,24.45,24.45,Ignore
"DHOLPUR, DHOLPUR, RAJASTHAN",0,0.0,19.06,24.45,Ignore
"VIJAYAWADA, ANDHRA PRADESH, IN",0,0.0,6.58,24.44,Ignore
"BHO/HUB, BHOPAL, MADHYA PRADESH",0,0.0,13.28,24.44,Ignore
"BERHAMPUR, BERHAMPUR, ORISSA",0,0.0,15.18,24.44,Ignore
0,0,0.0,12.1,24.43,Ignore
TAMBARAM,0,0.0,8.83,24.43,Ignore
"OTHAKADAI, OTTHAKADAI, TAMIL NADU",0,0.0,18.8,24.43,Ignore
"DEL/ASV1, NEW DELHI, DELHI",0,0.0,18.53,24.42,Ignore
JASHIPUR,0,0.0,24.4,24.4,Ignore
REHABARI OFFICE,0,0.0,22.07,24.4,Ignore
MOTHERHUB_VJN VIJAYAWADA,0,0.0,10.54,24.39,Ignore
WAZIRPUR E-TAIL,0,0.0,19.7,24.39,Ignore
KAROND,0,0.0,21.87,24.39,Ignore
MODASA,0,0.0,23.35,24.39,Ignore
KOTE HOLENARSIPURA,0,0.0,12.24,24.39,Ignore
"TSK/DDM, DOOMDOOMA, ASSAM",0,0.0,24.38,24.38,Ignore
ALVI GENERAL STORE NEW DELHI,0,0.0,14.78,24.37,Ignore
HISSAR CANTONMENT,0,0.0,21.47,24.36,Ignore
TUMSAR,0,0.0,23.14,24.34,Ignore
SIHORA,0,0.0,12.79,24.34,Ignore
NALBARI,0,0.0,24.33,24.33,Ignore
"FARIDABAD, HARYANA, IN",0,0.0,14.21,24.33,Ignore
ATIF GENERAL STORE NEW DELHI,0,0.0,24.33,24.33,Ignore
"NAGROTA, NAGROTA, JAMMU AND KASHMIR",0,0.0,24.33,24.33,Ignore
"HOSHIARPUR, HOSHIARPUR, PUNJAB",0,0.0,21.35,24.32,Ignore
HOWRAH,0,0.0,10.73,24.32,Ignore
SIW-APX SFC ETAIL PUD,0,0.0,24.32,24.32,Ignore
MAHRAJGANJ,0,0.0,24.32,24.32,Ignore
KALLAKURICHI,0,0.0,10.92,24.31,Ignore
"DHARMANAGAR, DHARMANAGAR, TRIPURA",0,0.0,24.31,24.31,Ignore
CHANDRASHEKHARPUR,0,0.0,19.52,24.31,Ignore
BEHALA CHOWRASTA,0,0.0,23.36,24.3,Ignore
"BARAN, BARAN, RAJASTHAN",0,0.0,24.29,24.29,Ignore
"NSK HUB, NASHIK, MAHARASHTRA",0,0.0,7.09,24.29,Ignore
KADI,0,0.0,22.01,24.28,Ignore
AVADI,0,0.0,14.93,24.28,Ignore
"SRT/KTG, SURAT, GUJARAT",0,0.0,20.45,24.28,Ignore
PUNALUR,0,0.0,24.28,24.28,Ignore
MANDAPAM,0,0.0,22.96,24.28,Ignore
"RTO/CHD, BANGALORE, KARNATAKA",0,0.0,22.06,24.28,Ignore
"IXS/HUB, SILCHAR, ASSAM",0,0.0,14.29,24.27,Ignore
KOCHI,0,0.0,21.83,24.26,Ignore
KAKINADA,0,0.0,6.99,24.25,Ignore
SIDHI,0,0.0,21.74,24.25,Ignore
BANSWADA,0,0.0,24.25,24.25,Ignore
RAFIGANJ,0,0.0,24.24,24.24,Ignore
"KAKINARA-TML, KOLKATA, WEST BENGAL",0,0.0,19.75,24.23,Ignore
KARIMNAGAR,0,0.0,15.27,24.23,Ignore
"CHANDIGARH, CHANDIGARH, CHANDIGARH",0,0.0,24.23,24.23,Ignore
BHUBANESWAR PUD (BBNE),0,0.0,21.5,24.22,Ignore
BANNERGHATA,0,0.0,8.37,24.22,Ignore
SALEM,0,0.0,12.21,24.21,Ignore
KAMREJ,0,0.0,15.43,24.21,Ignore
"MADHUBANI2, MADHUBANI, BIHAR",0,0.0,23.11,24.19,Ignore
"BASTI, BASTI, UTTAR PRADESH",0,0.0,9.9,24.19,Ignore
MANALI SERVICE CENTRE,0,0.0,23.73,24.19,Ignore
"RADHANPUR, RADHANPUR, GUJARAT",0,0.0,24.19,24.19,Ignore
SAMALKHA,0,0.0,24.18,24.18,Ignore
"FBD/EHV, DELHI NCR, DELHI",0,0.0,24.18,24.18,Ignore
"JAWALA ARNI, ARNI, MAHARASHTRA",0,0.0,24.18,24.18,Ignore
"THONDAMUTHUR, THONDAMUTHUR, TAMIL NADU",0,0.0,24.17,24.17,Ignore
ROTS,0,0.0,22.65,24.17,Ignore
ASHTA,0,0.0,23.33,24.17,Ignore
"JOBNER, KALWAR, RAJASTHAN",0,0.0,18.07,24.15,Ignore
THIRUNINRAVUR,0,0.0,17.2,24.15,Ignore
"VERAVAL, VERAVAL, GUJARAT",0,0.0,17.11,24.15,Ignore
PALAI,0,0.0,24.08,24.14,Ignore
"GAU/JLK, GUWAHATI, ASSAM",0,0.0,21.04,24.14,Ignore
"DEULGAON RAJA, MAHARASHTRA, IN",0,0.0,24.13,24.13,Ignore
UNNAO,0,0.0,16.27,24.13,Ignore
SATHIAMANGALAM,0,0.0,24.13,24.13,Ignore
REWA,0,0.0,17.67,24.13,Ignore
PATNA HUB (PATW),0,0.0,19.09,24.13,Ignore
CHAIBASA,0,0.0,24.13,24.13,Ignore
ELURU REACH,0,0.0,24.13,24.13,Ignore
BANAGANAPALLE,0,0.0,21.53,24.13,Ignore
PASCHIM VIHAR ETAIL,0,0.0,18.67,24.13,Ignore
RAMPURHAT,0,0.0,24.12,24.12,Ignore
DARBHANGA REACH,0,0.0,24.12,24.12,Ignore
MOTHERHUB_DEL JHAJJHAR,0,0.0,11.07,24.12,Ignore
SAKINAKA,0,0.0,9.6,24.09,Ignore
DHUBRI,0,0.0,14.64,24.09,Ignore
SAMBA,0,0.0,21.14,24.08,Ignore
THIC,0,0.0,24.08,24.08,Ignore
"BLR/INR-TML, BANGALORE, KARNATAKA",0,0.0,18.12,24.08,Ignore
"DEL/SLG, DELHI NCR, DELHI",0,0.0,21.98,24.08,Ignore
GURGAON CPC,0,0.0,10.95,24.08,Ignore
"ASHTA, MADHYA PRADESH, IN",0,0.0,24.06,24.06,Ignore
RAMPUR BUSHAHR,0,0.0,24.05,24.05,Ignore
"JLD/JUC, JALANDHAR, PUNJAB",0,0.0,21.31,24.04,Ignore
MANJARI,0,0.0,24.03,24.03,Ignore
SIROHI,0,0.0,23.25,24.03,Ignore
"DUMRAON, BIHAR, IN",0,0.0,23.9,24.03,Ignore
"VPT/NAD, VISAKHAPATNAM, ANDHRA PRADESH",0,0.0,22.22,24.02,Ignore
SITARGANJ EXPANSION,0,0.0,24.02,24.02,Ignore
NILAV NAVSARI,0,0.0,15.95,24.02,Ignore
"AKIVIDU, AKIVIDU, ANDHRA PRADESH",0,0.0,21.61,24.02,Ignore
EAST DELHI ETAIL,0,0.0,20.82,24.02,Ignore
MUL,0,0.0,22.48,24.0,Ignore
BLUE DART CENTRE,0,0.0,14.08,24.0,Ignore
NIRMAL,0,0.0,20.4,24.0,Ignore
HAUZ,0,0.0,17.57,24.0,Ignore
"UDARBOND, UDARBOND, ASSAM",0,0.0,22.83,23.99,Ignore
"KARUKACHAL, KOTTIYAM, KERALA",0,0.0,23.99,23.99,Ignore
"LKO/LKO, LUCKNOW, UTTAR PRADESH",0,0.0,11.64,23.99,Ignore
NAWANSHAHR,0,0.0,16.62,23.98,Ignore
"MANKUVA, BHUJ, GUJARAT",0,0.0,20.56,23.98,Ignore
BRAJRAJ NAGAR,0,0.0,23.97,23.97,Ignore
TIRUCHIRAPALLI CITY,0,0.0,20.04,23.97,Ignore
BADVEL,0,0.0,11.03,23.96,Ignore
"FATEHABAD HR, FATEHABAD HR, HARYANA",0,0.0,10.52,23.95,Ignore
AIR HUB IN BBW,0,0.0,14.26,23.95,Ignore
"AGRA, AGRA, UTTAR PRADESH",0,0.0,21.84,23.94,Ignore
KAITHAL,0,0.0,17.49,23.93,Ignore
"VLR/SA-KPD, VELLORE, TAMIL NADU",0,0.0,22.18,23.93,Ignore
"DUNGARPUR1, DUNGARPUR, RAJASTHAN",0,0.0,12.55,23.92,Ignore
MUMBAI,0,0.0,11.97,23.91,Ignore
PERINTALMANNA,0,0.0,19.97,23.91,Ignore
PANCHKULA WAREHOUSE,0,0.0,23.29,23.9,Ignore
LUNAWADA,0,0.0,23.66,23.9,Ignore
SIVAGANGAI,0,0.0,17.79,23.9,Ignore
"UPLETA, UPLETA, GUJARAT",0,0.0,23.04,23.88,Ignore
"NIPPANI, NIPANI, KARNATAKA",0,0.0,22.66,23.88,Ignore
YAWATMAL OUTER,0,0.0,22.98,23.88,Ignore
NAGOTHANE,0,0.0,23.88,23.88,Ignore
OOTY HUB OOTY,0,0.0,4.56,23.85,Ignore
THRISSUR,0,0.0,11.47,23.84,Ignore
LUDHIANA - LDH,0,0.0,12.45,23.84,Ignore
BALASORE,0,0.0,18.7,23.83,Ignore
DALHOUSIE,0,0.0,21.53,23.83,Ignore
BHOPAL WAREHOUSE,0,0.0,19.27,23.83,Ignore
LUCKNOW WAREHOUSE,0,0.0,17.28,23.82,Ignore
EX WASHIM,0,0.0,23.82,23.82,Ignore
TANUKUHUB_TKU,0,0.0,23.8,23.8,Ignore
"BORSAD, GUJARAT, IN",0,0.0,23.79,23.79,Ignore
"BUDAUN, UTTAR PRADESH, IN",0,0.0,19.92,23.78,Ignore
CUMBAM,0,0.0,23.78,23.78,Ignore
BILLGI,0,0.0,23.52,23.78,Ignore
JHALAWAR,0,0.0,23.77,23.77,Ignore
VISHAKAPATNAM,0,0.0,10.54,23.77,Ignore
ANAND DAIRY NEW DELHI,0,0.0,23.77,23.77,Ignore
FARIDKOT,0,0.0,14.11,23.77,Ignore
MADHYA MARG OFFICE,0,0.0,6.47,23.76,Ignore
RJK HUB,0,0.0,16.03,23.75,Ignore
BUXAR,0,0.0,23.75,23.75,Ignore
"GANGTOK3, GANGTOK, SIKKIM",0,0.0,8.38,23.75,Ignore
BANER SERVICE CENTRE,0,0.0,5.13,23.75,Ignore
"KARAIKAL, KARAIKAL, TAMIL NADU",0,0.0,23.11,23.74,Ignore
PAKALA,0,0.0,23.03,23.74,Ignore
"METTUR, METTUR, TAMIL NADU",0,0.0,7.47,23.74,Ignore
"GOPIBALLAVPUR, GOPIBALLAVPUR, WEST BENGAL",0,0.0,20.57,23.74,Ignore
KHANDWA,0,0.0,13.28,23.73,Ignore
JANGAON,0,0.0,12.38,23.73,Ignore
CHURU,0,0.0,18.54,23.72,Ignore
HSW APEX/SFC PUD CENTRE,0,0.0,23.72,23.72,Ignore
"CHALISGAON, CHALISGAON, MAHARASHTRA",0,0.0,20.47,23.72,Ignore
"BOM/RVP, MUMBAI, MAHARASHTRA",0,0.0,9.26,23.71,Ignore
PIMPALGAON,0,0.0,22.6,23.71,Ignore
"NAGDA, NAGDA, MADHYA PRADESH",0,0.0,20.53,23.71,Ignore
THARAD,0,0.0,23.7,23.7,Ignore
K R PETE,0,0.0,23.68,23.68,Ignore
HINJEWADI PUD CENTRE,0,0.0,23.67,23.67,Ignore
BALAGHAT OFFICE,0,0.0,23.67,23.67,Ignore
"PALANPUR1, PALANPUR, GUJARAT",0,0.0,5.27,23.66,Ignore
DATIA,0,0.0,11.67,23.66,Ignore
NALIYA,0,0.0,23.65,23.65,Ignore
"PARATWADDA, PARATWADDA, MAHARASHTRA",0,0.0,23.64,23.64,Ignore
MAHOBA,0,0.0,20.95,23.64,Ignore
VARTHUR,0,0.0,23.63,23.63,Ignore
"LONAVALA, MAHARASHTRA, IN",0,0.0,23.63,23.63,Ignore
RAI/CHG RAIPUR,0,0.0,12.98,23.62,Ignore
"DEL/GZB, DELHI NCR, DELHI",0,0.0,18.93,23.6,Ignore
"AJMER, AJMER, RAJASTHAN",0,0.0,22.86,23.6,Ignore
"BISHALGARH, BISHALGARH, TRIPURA",0,0.0,22.87,23.59,Ignore
SATHISH TEA STALL MADURAI,0,0.0,21.93,23.59,Ignore
"ASIFABAD TG, ASIFABAD, TELANGANA",0,0.0,23.58,23.58,Ignore
VIT SERVICE CENTRE,0,0.0,23.57,23.57,Ignore
JAM JODHPUR,0,0.0,23.57,23.57,Ignore
ABOHAR,0,0.0,13.69,23.56,Ignore
VIZAGTCHUB_VTZ VISAKHAPATNAM,0,0.0,21.68,23.55,Ignore
NAGERCOIL,0,0.0,17.07,23.55,Ignore
PEENYA COUNTER,0,0.0,22.61,23.55,Ignore
"DEHUGAON, PUNE, MAHARASHTRA",0,0.0,22.19,23.54,Ignore
MOHLA,0,0.0,14.92,23.54,Ignore
TIRUVARUR,0,0.0,22.24,23.53,Ignore
CHANDANNAGAR,0,0.0,10.03,23.53,Ignore
SHERGHATI,0,0.0,18.7,23.53,Ignore
DOMLURHUB_BLR,0,0.0,23.5,23.5,Ignore
"PCK/FBD, DELHI NCR, DELHI",0,0.0,16.39,23.5,Ignore
KHARGHAR,0,0.0,16.65,23.48,Ignore
"CCU/DLP, KOLKATA, WEST BENGAL",0,0.0,21.29,23.48,Ignore
"BALASORE, BALASORE, ORISSA",0,0.0,10.94,23.48,Ignore
KRISHAN NEW DELHI,0,0.0,22.72,23.48,Ignore
SANJU TRADING PANCHKULA,0,0.0,23.47,23.47,Ignore
THIRUVERUMBUR,0,0.0,11.46,23.47,Ignore
KOTHAGIRI,0,0.0,23.47,23.47,Ignore
CHALISGAON,0,0.0,16.98,23.45,Ignore
"UDHNA GJ, SURAT, GUJARAT",0,0.0,17.48,23.45,Ignore
PANIPAT,0,0.0,10.87,23.45,Ignore
"BAREILLY, BAREILLY, UTTAR PRADESH",0,0.0,7.05,23.45,Ignore
"AHN/SVD-TML, AHMEDNAGAR, MAHARASHTRA",0,0.0,23.45,23.45,Ignore
"BLR/SA-BOMM, BANGALORE, KARNATAKA",0,0.0,23.05,23.43,Ignore
"YAVATMAL, MAHARASHTRA, IN",0,0.0,23.43,23.43,Ignore
TIRUNELVELI,0,0.0,18.1,23.43,Ignore
AMRITSAR OUTER,0,0.0,23.43,23.43,Ignore
SOMARAM PUD,0,0.0,12.55,23.42,Ignore
RAEBARELI,0,0.0,23.42,23.42,Ignore
"JATNI, JATNI, ORISSA",0,0.0,17.16,23.39,Ignore
"RAMPUR BAGHELAN MP, RAMPUR BAGHELAN MP, MADHYA PRADESH",0,0.0,18.97,23.39,Ignore
JAMDOLI,0,0.0,18.58,23.39,Ignore
"SLP/HUB, SOLAPUR, MAHARASHTRA",0,0.0,10.62,23.39,Ignore
KOCHI HUB,0,0.0,13.71,23.39,Ignore
MUMMIDIVARAM REACH,0,0.0,23.38,23.38,Ignore
MANDVI,0,0.0,23.38,23.38,Ignore
SRIPERUMBUDUR,0,0.0,22.23,23.38,Ignore
BODHAN REACH,0,0.0,22.77,23.37,Ignore
"RTO/FC1, BANGALORE, KARNATAKA",0,0.0,13.74,23.37,Ignore
SIRSA EXPANSION,0,0.0,22.6,23.37,Ignore
WARDHA ROAD OFFICE,0,0.0,1.33,23.36,Ignore
AMBUR,0,0.0,22.41,23.36,Ignore
"RAIGARH, RAIGARH, CHHATTISGARH",0,0.0,18.37,23.35,Ignore
JHARGRAM,0,0.0,22.48,23.35,Ignore
MADURAI,0,0.0,9.94,23.35,Ignore
GOSSAIGAON,0,0.0,23.14,23.34,Ignore
DUDUKAODH_DDK SUNDARGARH,0,0.0,23.34,23.34,Ignore
KUSHWAHA MANISH STORE GAUTAM BUDDHA NAGAR,0,0.0,23.34,23.34,Ignore
MUNDAKA COD UNIT,0,0.0,2.92,23.33,Ignore
BHARUCH OFFICE,0,0.0,23.33,23.33,Ignore
RAHA,0,0.0,22.53,23.33,Ignore
MASJID,0,0.0,13.99,23.32,Ignore
MORINDA,0,0.0,21.55,23.32,Ignore
MANGALAPURAM,0,0.0,14.27,23.32,Ignore
BARWANI,0,0.0,23.32,23.32,Ignore
DARJEELING OFFICE,0,0.0,23.3,23.3,Ignore
RAJAMPET,0,0.0,14.29,23.29,Ignore
"SEELANAIKENPATTI, SALEM, TAMIL NADU",0,0.0,20.41,23.28,Ignore
NAKODAR,0,0.0,18.52,23.27,Ignore
BHULAR COSMETIC SHOP MOHALI,0,0.0,23.27,23.27,Ignore
NAVSARI,0,0.0,11.71,23.27,Ignore
"ULU/AMT-TML, HOWRAH, WEST BENGAL",0,0.0,19.28,23.26,Ignore
"MANVI, MANVI, KARNATAKA",0,0.0,23.25,23.25,Ignore
"BHILWARA, RAJASTHAN, IN",0,0.0,17.45,23.25,Ignore
GUDIWADA,0,0.0,16.42,23.25,Ignore
JEEDIMETLA CPU,0,0.0,16.87,23.24,Ignore
JAI SHREE RAAM NEW DELHI,0,0.0,23.23,23.23,Ignore
JAI/BTS JAIPUR,0,0.0,6.68,23.2,Ignore
FORBISGANJ,0,0.0,23.09,23.2,Ignore
CHANDRAN NAGAR,0,0.0,23.2,23.2,Ignore
NAGARKURNOOL,0,0.0,22.02,23.19,Ignore
PURI EXPANSION,0,0.0,23.18,23.18,Ignore
"ALLAHABAD, ALLAHABAD, UTTAR PRADESH",0,0.0,23.18,23.18,Ignore
KORUTLA REACH,0,0.0,23.17,23.17,Ignore
VANIYAMBADI,0,0.0,12.38,23.17,Ignore
MEMCO OFFICE,0,0.0,11.42,23.15,Ignore
COCHIN APX/SFC PUD CENTRE,0,0.0,14.93,23.15,Ignore
MANOJ JENRAL STORE BHARATPUR,0,0.0,5.71,23.14,Ignore
AIR HUB IN RAW,0,0.0,12.23,23.13,Ignore
MUNIRABAD,0,0.0,20.14,23.13,Ignore
"KADI GJ, KADI GJ, GUJARAT",0,0.0,13.59,23.13,Ignore
"KODAI ROAD, DINDUGUL, TAMIL NADU",0,0.0,23.13,23.13,Ignore
BAIJNATH,0,0.0,21.06,23.13,Ignore
MOTHERHUB_FRK FARUKHNAGAR,0,0.0,12.5,23.12,Ignore
BABA KIRANA STORE BHOPAL,0,0.0,23.11,23.11,Ignore
MORADABAD HUB,0,0.0,9.37,23.11,Ignore
"KANOTA, KANOTA, RAJASTHAN",0,0.0,16.01,23.1,Ignore
MALVINAGAR,0,0.0,19.53,23.1,Ignore
"VIDISHA, VIDISHA, MADHYA PRADESH",0,0.0,15.47,23.09,Ignore
"DEL/GNA1, DELHI NCR, DELHI",0,0.0,11.81,23.08,Ignore
JAGTAI,0,0.0,23.07,23.07,Ignore
PEN,0,0.0,23.07,23.07,Ignore
"SARDARSHAHAR, SARDARSHAHAR, RAJASTHAN",0,0.0,21.11,23.07,Ignore
RADHANPUR,0,0.0,21.42,23.06,Ignore
KENDRAPADA,0,0.0,23.05,23.05,Ignore
BALURGHAT ULTRA FRUGAL,0,0.0,22.18,23.05,Ignore
SHYAM SUNDER NEW DELHI,0,0.0,20.89,23.04,Ignore
"VATADARA, VATADARA, GUJARAT",0,0.0,22.14,23.04,Ignore
"CHEBBI, LAKSHMESHWARA, KARNATAKA",0,0.0,21.84,23.04,Ignore
NAGAON OFFICE,0,0.0,22.88,23.04,Ignore
GAURELLA,0,0.0,23.04,23.04,Ignore
UDUPI,0,0.0,21.79,23.04,Ignore
"RNC/KKR, RANCHI, JHARKHAND",0,0.0,11.8,23.04,Ignore
MAHADEVAPURA INDUS. AREA,0,0.0,20.9,23.01,Ignore
"VALASE SATARA, SATARA, MAHARASHTRA",0,0.0,17.71,23.0,Ignore
MUJEEB(HOME) KOZHIKODE,0,0.0,20.7,23.0,Ignore
BIHTA OFFICE,0,0.0,23.0,23.0,Ignore
ATTUR,0,0.0,15.27,22.99,Ignore
"JHALAWAR, JHALAWAR, RAJASTHAN",0,0.0,21.77,22.98,Ignore
ARANTHANGI,0,0.0,22.98,22.98,Ignore
BHACHAU,0,0.0,22.98,22.98,Ignore
"BALLY, BATANAGAR, WEST BENGAL",0,0.0,22.98,22.98,Ignore
"GOLAGHAT, GOLAGHAT, ASSAM",0,0.0,22.98,22.98,Ignore
"DEL/KLJ, NEW DELHI, DELHI",0,0.0,17.23,22.97,Ignore
BAGHPAT,0,0.0,22.97,22.97,Ignore
AGRA SFC/APEX PUD,0,0.0,22.97,22.97,Ignore
MANI HOME STORE BANGALORE,0,0.0,22.96,22.96,Ignore
ZIRAKPUR,0,0.0,12.85,22.96,Ignore
"NAGERCOIL1, NAGERCOIL, TAMIL NADU",0,0.0,18.79,22.96,Ignore
SHAMSHABAD,0,0.0,22.13,22.95,Ignore
"RAJKOT, GUJARAT, IN",0,0.0,22.95,22.95,Ignore
"MAA/SNR-EHV, CHENNAI, TAMIL NADU",0,0.0,21.79,22.94,Ignore
"SBP/HUB, SAMBALPUR, ORISSA",0,0.0,12.85,22.94,Ignore
"BLR/UTR-TML, BANGALORE, KARNATAKA",0,0.0,20.41,22.94,Ignore
MOTHERHUB_ABD AHMEDABAD,0,0.0,9.56,22.94,Ignore
VIKASNAGAR,0,0.0,22.94,22.94,Ignore
"DEL/GNA-EHV, DELHI NCR, DELHI",0,0.0,3.28,22.93,Ignore
"BLR/MMD-TML, BANGALORE, KARNATAKA",0,0.0,21.49,22.92,Ignore
PALAM SERVICE CENTRE,0,0.0,22.92,22.92,Ignore
"JARMUNDI, JARMUNDI, JHARKHAND",0,0.0,22.9,22.9,Ignore
AJAY GOSWAMI SHIVPURI,0,0.0,22.89,22.89,Ignore
PONDICHERRY MINI HUB,0,0.0,11.52,22.88,Ignore
"DEL/DLF, DELHI NCR, DELHI",0,0.0,10.82,22.88,Ignore
SONU KIRANA STORE NEW DELHI,0,0.0,22.88,22.88,Ignore
"PHALODI, PHALODI, RAJASTHAN",0,0.0,21.04,22.88,Ignore
SIURI,0,0.0,16.72,22.88,Ignore
"CCU/DDM, KOLKATA, WEST BENGAL",0,0.0,21.34,22.87,Ignore
NAKHATRANA,0,0.0,22.87,22.87,Ignore
FARIDABAD - FAR,0,0.0,16.55,22.87,Ignore
MOTHERHUB_PAT_BTS PATNA,0,0.0,10.27,22.86,Ignore
ABHISHEK GANDI PARVATHIPURAM,0,0.0,22.86,22.86,Ignore
BOWENPALLY,0,0.0,11.48,22.86,Ignore
RAIKWAR STORE NOIDA,0,0.0,22.86,22.86,Ignore
"SIWAN, MAHARAJAGANJ, BIHAR",0,0.0,18.96,22.86,Ignore
PIDUGURALLA,0,0.0,10.66,22.84,Ignore
KAILASHAHAR,0,0.0,20.6,22.83,Ignore
MURAD NAGAR,0,0.0,14.62,22.83,Ignore
BARNALA,0,0.0,18.43,22.83,Ignore
"AUR/HUB, AURANGABAD, MAHARASHTRA",0,0.0,13.17,22.82,Ignore
PENDURTHI,0,0.0,22.82,22.82,Ignore
"MATH LAXMIPUR, BAREILLY, UTTAR PRADESH",0,0.0,22.2,22.82,Ignore
"CCU/RMG-TML, KOLKATA, WEST BENGAL",0,0.0,22.82,22.82,Ignore
SIKANDRABAD,0,0.0,17.19,22.82,Ignore
RATHUAR CLUB GREATER NOIDA,0,0.0,22.81,22.81,Ignore
NAZAFGARH,0,0.0,19.35,22.81,Ignore
HITECH CITY KONDAPUR,0,0.0,19.91,22.8,Ignore
"ETAWAH, UTTAR PRADESH, IN",0,0.0,22.8,22.8,Ignore
RUBY STORE NEW DELHI,0,0.0,13.88,22.8,Ignore
"MAAPOD/EHV-TML, CHENNAI, TAMIL NADU",0,0.0,22.78,22.8,Ignore
BULDHANA,0,0.0,19.38,22.79,Ignore
LALGUDI,0,0.0,12.84,22.78,Ignore
THIRTHAHALLI,0,0.0,22.78,22.78,Ignore
HAFLONG,0,0.0,21.33,22.77,Ignore
RITESH STORE GURGAON,0,0.0,21.5,22.77,Ignore
ELASTICRUNVIJAYAWADASPLITODH_VJA2,0,0.0,22.76,22.76,Ignore
HEBAL ROAD CENTRE,0,0.0,17.79,22.75,Ignore
NARAYANKED REACH,0,0.0,22.75,22.75,Ignore
BILASPUR PUD,0,0.0,22.75,22.75,Ignore
MOTHERHUB_SIL JALPAIGURI,0,0.0,9.09,22.75,Ignore
"BLR/HSKT-TML, BANGALORE, KARNATAKA",0,0.0,22.75,22.75,Ignore
TIRUCHENDUR,0,0.0,21.01,22.74,Ignore
SARJAPURA,0,0.0,22.73,22.73,Ignore
"DOMBIVLIWEST, MUMBAI, MAHARASHTRA",0,0.0,20.76,22.73,Ignore
"HYD/MSD-TML, HYDERABAD, TELANGANA",0,0.0,20.93,22.72,Ignore
MINU CHOWDHURY ALIPURDUAR,0,0.0,22.72,22.72,Ignore
"CHHAPRA, CHHAPRA, BIHAR",0,0.0,9.24,22.71,Ignore
ADARSHNAGAR,0,0.0,8.22,22.71,Ignore
EGRA,0,0.0,15.05,22.71,Ignore
MYDUKUR,0,0.0,16.35,22.71,Ignore
NEW FRIENDS COLONY,0,0.0,16.38,22.7,Ignore
ELASTICRUNMANIKONDAODH_HYD HYDERABAD,0,0.0,6.92,22.69,Ignore
GURTEJ STORE NEW DELHI,0,0.0,22.69,22.69,Ignore
"BHILWARA, BHILWARA, RAJASTHAN",0,0.0,10.59,22.67,Ignore
ELITE D?COR GREATER NOIDA,0,0.0,21.5,22.66,Ignore
JAGANATH PRASAD,0,0.0,22.66,22.66,Ignore
"PNQ/NHR-TML, PUNE, MAHARASHTRA",0,0.0,21.45,22.65,Ignore
THURAIYURI,0,0.0,22.65,22.65,Ignore
RANCHI (IXRH),0,0.0,20.14,22.65,Ignore
DIDWANA,0,0.0,20.4,22.63,Ignore
"KURALI, KURALI, PUNJAB",0,0.0,22.63,22.63,Ignore
"TITILAGARH, TITLAGARH, ORISSA",0,0.0,19.51,22.61,Ignore
DHAMPUR,0,0.0,18.98,22.61,Ignore
ARTI STORE NEW DELHI,0,0.0,22.61,22.61,Ignore
"JMD/HUB, JAMSHEDPUR, JHARKHAND",0,0.0,7.05,22.61,Ignore
NIKHIL SONI MUMBAI,0,0.0,22.6,22.6,Ignore
"BILASHIPARA, BILASHIPARA, ASSAM",0,0.0,22.6,22.6,Ignore
"NAIDUPETA1, NAIDUPETA, ANDHRA PRADESH",0,0.0,22.6,22.6,Ignore
"MUNDARGI, MUNDARGI, KARNATAKA",0,0.0,13.86,22.59,Ignore
"JUNAGARH, ODISHA, IN",0,0.0,19.65,22.59,Ignore
"KUSHTAGI1, KUSHTAGI, KARNATAKA",0,0.0,19.52,22.59,Ignore
"PNQ/BVN-TML, PUNE, MAHARASHTRA",0,0.0,22.59,22.59,Ignore
TUSHAR D. ROKDE PANVEL,0,0.0,20.53,22.58,Ignore
SADABAD,0,0.0,22.55,22.55,Ignore
"CHINHAT, LUCKNOW, UTTAR PRADESH",0,0.0,22.55,22.55,Ignore
AIR HUB,0,0.0,22.52,22.52,Ignore
"BARUIPUR, BARUIPUR, WEST BENGAL",0,0.0,17.94,22.52,Ignore
KOTDWAR,0,0.0,22.0,22.52,Ignore
"CHIRKUNDA, DHANBAD, JHARKHAND",0,0.0,21.67,22.51,Ignore
"MEHTA, MEHTA, PUNJAB",0,0.0,22.51,22.51,Ignore
RAJKOT - RJT,0,0.0,19.01,22.5,Ignore
"MULLANPUR, MULLANPUR, PUNJAB",0,0.0,22.49,22.49,Ignore
"GANJAM, ODISHA, IN",0,0.0,7.95,22.48,Ignore
MADHYA PRADESH,0,0.0,12.25,22.48,Ignore
JALPAIGURI COD CENTRE,0,0.0,22.45,22.45,Ignore
CHALLAKERE,0,0.0,22.19,22.45,Ignore
DLF E-TAIL CENTER,0,0.0,7.9,22.43,Ignore
BARABANKI E-TAIL,0,0.0,19.0,22.43,Ignore
"GKP/NSD, GORAKHPUR, UTTAR PRADESH",0,0.0,20.09,22.43,Ignore
MOTHERHUB_SAI_4 THANE,0,0.0,10.11,22.43,Ignore
JALANDHAR MINI HUB,0,0.0,7.67,22.42,Ignore
BHOLA NATH MIRZAPUR,0,0.0,22.41,22.41,Ignore
MUKED,0,0.0,19.99,22.41,Ignore
SARAPAKA,0,0.0,22.09,22.4,Ignore
IOCLNOIDAHUB_DEL NOIDA,0,0.0,7.69,22.4,Ignore
"VIJ/BPM, VIJAYAWADA, ANDHRA PRADESH",0,0.0,19.64,22.4,Ignore
ROSERA,0,0.0,22.4,22.4,Ignore
GAURI STORE MIRZAPUR,0,0.0,22.39,22.39,Ignore
KUSUM STORE NEW DELHI,0,0.0,14.07,22.39,Ignore
MAYILADUTHURAI,0,0.0,14.49,22.39,Ignore
"PANDUA, PANDUA, WEST BENGAL",0,0.0,21.15,22.38,Ignore
"KATIHAR, KATIHAR, BIHAR",0,0.0,20.38,22.37,Ignore
NEEMUCH,0,0.0,22.37,22.37,Ignore
NEYYATTINKARA,0,0.0,10.97,22.36,Ignore
SOHAL TRADERS AMRITSAR,0,0.0,16.91,22.36,Ignore
"JHANSI, JHANSI, UTTAR PRADESH",0,0.0,16.65,22.35,Ignore
MUNGELI,0,0.0,22.35,22.35,Ignore
KOCHIN HUB,0,0.0,10.53,22.35,Ignore
ATTAPUR,0,0.0,20.33,22.35,Ignore
"POONCH, POONCH, JAMMU AND KASHMIR",0,0.0,22.35,22.35,Ignore
"JAISINGHPUR, JASINGPUR, HIMACHAL PRADESH",0,0.0,22.35,22.35,Ignore
HAVERI,0,0.0,22.33,22.33,Ignore
KINATHUKADAVU,0,0.0,16.49,22.33,Ignore
CJB APX/SFC PUD CENTRE,0,0.0,15.83,22.33,Ignore
"HASSAN, KARNATAKA, IN",0,0.0,13.8,22.33,Ignore
"LONI KALBHOR, MAHARASHTRA, IN",0,0.0,19.64,22.31,Ignore
UTANGARAI,0,0.0,17.51,22.3,Ignore
KUMBAKONAM,0,0.0,6.85,22.3,Ignore
BURWAN,0,0.0,22.3,22.3,Ignore
SANIYA OPTICALS NEW DELHI,0,0.0,22.3,22.3,Ignore
MAHABUBABAD,0,0.0,14.89,22.29,Ignore
"DEORI, DEORI, MADHYA PRADESH",0,0.0,22.29,22.29,Ignore
"BIJAINAGAR, BIJAINAGAR, RAJASTHAN",0,0.0,19.42,22.29,Ignore
BAKLOH,0,0.0,22.28,22.28,Ignore
SOUTHTUKOGANJHUB_IDR,0,0.0,22.27,22.27,Ignore
LUH/LUH LUDHIANA,0,0.0,10.94,22.27,Ignore
"JAI/JAI, JAIPUR, RAJASTHAN",0,0.0,17.51,22.26,Ignore
WARDHA,0,0.0,13.98,22.24,Ignore
NAPAAM,0,0.0,19.4,22.23,Ignore
SRIKAKULAM,0,0.0,10.26,22.23,Ignore
"BANKURA, BANKURA, WEST BENGAL",0,0.0,22.02,22.23,Ignore
"VNS/BNP, VARANASI, UTTAR PRADESH",0,0.0,7.06,22.22,Ignore
AVKASH RAJ KUMAR NISHAD STORE RAJAPUR ALLAHABAD,0,0.0,22.22,22.22,Ignore
SANGWARA,0,0.0,22.21,22.21,Ignore
"CHENNAI, TAMILNADU, IN",0,0.0,9.33,22.21,Ignore
GUDUR,0,0.0,15.08,22.19,Ignore
"REWARI, REWARI, HARYANA",0,0.0,16.29,22.18,Ignore
"IXG/NRT-TML, BELGAUM, KARNATAKA",0,0.0,22.17,22.17,Ignore
AGARTALA HUB,0,0.0,17.57,22.16,Ignore
BABINA,0,0.0,22.15,22.15,Ignore
"KUMBAKONAM, KUMBAKONAM, TAMIL NADU",0,0.0,19.51,22.14,Ignore
RAYAGADA,0,0.0,21.87,22.14,Ignore
SHREE RIDDHI SIDHHI MUMBAI,0,0.0,22.13,22.13,Ignore
MANAPARAI,0,0.0,22.13,22.13,Ignore
DINESH KIRANA NEW DELHI,0,0.0,22.13,22.13,Ignore
GANDHIDHAM HUB,0,0.0,18.68,22.12,Ignore
TOWN ETAIL PROCESSING UNI,0,0.0,2.97,22.12,Ignore
KOTA,0,0.0,6.41,22.11,Ignore
"CCU/SONARPUR-TML, KOLKATA, WEST BENGAL",0,0.0,22.11,22.11,Ignore
DEL ETAIL HUB,0,0.0,2.84,22.1,Ignore
"DHANAURA, UTTAR PRADESH, IN",0,0.0,22.09,22.09,Ignore
VASAI HUB,0,0.0,19.32,22.09,Ignore
UDHAM SINGH NAGAR,0,0.0,22.08,22.08,Ignore
MARADU,0,0.0,22.07,22.07,Ignore
KOVILPATTI,0,0.0,20.21,22.06,Ignore
KUNAL GENERAL STORE GURGAON,0,0.0,22.06,22.06,Ignore
"BLR/CCH-TML, BANGALORE, KARNATAKA",0,0.0,19.71,22.04,Ignore
DARUHERA,0,0.0,15.11,22.04,Ignore
DELHI HUB,0,0.0,7.92,22.04,Ignore
"TPT/MRPL, TIRUPATI, ANDHRA PRADESH",0,0.0,21.28,22.04,Ignore
"JASDAN, GUJARAT, IN",0,0.0,22.03,22.03,Ignore
"PAT/DNP-TML, PATNA, BIHAR",0,0.0,22.03,22.03,Ignore
DUMKA OFFICE,0,0.0,22.03,22.03,Ignore
KARWAR,0,0.0,17.55,22.02,Ignore
"CHILODA, GUJARAT, IN",0,0.0,22.02,22.02,Ignore
ABHINANDAN GURGAON,0,0.0,16.52,22.01,Ignore
"RJM/HUB, RAJAHMUNDRY, ANDHRA PRADESH",0,0.0,10.03,22.01,Ignore
"HYD/CDN, HYDERABAD, TELANGANA",0,0.0,20.02,22.01,Ignore
"GUNTUR, GUNTUR, ANDHRA PRADESH",0,0.0,9.71,22.01,Ignore
KORAPUT OFFICE,0,0.0,21.13,22.0,Ignore
JAGGAIAHPET,0,0.0,22.0,22.0,Ignore
MULBAGAL,0,0.0,20.38,21.96,Ignore
GONIGOPPA,0,0.0,21.95,21.95,Ignore
SONADA,0,0.0,18.74,21.94,Ignore
GHUMARWIN,0,0.0,21.8,21.93,Ignore
MOTHERHUB_HYP HYDERABAD,0,0.0,11.93,21.92,Ignore
FARAKKA,0,0.0,21.92,21.92,Ignore
NLRC,0,0.0,20.44,21.91,Ignore
KOHIMA,0,0.0,8.96,21.91,Ignore
SEMBO,0,0.0,21.9,21.9,Ignore
"ALMORA, UTTARAKHAND, IN",0,0.0,13.39,21.9,Ignore
COOCHBEHAR,0,0.0,16.98,21.9,Ignore
"URGA, KORBA, CHHATTISGARH",0,0.0,19.75,21.89,Ignore
JUNAGADH,0,0.0,16.76,21.89,Ignore
"HOWLY, HOWLY, ASSAM",0,0.0,21.88,21.88,Ignore
"MUNGER, MUNGER, BIHAR",0,0.0,14.12,21.88,Ignore
"CURCHOREM, CURCHOREM, GOA",0,0.0,21.88,21.88,Ignore
"AGR/SKDR, AGRA, UTTAR PRADESH",0,0.0,21.88,21.88,Ignore
KARAN BHATIA DLF DEXTER GURGAON,0,0.0,21.87,21.87,Ignore
SHIVAM STORE NEW DELHI,0,0.0,20.9,21.87,Ignore
ERODE,0,0.0,7.32,21.87,Ignore
JAIPATNA,0,0.0,21.72,21.86,Ignore
GAUTAMNAGARHUB_BBI,0,0.0,12.62,21.86,Ignore
"SONAPUR, SONAPUR, ASSAM",0,0.0,16.11,21.85,Ignore
DARJEELING,0,0.0,10.64,21.85,Ignore
HOSHIARPUR,0,0.0,7.44,21.85,Ignore
LAXMI STATIONARY NEW DELHI,0,0.0,21.85,21.85,Ignore
KOSLI,0,0.0,10.67,21.85,Ignore
SANJEEV KUMAR NEW DELHI,0,0.0,20.09,21.85,Ignore
MIRAROAD HUB,0,0.0,16.32,21.84,Ignore
DHANAURA,0,0.0,21.75,21.83,Ignore
NANDED,0,0.0,16.78,21.83,Ignore
"VIRAMGAM, VIRAMGAM, GUJARAT",0,0.0,21.83,21.83,Ignore
TRICHY,0,0.0,16.16,21.82,Ignore
KOLKATA PUD (CCUE),0,0.0,11.34,21.81,Ignore
TARDEO HUB,0,0.0,2.9,21.8,Ignore
MOTHERHUB_BLR BENGALURU,0,0.0,10.99,21.8,Ignore
"NALIYA, NALIYA, GUJARAT",0,0.0,21.8,21.8,Ignore
KISHAN STORE NEW DELHI,0,0.0,19.3,21.79,Ignore
MANDIDEEP,0,0.0,21.78,21.78,Ignore
MILAN STORE PURULIA,0,0.0,21.78,21.78,Ignore
"PATLIKUHAL, PATLIKUHAL, HIMACHAL PRADESH",0,0.0,21.77,21.77,Ignore
EAGLE BOYS MASTER VIJAYAWADA,0,0.0,20.56,21.77,Ignore
KURSEONG RSP,0,0.0,21.77,21.77,Ignore
KOLLEGALA,0,0.0,19.19,21.77,Ignore
SANKARA,0,0.0,7.93,21.76,Ignore
KATWA,0,0.0,12.33,21.76,Ignore
VIKAS CHOPRA JALANDHAR,0,0.0,21.74,21.74,Ignore
"SEONI, MADHYA PRADESH, IN",0,0.0,21.74,21.74,Ignore
"GAGAL, GAGAL, HIMACHAL PRADESH",0,0.0,21.73,21.73,Ignore
UNA,0,0.0,17.22,21.73,Ignore
"PCK/EDL, DELHI NCR, DELHI",0,0.0,8.85,21.72,Ignore
AURANGABAD MINI HUB,0,0.0,17.18,21.72,Ignore
RAHUL STORE GURGAON,0,0.0,21.72,21.72,Ignore
COIMBATORE SORT FACILITY COIMBATORE,0,0.0,11.39,21.71,Ignore
"BERACHAMPA, BERACHAMPA, WEST BENGAL",0,0.0,20.78,21.71,Ignore
"SORAON, SORAON, UTTAR PRADESH",0,0.0,20.66,21.7,Ignore
"PCK/SPT, HYDERABAD, TELANGANA",0,0.0,13.8,21.7,Ignore
KODERMA OFFICE,0,0.0,21.7,21.7,Ignore
MOTHERHUB_CSK CHENNAI,0,0.0,8.93,21.7,Ignore
"NASHIK, MAHARASHTRA, IN",0,0.0,12.75,21.7,Ignore
"BLR/JBB-TML, BANGALORE, KARNATAKA",0,0.0,21.69,21.7,Ignore
"ALWAYE, KERALA, IN",0,0.0,9.62,21.7,Ignore
RAXAUL OFFICE,0,0.0,20.47,21.7,Ignore
GHAZIABAD,0,0.0,6.8,21.68,Ignore
JAJPUR,0,0.0,16.39,21.68,Ignore
ADITYA CHOUDHURY GUNUPUR,0,0.0,21.68,21.68,Ignore
"MUGHALSARAI1, MUGHAL SARAI, UTTAR PRADESH",0,0.0,15.28,21.67,Ignore
AAYUSH KIRANA HALDWANI,0,0.0,21.66,21.66,Ignore
MUNGER,0,0.0,20.43,21.65,Ignore
"MLR/HUB, MANGALORE, KARNATAKA",0,0.0,15.96,21.65,Ignore
"BHANDARA, BHANDARA, MAHARASHTRA",0,0.0,21.31,21.65,Ignore
"JAI/SNG, JAIPUR, RAJASTHAN",0,0.0,15.04,21.64,Ignore
PEDAPALLI REACH,0,0.0,21.11,21.64,Ignore
SIVAKASI,0,0.0,19.15,21.64,Ignore
BHOPAL AIR HUB,0,0.0,6.87,21.63,Ignore
NASHIK,0,0.0,11.88,21.63,Ignore
DAUND,0,0.0,19.84,21.62,Ignore
"PHAGI, PHAGI, RAJASTHAN",0,0.0,21.62,21.62,Ignore
KARAN CONFECTIONERY CHANDIGARH,0,0.0,21.35,21.62,Ignore
"JAI/VKI, JAIPUR, RAJASTHAN",0,0.0,21.61,21.61,Ignore
KAVALI,0,0.0,17.08,21.6,Ignore
SULLURPETA,0,0.0,18.62,21.6,Ignore
"CHANDAPURA, KARNATAKA, IN",0,0.0,21.6,21.6,Ignore
"GOSSAIGAON, GOSSAIGAON, ASSAM",0,0.0,21.59,21.59,Ignore
BHARTI NARVARIYA GWALIOR,0,0.0,21.58,21.58,Ignore
"PONNERI-TML, CHENNAI, TAMIL NADU",0,0.0,19.96,21.57,Ignore
"VPT/MVP, VISAKHAPATNAM, ANDHRA PRADESH",0,0.0,20.96,21.57,Ignore
BAPATLA,0,0.0,8.58,21.56,Ignore
INF SERVICE CENTRE,0,0.0,4.68,21.55,Ignore
"IXA/BJL, AGARTALA, TRIPURA",0,0.0,20.93,21.55,Ignore
RAJ KIRANA SHADNAGAR,0,0.0,19.01,21.55,Ignore
GUNTUR,0,0.0,12.19,21.54,Ignore
GURMEET SINGH ZZZ GIDDERBAHA,0,0.0,21.53,21.53,Ignore
KHALSA ENTERPRISE JAIPUR,0,0.0,21.53,21.53,Ignore
PONDA,0,0.0,14.95,21.53,Ignore
KALAWADROADHUB_RAJ RAJKOT,0,0.0,4.17,21.52,Ignore
MALAKPET E-TAIL CENTRE,0,0.0,21.52,21.52,Ignore
GUNUPUR,0,0.0,19.36,21.52,Ignore
ROSHANI GOUD BHAWANIPATNA,0,0.0,21.51,21.51,Ignore
BAKUL BAGAN (BHWP),0,0.0,20.07,21.5,Ignore
"MANDI, HIMACHAL PRADESH, IN",0,0.0,14.94,21.49,Ignore
KUMAR KRISHNA GENERAL STORE GURGAON,0,0.0,15.0,21.49,Ignore
MAHESH MASTER KIRANA EAST GODAVARI,0,0.0,21.49,21.49,Ignore
QUILANDI BAZAR,0,0.0,14.69,21.47,Ignore
ASHWANI KUMAR STORE NEW DELHI,0,0.0,11.2,21.46,Ignore
"NAKODAR, NAKODAR, PUNJAB",0,0.0,15.03,21.45,Ignore
GAZOLE,0,0.0,21.45,21.45,Ignore
"SINGRAULI, MADHYA PRADESH, IN",0,0.0,20.82,21.44,Ignore
BD MISHRA CAFE GHAZIABAD,0,0.0,21.44,21.44,Ignore
JUNAGARH,0,0.0,18.95,21.43,Ignore
"JAI/ADA, JAIPUR, RAJASTHAN",0,0.0,14.81,21.42,Ignore
"ALD/SLR, ALLAHABAD, UTTAR PRADESH",0,0.0,21.42,21.42,Ignore
RISHABH KIRANA SHOP NEW DELHI,0,0.0,19.72,21.42,Ignore
VIKAS KUMAR STORE DEHRADUN,0,0.0,21.41,21.41,Ignore
TRIMULGHERRY HUB,0,0.0,9.83,21.41,Ignore
KENDRAPARA,0,0.0,8.29,21.41,Ignore
JAORA,0,0.0,21.41,21.41,Ignore
VIZIANAGARAM,0,0.0,8.69,21.4,Ignore
"BALICHAK, WEST BENGAL, IN",0,0.0,21.39,21.39,Ignore
ETTUMANOOR,0,0.0,12.95,21.39,Ignore
"IDR/MMT, INDORE, MADHYA PRADESH",0,0.0,19.44,21.38,Ignore
DHAKUAKHANA OFFICE,0,0.0,21.38,21.38,Ignore
BRAHMBAD,0,0.0,21.38,21.38,Ignore
JLB SERVICE CENTRE,0,0.0,12.45,21.38,Ignore
"WILLIAM NAGAR, WILLIAM NAGAR, MEGHALAYA",0,0.0,20.92,21.38,Ignore
"RAIRANGPUR, ODISHA, IN",0,0.0,21.37,21.37,Ignore
"BLR/SPA-TML, BANGALORE, KARNATAKA",0,0.0,14.9,21.37,Ignore
"DODA, DODA, JAMMU AND KASHMIR",0,0.0,21.37,21.37,Ignore
"VENGURLA, VENGURLA, MAHARASHTRA",0,0.0,19.8,21.37,Ignore
"BANTWAL1, BANTWAL, KARNATAKA",0,0.0,21.36,21.36,Ignore
SRIRANGAM,0,0.0,21.35,21.35,Ignore
RAMTEK,0,0.0,21.34,21.34,Ignore
ANANTHAPURHUB_ATP ANANTHAPUR,0,0.0,7.72,21.34,Ignore
"GAU/LANKESWAR-TML, GUWAHATI, ASSAM",0,0.0,19.73,21.32,Ignore
NAGAUR,0,0.0,20.62,21.31,Ignore
JHABUA,0,0.0,20.28,21.3,Ignore
"SALASAR, SALASAR, RAJASTHAN",0,0.0,16.43,21.3,Ignore
"BHIWANI, BHIWANI, HARYANA",0,0.0,9.64,21.3,Ignore
KIM,0,0.0,19.43,21.29,Ignore
VERNA PUD,0,0.0,21.28,21.28,Ignore
ARNI,0,0.0,21.28,21.28,Ignore
KSHITIZ TREDARS KANPUR,0,0.0,21.28,21.28,Ignore
GAJIPATINAGARAM,0,0.0,9.09,21.28,Ignore
SAMASTIPUR OFFICE,0,0.0,21.28,21.28,Ignore
HASSANTCHUB_HSN HASSAN,0,0.0,21.28,21.28,Ignore
VAKA VIJAYA KUMAR REDDY MASTER KIRANA KAKINADA,0,0.0,19.81,21.27,Ignore
VARANASI - VRS,0,0.0,19.35,21.27,Ignore
TUSHAR KIRANA STORE NEW DELHI,0,0.0,21.27,21.27,Ignore
SAFDARJUNG ENCLAVE,0,0.0,21.27,21.27,Ignore
"BLR/CRM-TML, BANGALORE, KARNATAKA",0,0.0,21.27,21.27,Ignore
RAIPUR HUB,0,0.0,14.8,21.26,Ignore
RATHORE STORE NEW DELHI,0,0.0,21.26,21.26,Ignore
MAHESHTALA,0,0.0,12.96,21.25,Ignore
"SURAT/HUB, SURAT, GUJARAT",0,0.0,7.94,21.24,Ignore
BOKARO,0,0.0,13.88,21.24,Ignore
"BOM/KND-TML, MUMBAI, MAHARASHTRA",0,0.0,20.51,21.24,Ignore
KAMALAPATI KUMBHAR PROVISION STORE JHARSUGUDA,0,0.0,20.8,21.24,Ignore
"SAHARSA, BIHAR, IN",0,0.0,21.23,21.23,Ignore
"KUAKHIA1, KUAKHIA, ORISSA",0,0.0,21.23,21.23,Ignore
SIRWAR,0,0.0,21.23,21.23,Ignore
DADA CONNEXION HOSHIARPUR,0,0.0,21.23,21.23,Ignore
KANCHIPURAM,0,0.0,15.8,21.22,Ignore
BOPALHUB_AMD,0,0.0,21.22,21.22,Ignore
RAGHOGARH,0,0.0,21.22,21.22,Ignore
CHANDIGARH,0,0.0,8.39,21.22,Ignore
PACHORA,0,0.0,21.22,21.22,Ignore
MEERUT,0,0.0,10.29,21.2,Ignore
"KAMAN, KAMAN, RAJASTHAN",0,0.0,18.53,21.19,Ignore
CHHAYGAON,0,0.0,21.18,21.18,Ignore
CHANDIGARHROADHUB_LUH LUDHIANA,0,0.0,7.38,21.16,Ignore
ARTI KIRNA STORE DHAMPUR,0,0.0,15.39,21.16,Ignore
DHANDHUKA,0,0.0,21.15,21.15,Ignore
"MAA/UPM-TML, CHENNAI, TAMIL NADU",0,0.0,21.14,21.14,Ignore
"LUD/RTO, LUDHIANA, PUNJAB",0,0.0,12.77,21.14,Ignore
JAGRAON,0,0.0,10.88,21.13,Ignore
ETWAH,0,0.0,15.68,21.13,Ignore
MANDAPETA / RAMACHANDRAPURAM,0,0.0,17.0,21.13,Ignore
"BOMDILA, BOMDILA, ARUNACHAL PRADESH",0,0.0,20.82,21.12,Ignore
BHARATPUR,0,0.0,15.36,21.11,Ignore
JOG MANIFESTING HUB,0,0.0,5.72,21.11,Ignore
KAKDWIP,0,0.0,18.09,21.1,Ignore
SIWAN,0,0.0,15.78,21.1,Ignore
BIAL HUB,0,0.0,9.75,21.1,Ignore
SHILLONG,0,0.0,16.57,21.09,Ignore
SIRSA,0,0.0,11.13,21.09,Ignore
BHALUKPONG,0,0.0,21.09,21.09,Ignore
JYOTIPRAKASHSWAIN PURI,0,0.0,21.08,21.08,Ignore
"LKO/IDR, LUCKNOW, UTTAR PRADESH",0,0.0,11.51,21.08,Ignore
"MAVOOR, KERALA, IN",0,0.0,8.15,21.07,Ignore
RAJAT GROCERY SHOP BAREILLY,0,0.0,21.07,21.07,Ignore
JEYPORE,0,0.0,21.07,21.07,Ignore
HAZARI STORE HOUSE CHINSURAH,0,0.0,21.06,21.06,Ignore
THE MAGGIE POINT NEW DELHI,0,0.0,16.01,21.05,Ignore
"BARWALA, HARYANA, IN",0,0.0,19.73,21.03,Ignore
CHANDRA MAHESH KIRANA STORE NOIDA,0,0.0,21.02,21.02,Ignore
MANWATH,0,0.0,21.02,21.02,Ignore
"JEORI, JEORI, HIMACHAL PRADESH",0,0.0,21.01,21.01,Ignore
"SULLIA, SULLIA, KARNATAKA",0,0.0,21.0,21.0,Ignore
BHOPAL,0,0.0,12.55,21.0,Ignore
AMBALA HUB,0,0.0,14.3,20.99,Ignore
TIRUVURU,0,0.0,13.9,20.99,Ignore
MOTHERHUB_PLS GUWAHATI,0,0.0,11.67,20.99,Ignore
THENJIPALAM,0,0.0,13.99,20.99,Ignore
PENUKONDA,0,0.0,13.85,20.97,Ignore
KOLKATA - CCU,0,0.0,7.74,20.97,Ignore
TEMPLE CITY,0,0.0,14.17,20.96,Ignore
ATTINGAL,0,0.0,13.38,20.96,Ignore
ANDHERIWESTHUB_MUM,0,0.0,5.91,20.95,Ignore
PUDUKOTTAI,0,0.0,11.8,20.95,Ignore
NAVAL PREMLAL PATIL KALYAN,0,0.0,20.95,20.95,Ignore
"TPT/HUB, TIRUPATI, ANDHRA PRADESH",0,0.0,9.49,20.94,Ignore
PEYAD,0,0.0,17.97,20.94,Ignore
"BLR/ECY-TML, BANGALORE, KARNATAKA",0,0.0,14.04,20.93,Ignore
"DAWRKA, DWARKA, GUJARAT",0,0.0,20.05,20.93,Ignore
SULTANPUR,0,0.0,11.33,20.93,Ignore
MYSURU RURAL,0,0.0,18.16,20.92,Ignore
PARATWADA,0,0.0,20.92,20.92,Ignore
AURANGABAD BH UFO,0,0.0,18.61,20.91,Ignore
PRATAPGARH,0,0.0,18.66,20.91,Ignore
LALPAR,0,0.0,19.03,20.91,Ignore
"DARBHANGA, BIHAR, IN",0,0.0,16.27,20.91,Ignore
SUNAM,0,0.0,19.09,20.91,Ignore
SHILPA HOME PATHANAMTHITTA,0,0.0,20.89,20.89,Ignore
"KNP/JMU, KANPUR, UTTAR PRADESH",0,0.0,20.89,20.89,Ignore
DHAR,0,0.0,9.39,20.89,Ignore
MEHAM,0,0.0,20.7,20.89,Ignore
TALALA,0,0.0,20.88,20.88,Ignore
GHARONDA,0,0.0,20.88,20.88,Ignore
SHASI KANT STORE NEW DELHI,0,0.0,20.87,20.87,Ignore
SATYANARAYANA STORE JAIPUR,0,0.0,20.87,20.87,Ignore
"BHILAI, CHHATTISGARH, IN",0,0.0,20.79,20.86,Ignore
KADUTHURUTHY,0,0.0,20.55,20.84,Ignore
"SRINAGAR, JAMMU & KASHMIR, IN",0,0.0,17.03,20.83,Ignore
GHAZIPURHUB_GIR GHAZIPUR,0,0.0,14.75,20.83,Ignore
BABA STORE NEW DELHI,0,0.0,20.82,20.82,Ignore
"TIRUPATHI, ANDHRA PRADESH, IN",0,0.0,18.43,20.81,Ignore
"HYD/MOU-TML, HYDERABAD, TELANGANA",0,0.0,20.81,20.81,Ignore
IDAPPADI,0,0.0,17.17,20.81,Ignore
NABARANGPUR,0,0.0,19.08,20.8,Ignore
MYLADUTHURAI,0,0.0,20.8,20.8,Ignore
BHABHUA,0,0.0,20.8,20.8,Ignore
GAULAPAR,0,0.0,20.8,20.8,Ignore
MOTHERHUB_RAC RANCHI,0,0.0,13.48,20.79,Ignore
"ANCHARAKANDY, KERALA, IN",0,0.0,15.53,20.79,Ignore
INDIRAPURAM SERVICECENTRE,0,0.0,6.82,20.79,Ignore
NDA WAREHOUSE,0,0.0,10.24,20.79,Ignore
SHOLAPUR,0,0.0,17.48,20.79,Ignore
"HALAHALI, HALAHALI, TRIPURA",0,0.0,20.78,20.78,Ignore
"DVG/HUB, DAVANGERE, KARNATAKA",0,0.0,13.35,20.78,Ignore
"KARANPRYAG, KARNAPRAYAG, UTTAR PRADESH",0,0.0,19.67,20.78,Ignore
PUNDRI,0,0.0,20.77,20.77,Ignore
MANJUNATH_HOME_KIRANA RAICHUR,0,0.0,20.77,20.77,Ignore
"AJNALA, PUNJAB, IN",0,0.0,20.75,20.75,Ignore
"THIRUPPARANKUNDRAM, THIRUPARANKUNDRAM, TAMIL NADU",0,0.0,20.74,20.74,Ignore
THALASSERY,0,0.0,13.8,20.74,Ignore
MAIHAR,0,0.0,13.69,20.74,Ignore
NILANGA,0,0.0,20.74,20.74,Ignore
JHAJJAR,0,0.0,6.57,20.73,Ignore
KATHORA,0,0.0,9.43,20.73,Ignore
PUSHPAK STORE MUMBAI,0,0.0,20.72,20.72,Ignore
DHANBAD,0,0.0,19.44,20.72,Ignore
"AMRAVATI, AMRAVATI, MAHARASHTRA",0,0.0,8.09,20.72,Ignore
VIDISHA,0,0.0,20.71,20.71,Ignore
ISLAMPUR,0,0.0,8.99,20.7,Ignore
RAIGANJ,0,0.0,18.62,20.7,Ignore
AJWAHUB_BDQ VADODARA,0,0.0,7.08,20.69,Ignore
NASIK (NSKH),0,0.0,20.69,20.69,Ignore
TRIVANDRUM,0,0.0,11.73,20.68,Ignore
SAKETHUB_DEL,0,0.0,2.89,20.68,Ignore
"LAWAR, UTTAR PRADESH, IN",0,0.0,20.67,20.67,Ignore
MOGRA,0,0.0,20.67,20.67,Ignore
"KOTAGIRI, KOTIGIRI, TAMIL NADU",0,0.0,14.89,20.66,Ignore
"JODHPUR, JODHPUR, RAJASTHAN",0,0.0,7.99,20.66,Ignore
"CHANDANNAGAR, CHANDANNAGAR, WEST BENGAL",0,0.0,20.66,20.66,Ignore
NAHARKATIA,0,0.0,19.69,20.65,Ignore
"SANDILA, SANDILA, UTTAR PRADESH",0,0.0,20.41,20.64,Ignore
GUDIYATTAM,0,0.0,11.1,20.64,Ignore
AAROHI DEPARTMENTAL STORE GURGAON,0,0.0,20.63,20.63,Ignore
DANISH SHAIKH MUMBAI,0,0.0,20.63,20.63,Ignore
JATH,0,0.0,16.01,20.63,Ignore
BABLI STORE NEW DELHI,0,0.0,20.62,20.62,Ignore
MEHARBANHUB_OSH LUDHIANA,0,0.0,13.06,20.62,Ignore
SANT KABIR NAGAR,0,0.0,20.61,20.61,Ignore
JANAGAON,0,0.0,20.61,20.61,Ignore
ANIL KIRANA STORE GURGAON,0,0.0,19.84,20.6,Ignore
MADHEPURA OFFICE,0,0.0,19.99,20.6,Ignore
"HAPUR, HAPUR, UTTAR PRADESH",0,0.0,19.53,20.59,Ignore
MOTHERHUB_CUT CUTTACK,0,0.0,9.43,20.58,Ignore
VANSH ENTERPRISE JAMNAGAR,0,0.0,20.58,20.58,Ignore
"MAD/HUB, MADURAI, TAMIL NADU",0,0.0,9.98,20.57,Ignore
GULBARGA,0,0.0,11.83,20.57,Ignore
"DEL/GGN-EHV, DELHI NCR, DELHI",0,0.0,20.56,20.56,Ignore
"RAJKOT, RAJKOT, GUJARAT",0,0.0,20.56,20.56,Ignore
AMGAO,0,0.0,20.56,20.56,Ignore
"BBN/IRC, BHUBANESWAR, ORISSA",0,0.0,20.55,20.55,Ignore
SUMAN HOME PATHANKOT,0,0.0,20.55,20.55,Ignore
HAJIPUR OFFICE,0,0.0,19.7,20.55,Ignore
HOSPET,0,0.0,18.03,20.54,Ignore
"ASANSOL1, ASANSOL, WEST BENGAL",0,0.0,18.0,20.53,Ignore
NEW ASHOK FOOTWEAR SURAT,0,0.0,20.53,20.53,Ignore
CUDDALORE,0,0.0,18.83,20.52,Ignore
"SHAH TALAI, SHAH TALAI, HIMACHAL PRADESH",0,0.0,20.52,20.52,Ignore
PRAYAGRAJ (PRGN),0,0.0,20.51,20.51,Ignore
"KENGERI, BANGALORE, KARNATAKA",0,0.0,13.26,20.51,Ignore
S. K GUPTA REFRIGERATION & MANEESH GAUTAM BUDDHA NAGAR,0,0.0,20.51,20.51,Ignore
PUSAD,0,0.0,13.4,20.5,Ignore
MANOJ KUMAR NEW DELHI,0,0.0,18.48,20.49,Ignore
DAHOD,0,0.0,16.27,20.48,Ignore
BAGLI,0,0.0,15.92,20.47,Ignore
SATTENAPALLI,0,0.0,16.9,20.47,Ignore
"TALWANDI SABO, TALWANDI, PUNJAB",0,0.0,20.46,20.46,Ignore
KUSHINAGAR,0,0.0,20.45,20.45,Ignore
KAMALPREET KIRANA HOSHIARPUR,0,0.0,20.45,20.45,Ignore
PATNA GROUND HUB,0,0.0,20.45,20.45,Ignore
"CHITRAKOOT, UTTAR PRADESH, IN",0,0.0,11.18,20.44,Ignore
VASAI (VASM),0,0.0,4.99,20.43,Ignore
"GODDA, GODDA, JHARKHAND",0,0.0,18.1,20.43,Ignore
BETUL,0,0.0,16.05,20.43,Ignore
"NGP/JPK, NAGPUR, MAHARASHTRA",0,0.0,20.42,20.42,Ignore
KASHMIR KAUR JALANDHAR,0,0.0,20.42,20.42,Ignore
"HANSDIHA1, HANSDIHA, JHARKHAND",0,0.0,20.41,20.41,Ignore
GANNAVARAM,0,0.0,6.38,20.4,Ignore
SAMBHAL,0,0.0,20.4,20.4,Ignore
NASRULLAGANJ,0,0.0,20.39,20.39,Ignore
SALEBHATAODH_BLG,0,0.0,20.39,20.39,Ignore
SARAVANAMPATTI / COIMBATORE,0,0.0,13.33,20.38,Ignore
ARSIKERE,0,0.0,20.37,20.37,Ignore
"SXR/HUM, SRINAGAR, JAMMU AND KASHMIR",0,0.0,11.8,20.36,Ignore
GOBICHETTIPALAYAM,0,0.0,17.06,20.35,Ignore
"RATLAI, RATLAI, RAJASTHAN",0,0.0,20.35,20.35,Ignore
"KHATAV, MAHARASHTRA, IN",0,0.0,20.35,20.35,Ignore
"BANGALORE RURAL, KARNATAKA, IN",0,0.0,20.34,20.34,Ignore
HYD HUB AT AVIATION,0,0.0,20.33,20.33,Ignore
ANGUL,0,0.0,9.88,20.31,Ignore
"AURANGABAD, AURANGABAD, MAHARASHTRA",0,0.0,13.86,20.3,Ignore
NOIDA,0,0.0,9.01,20.3,Ignore
SHIRDI,0,0.0,20.28,20.28,Ignore
AHMEDABAD HUB,0,0.0,5.82,20.28,Ignore
"MIRZAPUR, MIRZAPUR, UTTAR PRADESH",0,0.0,20.28,20.28,Ignore
"PNP/HUB, PANIPAT, HARYANA",0,0.0,6.88,20.27,Ignore
GORAYA,0,0.0,20.27,20.27,Ignore
"YAVATMAL, YAVATMAL, MAHARASHTRA",0,0.0,20.27,20.27,Ignore
ADARSH.,0,0.0,20.02,20.24,Ignore
MOTHERHUB_LKO LUCKNOW,0,0.0,8.71,20.24,Ignore
VZG AIR HUB,0,0.0,9.25,20.24,Ignore
BARASAT,0,0.0,20.23,20.23,Ignore
SURJEET STORE NEW DELHI,0,0.0,19.8,20.23,Ignore
"HOOGHLY, WEST BENGAL, IN",0,0.0,20.22,20.22,Ignore
BHUBAN,0,0.0,15.29,20.21,Ignore
DIPHU OFFICE,0,0.0,18.67,20.2,Ignore
NADAKAVU,0,0.0,11.69,20.2,Ignore
MAHAG,0,0.0,20.19,20.19,Ignore
GWALIOR MINI HUB,0,0.0,12.69,20.19,Ignore
VERNA,0,0.0,10.35,20.18,Ignore
"KALYANI, KALYANI, WEST BENGAL",0,0.0,20.18,20.18,Ignore
NOIDA HUB DELHI,0,0.0,5.97,20.15,Ignore
MANOJ KUMAR PAL DEHRADUN,0,0.0,20.15,20.15,Ignore
BENGULURU,0,0.0,13.29,20.14,Ignore
"VRINDAWAN, VRINDAWAN, UTTAR PRADESH",0,0.0,12.77,20.14,Ignore
MOTHERHUB_MAL MALUR,0,0.0,11.97,20.14,Ignore
ARVIND STORE NEW DELHI,0,0.0,20.14,20.14,Ignore
SARIGAM,0,0.0,16.77,20.12,Ignore
KANNUAJ,0,0.0,13.38,20.12,Ignore
KASHYAP HOME JETPUR,0,0.0,20.12,20.12,Ignore
"KADIRI, ANDHRA PRADESH, IN",0,0.0,20.1,20.12,Ignore
MZ ART ASIF GHAZIABAD,0,0.0,20.12,20.12,Ignore
"SHIRPUR, SHIRPUR, MAHARASHTRA",0,0.0,20.12,20.12,Ignore
"LOHTA, VARANASI, UTTAR PRADESH",0,0.0,12.93,20.11,Ignore
BALESHWAR,0,0.0,17.56,20.1,Ignore
"GURUVAYUR, GURUVAYUR, KERALA",0,0.0,20.1,20.1,Ignore
"ROORKEE, ROORKEE, UTTARAKHAND",0,0.0,20.09,20.09,Ignore
"GOA, GOA, IN",0,0.0,9.62,20.08,Ignore
"SALTLAKE-TML, KOLKATA, WEST BENGAL",0,0.0,19.63,20.07,Ignore
YADAV GENERAL KIRANA NEW DELHI,0,0.0,11.91,20.07,Ignore
BAREILLY,0,0.0,12.95,20.07,Ignore
TULSI RAM TELI GIRWA,0,0.0,20.07,20.07,Ignore
NAGA LAKSHMI BAI MK STORES GUNTUR,0,0.0,20.06,20.06,Ignore
TANISHKA STORE GAUTAM BUDDHA NAGAR,0,0.0,20.06,20.06,Ignore
"PNQ/CHD-TML, PUNE, MAHARASHTRA",0,0.0,20.05,20.05,Ignore
THODUPUZHA,0,0.0,6.43,20.05,Ignore
"ALWAR, ALWAR, RAJASTHAN",0,0.0,7.59,20.05,Ignore
CHIKHLI,0,0.0,8.81,20.05,Ignore
TAVAR STORE NEW DELHI,0,0.0,20.05,20.05,Ignore
"LAR TOWN, LAR TOWN, UTTAR PRADESH",0,0.0,19.9,20.04,Ignore
PRATAP JENRAL STORE GURGAON,0,0.0,20.04,20.04,Ignore
MACHILIPATNAM,0,0.0,13.51,20.04,Ignore
LUCKNOW AIR HUB,0,0.0,7.63,20.03,Ignore
SHAMLI,0,0.0,15.96,20.02,Ignore
TRV MINI HUB,0,0.0,9.49,20.02,Ignore
"MEHAM2, MEHAM, HARYANA",0,0.0,19.68,20.02,Ignore
BIDADI,0,0.0,3.63,20.01,Ignore
"AMD/RKL, AHMEDABAD, GUJARAT",0,0.0,13.25,20.0,Ignore
"KHED, KHED, MAHARASHTRA",0,0.0,19.99,19.99,Ignore
"HIMATNAGAR, GUJARAT, IN",0,0.0,19.99,19.99,Ignore
"HYD/NLK, HYDERABAD, TELANGANA",0,0.0,12.13,19.97,Ignore
PORBANDAR,0,0.0,17.17,19.96,Ignore
"KANNUR/HUB, KANNUR, KERALA",0,0.0,9.12,19.96,Ignore
NARIANGARH,0,0.0,19.85,19.95,Ignore
BALIRAJ AND SONS DEHRADUN,0,0.0,19.95,19.95,Ignore
CHETAN MORE ENTERPRISES KHOPOLI,0,0.0,19.93,19.93,Ignore
MOTHERHUB_GUW GUWAHATI,0,0.0,5.97,19.92,Ignore
CHANDAULI,0,0.0,11.05,19.9,Ignore
AMALAPURAM,0,0.0,13.05,19.9,Ignore
LBNAGARHUB_HYD,0,0.0,19.88,19.88,Ignore
"LKO/LH1, LUCKNOW, UTTAR PRADESH",0,0.0,7.89,19.88,Ignore
ZEHEERABAD,0,0.0,19.88,19.88,Ignore
RAJ BHATI KIRANA GREATER NOIDA,0,0.0,19.86,19.86,Ignore
HARUR,0,0.0,19.85,19.85,Ignore
KANPUR,0,0.0,6.78,19.85,Ignore
TAPAN STORE NEW DELHI,0,0.0,15.56,19.83,Ignore
"JALGAON, JALGAON, MAHARASHTRA",0,0.0,9.55,19.83,Ignore
KHARAR,0,0.0,19.82,19.82,Ignore
SINDHNUR,0,0.0,19.82,19.82,Ignore
"HYD/RTO, HYDERABAD, TELANGANA",0,0.0,16.4,19.8,Ignore
"PNQ/MUN-TML, PUNE, MAHARASHTRA",0,0.0,19.8,19.8,Ignore
VIKAS AUTO REPAIR RAIGARH,0,0.0,19.79,19.79,Ignore
CALICUT MINI HUB,0,0.0,9.65,19.79,Ignore
"JAMNAGAR, JAMNAGAR, GUJARAT",0,0.0,8.06,19.79,Ignore
"KALIAGANJ, KALIAGANJ, WEST BENGAL",0,0.0,19.78,19.78,Ignore
"BAORI, JODHPUR, RAJASTHAN",0,0.0,19.78,19.78,Ignore
MOTHERHUB_ULB ULUBERIA,0,0.0,10.34,19.76,Ignore
MALHOTRA STORE DEHRADUN,0,0.0,15.6,19.76,Ignore
"SITAPUR, SITAPUR, UTTAR PRADESH",0,0.0,19.75,19.75,Ignore
HOSANAGARA,0,0.0,19.75,19.75,Ignore
TENKASIHUB_TVL,0,0.0,19.74,19.74,Ignore
"MORAIYA, GUJARAT, IN",0,0.0,11.95,19.74,Ignore
SITARAMNAGAR,0,0.0,12.82,19.73,Ignore
DOSARKA,0,0.0,19.72,19.72,Ignore
DHONE,0,0.0,19.72,19.72,Ignore
YADU ONLINE STORE RAIPUR,0,0.0,19.71,19.71,Ignore
SUBAIDA HOME KALPETTA,0,0.0,19.7,19.7,Ignore
VAISHNAVI STORE VADODARA,0,0.0,12.4,19.7,Ignore
"RANCHI, JHARKHAND, IN",0,0.0,13.59,19.69,Ignore
"RAEBARELI, RAEBARELI, UTTAR PRADESH",0,0.0,19.68,19.68,Ignore
"BERHAMPUR HUB, BERHAMPUR, ORISSA",0,0.0,9.39,19.68,Ignore
"KHALILABAD, UTTAR PRADESH, IN",0,0.0,19.68,19.68,Ignore
NAWALGARH,0,0.0,10.07,19.68,Ignore
MAHUA OFFICE,0,0.0,19.68,19.68,Ignore
"JOLAIBARI, SABROOM, TRIPURA",0,0.0,19.68,19.68,Ignore
SRIRANGAPATNA,0,0.0,14.58,19.67,Ignore
BHATINDA AIR HUB,0,0.0,16.88,19.67,Ignore
"RAISINGHNAGAR, RAISINGHNAGAR, RAJASTHAN",0,0.0,19.66,19.66,Ignore
V & S STORE NEW DELHI,0,0.0,19.65,19.65,Ignore
"GHOTI, NASHIK, MAHARASHTRA",0,0.0,19.65,19.65,Ignore
THENI,0,0.0,8.13,19.64,Ignore
PITM,0,0.0,19.64,19.64,Ignore
KAPASHERA,0,0.0,17.72,19.63,Ignore
GURU KRIPA DRY CLEANERS NEW DELHI,0,0.0,19.63,19.63,Ignore
AMALNER,0,0.0,19.61,19.61,Ignore
"NOIDA/PAL, DELHI NCR, DELHI",0,0.0,9.27,19.61,Ignore
"MAU1, MAU, UTTAR PRADESH",0,0.0,18.79,19.6,Ignore
GONDIA,0,0.0,18.28,19.6,Ignore
CHIKALTHANA,0,0.0,19.58,19.58,Ignore
"KHARSAWAN1, SARAIKELAKHARSWAN, JHARKHAND",0,0.0,17.29,19.58,Ignore
"YEMMIGANUR, YEMMIGANUR, ANDHRA PRADESH",0,0.0,13.88,19.57,Ignore
"RAN/HUB, RANCHI, JHARKHAND",0,0.0,8.65,19.57,Ignore
MOTHERHUB_JKD RANCHI,0,0.0,8.7,19.57,Ignore
SHADNAGAR,0,0.0,7.36,19.57,Ignore
MARTHANDAM,0,0.0,15.09,19.56,Ignore
GODDA OFFICE,0,0.0,19.55,19.55,Ignore
MORBI,0,0.0,19.55,19.55,Ignore
SHASHI KALA NEW DELHI,0,0.0,12.07,19.54,Ignore
"DEL/TLN, NEW DELHI, DELHI",0,0.0,7.51,19.54,Ignore
JAHANGIRABAD,0,0.0,19.54,19.54,Ignore
BRAJABANDHU PRADHAN BALASORE,0,0.0,19.53,19.53,Ignore
UMBERGAON,0,0.0,15.83,19.53,Ignore
NANDIGRAM,0,0.0,11.13,19.53,Ignore
"SONAIMUKH, SONAIMUKH, ASSAM",0,0.0,19.48,19.51,Ignore
KAMBLE NIVAS LATUR,0,0.0,12.76,19.5,Ignore
SHEOHAR,0,0.0,5.34,19.5,Ignore
HARISH HOME MAVELIKARA,0,0.0,19.49,19.49,Ignore
"JOGINDER NAGAR, JOGINDER NAGAR, HIMACHAL PRADESH",0,0.0,19.47,19.47,Ignore
TIRUPPATTUR,0,0.0,10.81,19.47,Ignore
KAHALGAON,0,0.0,19.47,19.47,Ignore
TADEPALLIGUDEM,0,0.0,18.41,19.46,Ignore
MUGHALSARAI,0,0.0,12.81,19.45,Ignore
KARIMNAGAR HUB,0,0.0,11.27,19.45,Ignore
AMB S.O,0,0.0,18.68,19.44,Ignore
AGGARWAL DAIRY GURGAON,0,0.0,19.43,19.43,Ignore
DEOGHAR,0,0.0,16.97,19.41,Ignore
"NISCHINTAKOILI, CUTTACK, ORISSA",0,0.0,19.41,19.41,Ignore
KALIACHAK,0,0.0,16.54,19.41,Ignore
KUDLAHUB_IXE MANGALORE,0,0.0,5.34,19.4,Ignore
GURSHARAN SINGH DHILLON GURDASPUR,0,0.0,17.78,19.39,Ignore
CHINTAMANI,0,0.0,13.18,19.39,Ignore
"NORTHLAKHIMPUR, LAKHIMPUR, ASSAM",0,0.0,18.6,19.38,Ignore
PUDUCHERRY,0,0.0,10.81,19.36,Ignore
GHANA,0,0.0,19.36,19.36,Ignore
SHEKHAPURA OFFICE,0,0.0,19.35,19.35,Ignore
DILSHAD STORE NEW DELHI,0,0.0,19.35,19.35,Ignore
KARIM NAGAR,0,0.0,17.88,19.34,Ignore
KOLKATA,0,0.0,10.53,19.34,Ignore
GACHIBOWLI E-TAIL CENTRE,0,0.0,6.59,19.34,Ignore
HIRA DAS SHOP NEW DELHI,0,0.0,14.04,19.34,Ignore
CHANDNI STORE GURGAON,0,0.0,19.34,19.34,Ignore
NAGDA,0,0.0,14.62,19.33,Ignore
ARARIA OFFICE,0,0.0,19.33,19.33,Ignore
MOTHERHUB_STV_BTS SURAT,0,0.0,10.24,19.32,Ignore
BISHRAMPUR,0,0.0,17.28,19.32,Ignore
HANUMANTH HOME DHARWAD,0,0.0,19.31,19.31,Ignore
ROMANCHAL SAHU BHAWANIPATNA,0,0.0,13.14,19.31,Ignore
"GAU/PC1, GUWAHATI, ASSAM",0,0.0,4.92,19.3,Ignore
"BLR/KYN-TML, BANGALORE, KARNATAKA",0,0.0,13.5,19.28,Ignore
MOTHERHUB_DIC DELHI,0,0.0,9.95,19.28,Ignore
GAUTAM NEW DELHI,0,0.0,19.15,19.28,Ignore
KARAD,0,0.0,13.49,19.26,Ignore
SHAJAPUR,0,0.0,11.83,19.26,Ignore
SITICSMEJAKHASODH_MJK ALLAHABAD,0,0.0,19.26,19.26,Ignore
DAVE STORE AHMEDABAD,0,0.0,19.25,19.25,Ignore
MEHZABIN STORE MUMBAI,0,0.0,19.25,19.25,Ignore
"SOLAPUR, MAHARASHTRA, IN",0,0.0,19.18,19.24,Ignore
DASS KIRANA STORE SRI GANGANAGAR,0,0.0,19.24,19.24,Ignore
MOTHERHUB_HRN NADIA,0,0.0,8.95,19.23,Ignore
"PALASA, PALASA, ANDHRA PRADESH",0,0.0,19.23,19.23,Ignore
"NIRSA, NIRSA, JHARKHAND",0,0.0,15.6,19.23,Ignore
JUNNAR,0,0.0,9.39,19.23,Ignore
"DDN/PTL, DEHRADUN, UTTARAKHAND",0,0.0,8.96,19.22,Ignore
"VIJ/HUB, VIJAYAWADA, ANDHRA PRADESH",0,0.0,7.27,19.22,Ignore
GHAZIPUR,0,0.0,12.47,19.22,Ignore
KOSI KALAN,0,0.0,18.11,19.21,Ignore
"DEL/UTN, NEW DELHI, DELHI",0,0.0,19.21,19.21,Ignore
PRIYANKA STORE NEW DELHI,0,0.0,19.19,19.19,Ignore
KHOPOLI,0,0.0,6.22,19.19,Ignore
MOHAN STORE GURGAON,0,0.0,19.18,19.18,Ignore
KAMLESH SHOP NEW DELHI,0,0.0,19.18,19.18,Ignore
PALLURUTHYHUB_PRT EDAKOCHI,0,0.0,7.43,19.18,Ignore
BAREJA EPU,0,0.0,5.78,19.18,Ignore
RASRA,0,0.0,19.17,19.17,Ignore
ENGLISHBAZAR,0,0.0,19.17,19.17,Ignore
MR DEEPAK H ENTERPRISES PANVEL,0,0.0,19.17,19.17,Ignore
PUTTUR,0,0.0,7.58,19.16,Ignore
"JMD/MNG, JAMSHEDPUR, JHARKHAND",0,0.0,18.87,19.15,Ignore
NALGONDA,0,0.0,12.49,19.15,Ignore
SALEM HUB,0,0.0,7.22,19.15,Ignore
TANISHKA STORE NEW DELHI,0,0.0,19.14,19.14,Ignore
MOTHERHUB_LKO_FLEX LUCKNOW,0,0.0,9.71,19.14,Ignore
"PORBANDAR1, PORBANDAR, GUJARAT",0,0.0,19.1,19.13,Ignore
AHMADPUR,0,0.0,19.12,19.12,Ignore
K.G.N GENERAL STORE NEW DELHI,0,0.0,17.43,19.11,Ignore
CHALAKUDY,0,0.0,19.1,19.1,Ignore
AREPALLY,0,0.0,19.09,19.09,Ignore
"BST/HBR-TML, BARASAT, WEST BENGAL",0,0.0,19.09,19.09,Ignore
JINTU,0,0.0,19.09,19.09,Ignore
KAMPTEE,0,0.0,19.08,19.08,Ignore
"VISNAGAR, VADNAGAR, GUJARAT",0,0.0,17.51,19.08,Ignore
SINDHUDURG,0,0.0,17.23,19.08,Ignore
CHANDRASHEKHARPUR REACH,0,0.0,19.08,19.08,Ignore
LINTOMON HOME KOTTAYAM,0,0.0,11.18,19.06,Ignore
LALGANJ,0,0.0,19.06,19.06,Ignore
PONKUNNAM,0,0.0,12.18,19.06,Ignore
HINDUPURHUB_HDP,0,0.0,19.06,19.06,Ignore
WORLI,0,0.0,8.1,19.06,Ignore
"HYD/NAC-EHV, HYDERABAD, TELANGANA",0,0.0,12.91,19.06,Ignore
BANKA OFFICE,0,0.0,19.05,19.05,Ignore
PAVAN APSPQRS,0,0.0,19.02,19.02,Ignore
ADYAL,0,0.0,19.01,19.01,Ignore
"RTO/VST, BANGALORE, KARNATAKA",0,0.0,7.92,19.01,Ignore
PUNGANUR,0,0.0,8.71,19.0,Ignore
UMRETH,0,0.0,19.0,19.0,Ignore
EKL_SURATHUB_STX,0,0.0,16.52,19.0,Ignore
VICKY KIRANA STORE CHANDIGARH,0,0.0,19.0,19.0,Ignore
SONAI,0,0.0,16.04,18.99,Ignore
"TRICHUR, TRICHUR, KERALA",0,0.0,11.04,18.99,Ignore
"CCU/BALLYGUNGE-TML, KOLKATA, WEST BENGAL",0,0.0,18.99,18.99,Ignore
"BOM/BDP-EHV, MUMBAI, MAHARASHTRA",0,0.0,0.94,18.98,Ignore
DEV KUMAR KIRANA NEW DELHI,0,0.0,18.96,18.96,Ignore
POTHENCODE,0,0.0,18.93,18.93,Ignore
VARKALAHUB_VKL,0,0.0,18.92,18.92,Ignore
TUMKUR HUB TUMKUR,0,0.0,18.91,18.91,Ignore
MALAPURAM,0,0.0,18.72,18.9,Ignore
REESHU KIRANA STORE CHANDIGARH,0,0.0,18.89,18.89,Ignore
"BAGALKOT, KARNATAKA, IN",0,0.0,18.88,18.88,Ignore
SANJAY MOBILE NEW DELHI,0,0.0,18.88,18.88,Ignore
"CHOTILA, SURENDRANAGAR, GUJARAT",0,0.0,18.87,18.87,Ignore
KHANAPURHUB_IXG,0,0.0,18.86,18.86,Ignore
TIRUR,0,0.0,10.54,18.84,Ignore
JSR STORE KANNUR,0,0.0,18.84,18.84,Ignore
"MANDI, MANDI, HIMACHAL PRADESH",0,0.0,10.16,18.84,Ignore
KANIGIRI,0,0.0,17.95,18.82,Ignore
BANDA,0,0.0,14.39,18.81,Ignore
SECUNDERABAD HUB,0,0.0,13.73,18.81,Ignore
WALUJ,0,0.0,18.8,18.8,Ignore
ICFAIHUB_DEL,0,0.0,0.79,18.8,Ignore
ASHIFA A KANNUR,0,0.0,18.79,18.79,Ignore
NOBPE TELECOM VADODARA,0,0.0,18.79,18.79,Ignore
NOHIRA STORES TIRUPATI,0,0.0,18.78,18.78,Ignore
FARIDABAD NIT,0,0.0,3.7,18.77,Ignore
FKL-LKO_FLEX,0,0.0,0.0,18.76,Ignore
MEERUT - MEE,0,0.0,18.75,18.75,Ignore
EAMANDHI PADMA SRI MASTER KIRANA STORE KAKINADA,0,0.0,18.75,18.75,Ignore
BUPALPALLY,0,0.0,18.3,18.75,Ignore
"ASANSOL2, ASANSOL, WEST BENGAL",0,0.0,18.75,18.75,Ignore
PALI,0,0.0,18.74,18.74,Ignore
KATTUMANNARKOVIL,0,0.0,18.72,18.72,Ignore
TEHATTA,0,0.0,18.72,18.72,Ignore
"AMBARNATH/ULASHNAGAR, AMBARNATH, MAHARASHTRA",0,0.0,8.45,18.72,Ignore
KANDIVALI HUB,0,0.0,12.01,18.7,Ignore
"GOZARIA, MEHSANA, GUJARAT",0,0.0,18.7,18.7,Ignore
GADAG,0,0.0,18.7,18.7,Ignore
NANDYAL,0,0.0,11.16,18.7,Ignore
SIRSAGANJ,0,0.0,18.68,18.68,Ignore
MOTHERHUB_NAG_BTS NAGPUR,0,0.0,7.67,18.68,Ignore
KATTAKADA,0,0.0,18.67,18.67,Ignore
ADRA,0,0.0,17.62,18.66,Ignore
KHATOO,0,0.0,10.89,18.64,Ignore
"ATTARI, ATTARI, PUNJAB",0,0.0,18.63,18.63,Ignore
ARUN ENTERPRISES THANE,0,0.0,18.63,18.63,Ignore
"PERUMBAIKAD, KERALA, IN",0,0.0,17.57,18.62,Ignore
BANSWARA,0,0.0,15.99,18.62,Ignore
DIKSHA KIRANA STORE GURGAON,0,0.0,18.6,18.6,Ignore
"KULLU, HIMACHAL PRADESH, IN",0,0.0,18.6,18.6,Ignore
NARASARAOPET,0,0.0,14.11,18.6,Ignore
KUKATPALLY HUB HYDERABAD,0,0.0,6.97,18.59,Ignore
"KATOL, KATOL, MAHARASHTRA",0,0.0,18.58,18.58,Ignore
WALUJ WAREHOUSE,0,0.0,5.9,18.57,Ignore
MANGAWAN,0,0.0,18.57,18.57,Ignore
PRODATTUR,0,0.0,9.18,18.54,Ignore
AKOLAHUB_AKD AKOLA,0,0.0,5.86,18.54,Ignore
NAGAONHUB_NGN,0,0.0,18.53,18.53,Ignore
BADSHAHPUR HUB,0,0.0,0.28,18.52,Ignore
NEWASA,0,0.0,15.82,18.52,Ignore
PATEL GENERAL STORE LUCKNOW,0,0.0,18.5,18.5,Ignore
"DEL/NOIDA-EHV, DELHI NCR, DELHI",0,0.0,16.71,18.49,Ignore
NAJIBABAD,0,0.0,17.49,18.47,Ignore
NIRSA,0,0.0,18.46,18.46,Ignore
"BARHALGANJ, BARHALGANJ, UTTAR PRADESH",0,0.0,18.45,18.45,Ignore
"MYS/RRN, MYSORE, KARNATAKA",0,0.0,15.02,18.45,Ignore
ECITYPHASE2TEMPHUB_BLR BANGALORE,0,0.0,18.44,18.44,Ignore
TIRORA,0,0.0,18.44,18.44,Ignore
BELPHARHUB_JSG,0,0.0,10.42,18.43,Ignore
MALERKOTLA S.O,0,0.0,18.07,18.42,Ignore
"UDI/HUB, UDAIPUR, RAJASTHAN",0,0.0,9.2,18.41,Ignore
SARUPATHAR,0,0.0,12.07,18.37,Ignore
CHITTORGARH,0,0.0,15.48,18.36,Ignore
"SIDHAULI1, SIDHAULI, UTTAR PRADESH",0,0.0,18.36,18.36,Ignore
DEOGHAR OFFICE,0,0.0,18.16,18.35,Ignore
REWALSAR,0,0.0,18.34,18.34,Ignore
GOA HUB,0,0.0,6.77,18.34,Ignore
PENUKONDAMDH_PEN PENUKONDA,0,0.0,18.33,18.33,Ignore
"WAI, MAHARASHTRA, IN",0,0.0,13.66,18.32,Ignore
KURNOOL,0,0.0,8.88,18.32,Ignore
"RANIKHET, UTTARAKHAND, IN",0,0.0,18.32,18.32,Ignore
BADHERI,0,0.0,18.29,18.29,Ignore
"PATNA, BIHAR, IN",0,0.0,12.18,18.28,Ignore
ANKIT KUMAR GAUTAM BUDDHA NAGAR,0,0.0,18.27,18.27,Ignore
CHARAIHUB_MUM,0,0.0,10.3,18.27,Ignore
"PCK/KNP, KANPUR, UTTAR PRADESH",0,0.0,9.23,18.25,Ignore
KYMR,0,0.0,10.91,18.24,Ignore
RAXAUL,0,0.0,18.24,18.24,Ignore
KURUNNAPPAN HOME KOTTAYAM,0,0.0,18.24,18.24,Ignore
BONAIGARH,0,0.0,18.24,18.24,Ignore
MERCES HUB,0,0.0,11.03,18.23,Ignore
ANUGRAH KUJUR HOME JAMSHEDPUR,0,0.0,18.22,18.22,Ignore
"MEHSANA1, MEHSANA, GUJARAT",0,0.0,6.45,18.21,Ignore
PHARENDA,0,0.0,12.87,18.21,Ignore
PANDHARPUR,0,0.0,16.31,18.21,Ignore
"BHI/RTO, BHIWANDI, MAHARASHTRA",0,0.0,7.48,18.2,Ignore
RANIBENNUR,0,0.0,15.8,18.2,Ignore
"WNG/HUB, WARANGAL, TELANGANA",0,0.0,0.82,18.2,Ignore
MEHRA ENTERPRISES KOTA,0,0.0,18.2,18.2,Ignore
ALIBAG,0,0.0,12.77,18.19,Ignore
DEVESH GENERAL STORE NEW DELHI,0,0.0,18.19,18.19,Ignore
NEERAJ FOOD POINT ROHTAK,0,0.0,18.18,18.18,Ignore
NELLORE,0,0.0,4.3,18.18,Ignore
"ANGAMALY, ALUVA, KERALA",0,0.0,18.18,18.18,Ignore
ALIRAJPUR,0,0.0,18.18,18.18,Ignore
CHHATARPUR,0,0.0,13.92,18.18,Ignore
BALAGHAT,0,0.0,9.03,18.17,Ignore
KUMARGUNJ,0,0.0,10.09,18.16,Ignore
FKL-MUMFLEXSAI4_EXT,0,0.0,15.67,18.16,Ignore
SHIRPUR,0,0.0,18.14,18.14,Ignore
EGMORE MINI HUB,0,0.0,13.38,18.12,Ignore
RTO CPU KOLKATA,0,0.0,7.43,18.11,Ignore
SALEEM GENERAL STORE BAGALKOT,0,0.0,18.1,18.1,Ignore
ARAKKONAM,0,0.0,7.99,18.09,Ignore
WARANGAL,0,0.0,9.76,18.09,Ignore
RAJAHMUNDHRY HUB,0,0.0,5.13,18.08,Ignore
KUNAL TRADERS NEW DELHI,0,0.0,16.43,18.08,Ignore
AARADHNA NIVASH HOUSE RAJKOT,0,0.0,18.07,18.07,Ignore
"BLR/SA-BSK, BANGALORE, KARNATAKA",0,0.0,18.06,18.06,Ignore
"GURGAON, HARYANA, IN",0,0.0,6.84,18.06,Ignore
"GAU/RTO, GUWAHATI, ASSAM",0,0.0,12.83,18.06,Ignore
"MORADABAD, MORADABAD, UTTAR PRADESH",0,0.0,10.84,18.06,Ignore
SARJAPURSPLITOSH_BLR BANGALORE,0,0.0,7.16,18.05,Ignore
"VIJAPUR, VIJAPUR, GUJARAT",0,0.0,18.05,18.05,Ignore
JAIGON,0,0.0,18.03,18.03,Ignore
NITIN STORE NEW DELHI,0,0.0,18.02,18.02,Ignore
"AMB/HUB, AMBALA, HARYANA",0,0.0,6.62,18.01,Ignore
KAVANADU,0,0.0,18.0,18.0,Ignore
AJAY HARDWARE KANPUR,0,0.0,17.99,17.99,Ignore
"ANP/HUB, ANANTAPUR, ANDHRA PRADESH",0,0.0,8.7,17.99,Ignore
BHATINDA,0,0.0,8.68,17.99,Ignore
KANNAUJ,0,0.0,17.99,17.99,Ignore
SUPAUL OFFICE,0,0.0,17.95,17.95,Ignore
"ANJAR, ANJAR, GUJARAT",0,0.0,17.27,17.94,Ignore
GANDHI NAGAR HUB GANDHINAGAR,0,0.0,5.92,17.94,Ignore
KUNAL ENTERPRISE PUNE,0,0.0,17.93,17.93,Ignore
DASUA,0,0.0,8.88,17.92,Ignore
NEHA KIRANA STORE GURGAON,0,0.0,17.89,17.89,Ignore
D BHARATI REDDY CHATRAPUR,0,0.0,17.82,17.89,Ignore
HOSAPETE,0,0.0,17.87,17.87,Ignore
RANJIT KUMAR KIRANA BIHAR SHARIF,0,0.0,17.87,17.87,Ignore
"MAHABUBABAD, TELANGANA, IN",0,0.0,17.87,17.87,Ignore
"VADAKKUVALLIYUR, TAMIL NADU, IN",0,0.0,17.84,17.87,Ignore
"BIKANER, BIKANER, RAJASTHAN",0,0.0,13.81,17.87,Ignore
KARUNAGAPALLI,0,0.0,10.99,17.86,Ignore
MGMARGHUB_GGT,0,0.0,17.86,17.86,Ignore
BAHADURGARH,0,0.0,10.17,17.86,Ignore
KESINGA,0,0.0,17.84,17.84,Ignore
"MURI, MURI, JHARKHAND",0,0.0,17.84,17.84,Ignore
"GZB/MHN1, DELHI NCR, DELHI",0,0.0,16.13,17.84,Ignore
GIRISH STORE NEW DELHI,0,0.0,17.83,17.83,Ignore
HARIDWAR HUB HARIDWAR,0,0.0,6.97,17.83,Ignore
DEVADURGA,0,0.0,15.87,17.82,Ignore
"KANYAKUMARI, TAMIL NADU, IN",0,0.0,17.81,17.81,Ignore
"ARARIA, BIHAR, IN",0,0.0,17.77,17.77,Ignore
"NANDURBAR, MAHARASHTRA, IN",0,0.0,17.61,17.76,Ignore
DHAMPURHUB_DHM DHAMPUR,0,0.0,2.68,17.76,Ignore
"NAWABGANJ, NAWABGANJ, UTTAR PRADESH",0,0.0,17.74,17.74,Ignore
TRIPUNITHURAHUB_TRT COCHIN,0,0.0,6.64,17.74,Ignore
MOTHERHUB_MED HYDERABAD,0,0.0,8.0,17.72,Ignore
PATHANKOT,0,0.0,6.87,17.71,Ignore
"BLR/SRM-TML, BANGALORE, KARNATAKA",0,0.0,17.71,17.71,Ignore
PRADEEP KASHYAP KIRANA GAUTAM BUDDHA NAGAR,0,0.0,17.71,17.71,Ignore
"VPT/SCLM, VISAKHAPATNAM, ANDHRA PRADESH",0,0.0,17.7,17.7,Ignore
ALLAHABAD,0,0.0,14.38,17.69,Ignore
KONDAGAON,0,0.0,14.35,17.69,Ignore
BARIPADA,0,0.0,17.68,17.68,Ignore
"PCK/OKH, DELHI NCR, DELHI",0,0.0,6.39,17.68,Ignore
DAVANGERE,0,0.0,6.77,17.68,Ignore
CABTGORANTLAODH_GRL ANANTAPUR,0,0.0,11.38,17.66,Ignore
SHARIF RAZA KANPUR,0,0.0,17.66,17.66,Ignore
RAMANATHAPURAM,0,0.0,11.35,17.65,Ignore
"SALEPUR OR, SALEPUR OR, ORISSA",0,0.0,17.63,17.63,Ignore
TANUKU,0,0.0,12.22,17.63,Ignore
VAIKOM,0,0.0,11.9,17.63,Ignore
KAPURTHALA,0,0.0,9.67,17.63,Ignore
SOLAPUR AIR HUB,0,0.0,12.79,17.61,Ignore
BHIMADOLE,0,0.0,16.64,17.61,Ignore
MANGLORE (MLRE),0,0.0,17.59,17.59,Ignore
HUBLI,0,0.0,15.09,17.57,Ignore
"RTO/MAT, BANGALORE, KARNATAKA",0,0.0,10.33,17.57,Ignore
KESHKAL,0,0.0,12.81,17.56,Ignore
FARIDABAD,0,0.0,5.35,17.55,Ignore
DHULEHUB_DHL,0,0.0,17.54,17.54,Ignore
RAJU GENERAL STORE NEW DELHI,0,0.0,17.54,17.54,Ignore
RONIT SHOP GURGAON,0,0.0,16.13,17.54,Ignore
PATTAMBI,0,0.0,11.97,17.54,Ignore
SHAMLIHUB_SHI,0,0.0,17.53,17.53,Ignore
"JAIPUR, RAJASTHAN, IN",0,0.0,8.9,17.53,Ignore
"DATIYA, DATIYA, MADHYA PRADESH",0,0.0,17.53,17.53,Ignore
GHOISAHAN,0,0.0,9.8,17.53,Ignore
KATIHAR,0,0.0,17.52,17.52,Ignore
NAGPUR - NGP,0,0.0,12.83,17.52,Ignore
KANDUKUR,0,0.0,10.6,17.5,Ignore
"THN/WGH, THANE, MAHARASHTRA",0,0.0,17.49,17.49,Ignore
MOTHERHUB_PUNE PUNE,0,0.0,7.57,17.49,Ignore
MANKAPUR GONDA,0,0.0,17.48,17.48,Ignore
RAIPUR WAREHOUSE,0,0.0,8.22,17.47,Ignore
YESHWANTPUR,0,0.0,9.07,17.44,Ignore
SOHAN SINGH GENERAL KIRANA NEW DELHI,0,0.0,16.37,17.44,Ignore
TIRUPATI OFFICE,0,0.0,6.6,17.44,Ignore
"VATIKA, JAIPUR, RAJASTHAN",0,0.0,11.89,17.43,Ignore
"MADANPALLI, MADANAPALLI, ANDHRA PRADESH",0,0.0,17.4,17.4,Ignore
MAHBUBNAGAR,0,0.0,8.77,17.39,Ignore
SANGRUR,0,0.0,5.85,17.39,Ignore
FKL_LKO,0,0.0,0.0,17.39,Ignore
SONU KUMAR GURGAON,0,0.0,17.39,17.39,Ignore
ALANDIHUB_PUNE PUNE,0,0.0,6.85,17.38,Ignore
AKSHAY STORE NEW DELHI,0,0.0,17.37,17.37,Ignore
ARARIA,0,0.0,17.36,17.36,Ignore
NAGPUR WAREHOUSE,0,0.0,6.63,17.35,Ignore
BACHUPALLY,0,0.0,17.33,17.33,Ignore
PALANPURHUB_PLN,0,0.0,17.32,17.32,Ignore
DERABASSI,0,0.0,14.08,17.32,Ignore
SURENDRA GENRAL STORE LUCKNOW,0,0.0,17.32,17.32,Ignore
MS STATIONARY NEW DELHI,0,0.0,17.06,17.31,Ignore
VAZHAKULAM,0,0.0,16.08,17.3,Ignore
SAHARANPUR HUB,0,0.0,11.14,17.29,Ignore
"GOHPUR, GOHPUR, ASSAM",0,0.0,17.29,17.29,Ignore
DHARAMSALA,0,0.0,16.36,17.28,Ignore
"DEL/SKN, NEW DELHI, DELHI",0,0.0,16.47,17.27,Ignore
SUPER AUTO GARAGE AND WASHING CENTER KALAMB,0,0.0,17.27,17.27,Ignore
CHIPLUN,0,0.0,17.0,17.26,Ignore
ALIPURDUAR,0,0.0,11.02,17.26,Ignore
"KAMAKHYANAGAR, KAMAKHYANAGAR ORRISSA, ORISSA",0,0.0,17.25,17.25,Ignore
MAKRANA,0,0.0,17.24,17.24,Ignore
"TALERE, TALERE, MAHARASHTRA",0,0.0,9.93,17.24,Ignore
KOPPAL,0,0.0,7.55,17.22,Ignore
BARAMATI,0,0.0,9.65,17.21,Ignore
BASKHARI AMBEDKAR NAGAR,0,0.0,17.19,17.19,Ignore
"GHARGHODA, GHARGHODA, CHHATTISGARH",0,0.0,17.18,17.18,Ignore
SONIPAT /MURTHAL,0,0.0,15.73,17.17,Ignore
"ALD/LH1, ALLAHABAD, UTTAR PRADESH",0,0.0,7.07,17.15,Ignore
MOTHERHUB_IDO INDORE,0,0.0,7.72,17.15,Ignore
KUCHINDA,0,0.0,10.72,17.15,Ignore
HANUMAN ENTERPRISES MASTER KIRANA BANGALORE,0,0.0,17.13,17.13,Ignore
BALLABHGARH,0,0.0,7.69,17.12,Ignore
BHARTI ELECTRIC SHOP NEW DELHI,0,0.0,7.06,17.11,Ignore
"SINGAHI, SINGAHI, UTTAR PRADESH",0,0.0,17.08,17.08,Ignore
"AMB/SA-GDM, AMBUR, TAMIL NADU",0,0.0,13.07,17.07,Ignore
KODAD,0,0.0,11.82,17.06,Ignore
PARLI VAIJINATH,0,0.0,17.05,17.05,Ignore
BAREJA APEX/SFC PUD,0,0.0,17.05,17.05,Ignore
JAGJEET SINGH BEGAMPUR NEW DELHI,0,0.0,17.05,17.05,Ignore
PURANPUR,0,0.0,17.05,17.05,Ignore
AARUSH KIRANA ATORE SAHARANPUR,0,0.0,17.03,17.03,Ignore
CHIKITI,0,0.0,17.03,17.03,Ignore
MUKKAM,0,0.0,17.02,17.02,Ignore
SOHNA,0,0.0,3.95,16.99,Ignore
"SALEM, TAMIL NADU, IN",0,0.0,8.38,16.97,Ignore
PHALODI,0,0.0,16.97,16.97,Ignore
"HBL/HUB, HUBLI, KARNATAKA",0,0.0,6.82,16.96,Ignore
RUPNAGAR,0,0.0,10.58,16.95,Ignore
KADUR,0,0.0,2.72,16.93,Ignore
NORTH PARAVUR,0,0.0,12.88,16.93,Ignore
"TEZU, TEZU, ARUNACHAL PRADESH",0,0.0,16.93,16.93,Ignore
BEHROR,0,0.0,12.53,16.92,Ignore
SUDHIR MAJANU STORE NEW DELHI,0,0.0,16.92,16.92,Ignore
BHAJAN RAM PATIALA,0,0.0,16.91,16.91,Ignore
KAYAMKULAM,0,0.0,12.65,16.9,Ignore
GUPTA STORE NEW DELHI,0,0.0,16.89,16.89,Ignore
"RAJAHMUNDRY, RAJAHMUNDRY, ANDHRA PRADESH",0,0.0,15.64,16.87,Ignore
MADPURHUB_MDP,0,0.0,16.87,16.87,Ignore
AIRPORT SERVICE CENTRE,0,0.0,1.52,16.86,Ignore
"MANGALURU, KARNATAKA, IN",0,0.0,16.84,16.84,Ignore
OLDFARIDABADHUB_DEL,0,0.0,16.84,16.84,Ignore
SIVAGANGA,0,0.0,16.83,16.83,Ignore
SHIV DHRUV STORE NEW DELHI,0,0.0,16.83,16.83,Ignore
GURUGRAM,0,0.0,6.77,16.83,Ignore
"KNL/HUB, KURNOOL, ANDHRA PRADESH",0,0.0,10.15,16.82,Ignore
MYSORE,0,0.0,7.07,16.82,Ignore
"JALANDHAR, JALANDHAR, PUNJAB",0,0.0,16.16,16.79,Ignore
VIDYA KIRANA NEW DELHI,0,0.0,16.76,16.76,Ignore
KALMESHWAR,0,0.0,16.76,16.76,Ignore
IDENTIFYPLUSAMRELIODH_AMR,0,0.0,16.0,16.75,Ignore
GOHPUR,0,0.0,16.75,16.75,Ignore
"GORAKHPUR, UTTAR PRADESH, IN",0,0.0,14.73,16.75,Ignore
FIROZABAD HUB,0,0.0,16.74,16.74,Ignore
CHINTALAPUDIHUB_CHN CHINTALAPUDI,0,0.0,16.72,16.72,Ignore
"BELONIA, AGARTALA, TRIPURA",0,0.0,16.72,16.72,Ignore
"BDQ/HUB, VADODARA, GUJARAT",0,0.0,5.0,16.72,Ignore
REWAHUB_RWA,0,0.0,9.45,16.7,Ignore
NANJANGUD,0,0.0,16.7,16.7,Ignore
GUNTAKAL,0,0.0,11.9,16.67,Ignore
SHUBHAM MAURYA YAMUNANAGAR,0,0.0,16.66,16.66,Ignore
POOJA KIRANA STORE GAUTAM BUDDHA NAGAR,0,0.0,16.26,16.66,Ignore
"BATHINDA/HUB, BHATINDA, PUNJAB",0,0.0,10.04,16.64,Ignore
ALEYAMMA HOME KOTTAYAM,0,0.0,16.63,16.63,Ignore
"MOKOKCHUNG, MOKOKCHUNG, NAGALAND",0,0.0,16.34,16.63,Ignore
"HATHRAS1, HATHRAS, UTTAR PRADESH",0,0.0,6.9,16.63,Ignore
KOLARHUB_BHO,0,0.0,16.62,16.62,Ignore
KAPA,0,0.0,1.39,16.61,Ignore
MUSURI,0,0.0,16.59,16.59,Ignore
PRINCE STORE NEW DELHI,0,0.0,13.37,16.59,Ignore
"VARANASI, UTTAR PRADESH, IN",0,0.0,11.1,16.56,Ignore
FARIDABAD HUB FARIDABAD,0,0.0,6.18,16.56,Ignore
"PAURI GARHWAL, PAURI GARHWAL, UTTARAKHAND",0,0.0,16.55,16.55,Ignore
SATTENAPALLI REACH,0,0.0,16.53,16.53,Ignore
"SULTANGANJ1, SULTANGANJ, BIHAR",0,0.0,16.52,16.52,Ignore
NALAGARH,0,0.0,14.51,16.51,Ignore
MOTHERHUB_HUB DHARWAD,0,0.0,9.71,16.51,Ignore
CHIRAWA,0,0.0,16.5,16.5,Ignore
ELASTICRUNSEWRIODH_MUM MUMBAI,0,0.0,4.15,16.5,Ignore
VISHU STORE NEW DELHI,0,0.0,10.91,16.49,Ignore
"MLD/HUB, MALDA, WEST BENGAL",0,0.0,9.47,16.48,Ignore
TIRUVALLA,0,0.0,13.49,16.47,Ignore
"HYD/PC1, HYDERABAD, TELANGANA",0,0.0,5.28,16.47,Ignore
UTI SERVICE CENTER,0,0.0,9.15,16.47,Ignore
KALIYAGANJ,0,0.0,16.43,16.43,Ignore
MERTA,0,0.0,10.04,16.43,Ignore
RAWATBHATAMDH_KTU RAWATBHATA,0,0.0,16.42,16.42,Ignore
"NORTH GOA, GOA, IN",0,0.0,16.4,16.4,Ignore
PHAGWARA,0,0.0,8.97,16.4,Ignore
"KAILASHAHAR, AGARTALA, TRIPURA",0,0.0,14.8,16.4,Ignore
DEEPANSHI KIRANA NEW DELHI,0,0.0,7.68,16.39,Ignore
ELASTICRUNDHAPAMDH_KOL KOLKATA,0,0.0,10.42,16.38,Ignore
"LKO/CHK, LUCKNOW, UTTAR PRADESH",0,0.0,16.36,16.36,Ignore
JAGGI STORE NEW DELHI,0,0.0,16.36,16.36,Ignore
SONIPAT,0,0.0,8.85,16.35,Ignore
MAHARAJPUR,0,0.0,16.34,16.34,Ignore
ALLAHABAD - ALL,0,0.0,9.15,16.34,Ignore
MUZAFFARPUR HUB,0,0.0,9.33,16.32,Ignore
TENALI,0,0.0,16.32,16.32,Ignore
MULUGU,0,0.0,16.3,16.3,Ignore
SWATI KIRANA STORE FATEHPUR,0,0.0,16.3,16.3,Ignore
PIDUGURALLA REACH,0,0.0,12.25,16.29,Ignore
HOOGLY,0,0.0,13.86,16.28,Ignore
JAIPUR HUB,0,0.0,9.88,16.26,Ignore
BRAHMAVAR,0,0.0,5.95,16.25,Ignore
"GANGAJALGHATI, BANKURA, WEST BENGAL",0,0.0,16.24,16.24,Ignore
RAISINGHNAGAR,0,0.0,15.84,16.22,Ignore
BALESWAR,0,0.0,11.75,16.22,Ignore
SANKARAPURAM,0,0.0,13.24,16.21,Ignore
GANESH GENERAL STORE GURGAON,0,0.0,16.21,16.21,Ignore
KAVINDAPADI,0,0.0,14.24,16.18,Ignore
RIAR TAILOR NEW DELHI,0,0.0,16.18,16.18,Ignore
"GHARSANA, GHARSANA, RAJASTHAN",0,0.0,16.17,16.17,Ignore
LAHAR,0,0.0,16.15,16.15,Ignore
EAST DELHI,0,0.0,7.0,16.15,Ignore
TRIPUNITHURAHUB_TRT,0,0.0,9.48,16.14,Ignore
PAVAGADA,0,0.0,16.14,16.14,Ignore
"MANSA, MANSA, PUNJAB",0,0.0,16.12,16.12,Ignore
BELGAUM HUB,0,0.0,9.38,16.1,Ignore
PRINCE SHOP NEW DELHI,0,0.0,16.1,16.1,Ignore
VESUHUB_STV,0,0.0,1.44,16.07,Ignore
"TIPTUR, TIPTUR, KARNATAKA",0,0.0,14.22,16.07,Ignore
A TIWARI STORE VARANASI,0,0.0,16.04,16.04,Ignore
PETLAD,0,0.0,16.04,16.04,Ignore
"FIROZABAD1, FIROZABAD, UTTAR PRADESH",0,0.0,16.03,16.03,Ignore
"CHANNAGIRI, KARNATAKA, IN",0,0.0,15.36,16.0,Ignore
WHF APX/SFC PUD CENTRE,0,0.0,2.31,16.0,Ignore
"COIMBATORE, TAMILNADU, IN",0,0.0,6.88,16.0,Ignore
ETASHTEZPURODH_TZR TEZPUR,0,0.0,11.17,16.0,Ignore
"KOLKATA, WEST BENGAL, IN",0,0.0,10.82,15.98,Ignore
"ALIGARH, ALIGARH, UTTAR PRADESH",0,0.0,12.46,15.98,Ignore
"BACHELI, BACHELI, CHHATTISGARH",0,0.0,15.98,15.98,Ignore
MALADWESTHUB_MUM,0,0.0,9.88,15.97,Ignore
BADSHAHPUR HUB GURGAON,0,0.0,5.23,15.97,Ignore
PUDUCHERRY WAREHOUSE,0,0.0,15.97,15.97,Ignore
CHAMPASARIMDH_CHP,0,0.0,9.01,15.96,Ignore
"MYSORE, MYSORE, KARNATAKA",0,0.0,4.72,15.96,Ignore
SUPAUL,0,0.0,15.95,15.95,Ignore
MADHUBANI,0,0.0,15.94,15.94,Ignore
PALGHAR,0,0.0,8.79,15.94,Ignore
"KOPPAL1, KOPPAL, KARNATAKA",0,0.0,10.15,15.94,Ignore
PRABHAT ROAD HUB,0,0.0,1.47,15.92,Ignore
NAGARI,0,0.0,15.92,15.92,Ignore
"AMRITSAR, AMRITSAR, PUNJAB",0,0.0,9.94,15.91,Ignore
SONARPUR (SONP),0,0.0,15.91,15.91,Ignore
MOTHERHUB_BNL GURGAON,0,0.0,15.9,15.9,Ignore
HALIYAL,0,0.0,9.9,15.9,Ignore
CHINNAMANUR,0,0.0,13.24,15.89,Ignore
MANENDRAGARH,0,0.0,12.59,15.86,Ignore
CHIKALTHANA PUD,0,0.0,15.77,15.85,Ignore
"SHIVPURI, MADHYA PRADESH, IN",0,0.0,15.85,15.85,Ignore
SANAND,0,0.0,15.85,15.85,Ignore
HAZARIBAGH,0,0.0,9.38,15.85,Ignore
SIDDHPUR,0,0.0,14.01,15.85,Ignore
SIWANI,0,0.0,15.83,15.83,Ignore
DASH STORE NEW DELHI,0,0.0,15.83,15.83,Ignore
TUSHAR STORE RAJKOT,0,0.0,15.82,15.82,Ignore
MANESAR PINCODES,0,0.0,7.73,15.82,Ignore
VISAKHAPATNAM,0,0.0,9.52,15.81,Ignore
NAMCHI,0,0.0,15.78,15.8,Ignore
KAGAL,0,0.0,15.59,15.8,Ignore
"LUD/FPT, LUDHIANA, PUNJAB",0,0.0,8.96,15.79,Ignore
SAMEER NEW DELHI,0,0.0,15.44,15.79,Ignore
"JODH/PKM, JODHPUR, RAJASTHAN",0,0.0,11.11,15.77,Ignore
KALIKIRI,0,0.0,8.77,15.74,Ignore
MAHASAMUND,0,0.0,13.63,15.74,Ignore
"SIRSA, SIRSA, HARYANA",0,0.0,10.26,15.74,Ignore
"JASDAN, JASDAN, GUJARAT",0,0.0,15.74,15.74,Ignore
"VINUKONDA, ANDHRA PRADESH, IN",0,0.0,14.35,15.73,Ignore
BRITANIAHUB_DEL,0,0.0,0.22,15.71,Ignore
ADOOR,0,0.0,7.78,15.7,Ignore
SEVOOR,0,0.0,15.17,15.7,Ignore
NITIN MALI MUMBAI,0,0.0,15.7,15.7,Ignore
"VNS/LH1, VARANASI, UTTAR PRADESH",0,0.0,8.61,15.69,Ignore
"BARABANKI, BARABANKI, UTTAR PRADESH",0,0.0,15.68,15.68,Ignore
POCHAMPALLI,0,0.0,15.68,15.68,Ignore
BUDANPUR AMBEDKAR NAGAR,0,0.0,12.01,15.67,Ignore
"NELLORE, ANDHRA PRADESH, IN",0,0.0,12.71,15.67,Ignore
"CHAKRADHARPUR, CHAKRADHARPUR, JHARKHAND",0,0.0,15.63,15.63,Ignore
"SAPEKHATI, SAPEKHATI, ASSAM",0,0.0,15.63,15.63,Ignore
RATLAM,0,0.0,10.7,15.63,Ignore
"KOCHI, KERALA, IN",0,0.0,15.63,15.63,Ignore
"VUYYURU1, VUYYUR, ANDHRA PRADESH",0,0.0,15.63,15.63,Ignore
SAHARANPUR,0,0.0,12.57,15.61,Ignore
ATTABIRA,0,0.0,15.6,15.6,Ignore
KALIABOR,0,0.0,15.6,15.6,Ignore
ITPL HUB BENGALURU,0,0.0,3.74,15.59,Ignore
PICHATUR,0,0.0,15.59,15.59,Ignore
MUKTSAR,0,0.0,15.15,15.57,Ignore
"NAVNAGAR, NAVNAGAR, KARNATAKA",0,0.0,15.42,15.55,Ignore
METTUR,0,0.0,14.25,15.55,Ignore
DALTONGANJ,0,0.0,11.25,15.54,Ignore
JALALABAD,0,0.0,15.54,15.54,Ignore
INDORE SFC/APEX PUD,0,0.0,15.53,15.53,Ignore
BHIND,0,0.0,15.52,15.52,Ignore
VARAPUZHA,0,0.0,12.5,15.51,Ignore
"BAGODAR, BAGODAR, JHARKHAND",0,0.0,15.45,15.5,Ignore
BHAWAIGARH,0,0.0,15.15,15.49,Ignore
BENGALURU HUB,0,0.0,4.5,15.47,Ignore
DHARAPURAM,0,0.0,15.46,15.46,Ignore
"PCK/LUD, LUDHIANA, PUNJAB",0,0.0,7.84,15.45,Ignore
"LOHARDAGA, LOHARDAGA, JHARKHAND",0,0.0,15.44,15.44,Ignore
"LAHERIYASARAI, DARBHANGA, BIHAR",0,0.0,10.13,15.44,Ignore
VINAYAK ENTERPRISES HAMIRPUR,0,0.0,13.76,15.42,Ignore
NANGAL,0,0.0,14.69,15.42,Ignore
SRI GANGANAGAR,0,0.0,11.39,15.42,Ignore
TIRUPUR HUB,0,0.0,5.77,15.39,Ignore
"AGR/HUB, AGRA, UTTAR PRADESH",0,0.0,11.47,15.37,Ignore
"WARUD, WARUD, MAHARASHTRA",0,0.0,15.35,15.35,Ignore
PRINCYPALESADODH_PAL PETLAD,0,0.0,15.34,15.34,Ignore
HULIMAVUHUB_BLR BENGALURU,0,0.0,4.17,15.34,Ignore
VIRAR HUB,0,0.0,8.53,15.34,Ignore
SD KIRANA PATIALA,0,0.0,15.34,15.34,Ignore
"JAMNIPALI, JAMNIPALI, CHHATTISGARH",0,0.0,15.3,15.3,Ignore
ERATTUPETTA,0,0.0,12.56,15.29,Ignore
SHAHJAHANPUR,0,0.0,9.94,15.29,Ignore
PADAMPUR,0,0.0,15.29,15.29,Ignore
VIJAYAWADA HUB,0,0.0,9.1,15.28,Ignore
AKOTA HUB VADODARA,0,0.0,7.01,15.25,Ignore
"KARNAL, KARNAL, HARYANA",0,0.0,10.92,15.24,Ignore
PEENYA,0,0.0,3.54,15.24,Ignore
ELASTICRUNMAPUSAODH_GOA,0,0.0,15.22,15.22,Ignore
KALIMPONG,0,0.0,11.79,15.21,Ignore
ANKOLA,0,0.0,15.21,15.21,Ignore
MALAYINKEEZH,0,0.0,13.73,15.21,Ignore
ANUPGARH,0,0.0,15.2,15.2,Ignore
COCHIN TRANSPORT CENTRE COCHIN,0,0.0,5.84,15.17,Ignore
UMARKHED,0,0.0,15.17,15.17,Ignore
BHUBANESWAR W.HOUSE,0,0.0,3.37,15.15,Ignore
HIMAYAT NAGAR (HMNG),0,0.0,7.56,15.15,Ignore
"DEL/RTO, DELHI NCR, DELHI",0,0.0,7.13,15.14,Ignore
HARIHAR,0,0.0,13.2,15.14,Ignore
KAMAR STORE NEW DELHI,0,0.0,15.14,15.14,Ignore
ASHOK NAGAR,0,0.0,11.86,15.13,Ignore
JAKIR STORE NEW DELHI,0,0.0,12.31,15.12,Ignore
"PATHANKOT, PATHANKOT, PUNJAB",0,0.0,7.84,15.11,Ignore
ZIRAKPUR (ZKPR),0,0.0,9.22,15.1,Ignore
CABTJAGADHRIODH_JAG JAGADHRI,0,0.0,2.93,15.1,Ignore
"DEL/LH2, NEW DELHI, DELHI",0,0.0,9.67,15.09,Ignore
BANDARU PRANAVI MASTER KIRANA EAST GODAVARI,0,0.0,15.09,15.09,Ignore
LAXMINAGARHUB_DEL,0,0.0,0.5,15.07,Ignore
"GUDUR, GUDUR, ANDHRA PRADESH",0,0.0,15.07,15.07,Ignore
BUGUDA,0,0.0,10.17,15.05,Ignore
TIWARI STORE VARANASI,0,0.0,15.04,15.04,Ignore
"WARDHA, WARDHA, MAHARASHTRA",0,0.0,8.58,15.03,Ignore
KAWARDHA,0,0.0,14.63,15.03,Ignore
"DARBHANGA, DARBHANGA, BIHAR",0,0.0,12.4,15.03,Ignore
"DEL/GTN, DELHI NCR, DELHI",0,0.0,14.87,15.02,Ignore
SHIVPURI,0,0.0,5.02,14.99,Ignore
PALACODE,0,0.0,14.99,14.99,Ignore
COIMBATORE HUB,0,0.0,6.02,14.98,Ignore
GUNDERDEHI,0,0.0,14.96,14.96,Ignore
"SHIVAMOGGA, SHIVAMOGGA, KARNATAKA",0,0.0,10.61,14.95,Ignore
MOTHERHUB_VNI VARANASI,0,0.0,9.56,14.95,Ignore
"BATHINDA, BHATINDA, PUNJAB",0,0.0,14.93,14.93,Ignore
"RANIPET, RANIPET, TAMIL NADU",0,0.0,4.85,14.93,Ignore
"PCK/MDK, NEW DELHI, DELHI",0,0.0,11.23,14.91,Ignore
DINDIGUL,0,0.0,5.89,14.91,Ignore
"AMBERNATH, MAHARASHTRA, IN",0,0.0,14.9,14.9,Ignore
"CCU/PC1, KOLKATA, WEST BENGAL",0,0.0,5.47,14.89,Ignore
JAMBUSAR,0,0.0,14.89,14.89,Ignore
BARAUNI OFFICE,0,0.0,13.15,14.87,Ignore
"BALESAR, BALESAR, RAJASTHAN",0,0.0,14.87,14.87,Ignore
ANDHERI WEST S/C,0,0.0,7.61,14.87,Ignore
KUSHTAGI,0,0.0,14.87,14.87,Ignore
HOOGHLY,0,0.0,14.87,14.87,Ignore
KOTTIYAM,0,0.0,14.86,14.86,Ignore
JAI HOME TIRUPUR,0,0.0,14.86,14.86,Ignore
KATGI,0,0.0,14.86,14.86,Ignore
MELWIN STORE MADURAI,0,0.0,14.81,14.81,Ignore
"CCU/HUB, KOLKATA, WEST BENGAL",0,0.0,4.76,14.8,Ignore
KHEDBRAHMMA,0,0.0,14.8,14.8,Ignore
JAIPUR BAGRU,0,0.0,11.14,14.8,Ignore
"DGR/HUB, DURGAPUR, WEST BENGAL",0,0.0,7.84,14.8,Ignore
BEHERA STORE BARIPARA,0,0.0,14.8,14.8,Ignore
"PALAKKAD, PALAKKAD, KERALA",0,0.0,5.68,14.79,Ignore
"NLR/NTR, NELLORE, ANDHRA PRADESH",0,0.0,11.42,14.78,Ignore
MOHAN STORE NEW DELHI,0,0.0,14.76,14.76,Ignore
RAJGARH,0,0.0,14.76,14.76,Ignore
UJJAIN,0,0.0,8.69,14.75,Ignore
MINUMULA MANI WARANGAL,0,0.0,14.74,14.74,Ignore
"KARIMNAGAR, KARIMNAGAR, TELANGANA",0,0.0,6.02,14.74,Ignore
"TRICHY, TAMIL NADU, IN",0,0.0,14.74,14.74,Ignore
MOTHERHUB_COK ERNAKULAM,0,0.0,8.01,14.73,Ignore
KOTPUTLI,0,0.0,14.28,14.73,Ignore
"KHARAGPUR, KHARAGPUR, WEST BENGAL",0,0.0,14.7,14.7,Ignore
ISLAMPURWBHUB_IPR ISLAMPUR,0,0.0,14.7,14.7,Ignore
PINJORE,0,0.0,13.1,14.69,Ignore
MOHAMMED RIZWAN ANSARI NEW DELHI,0,0.0,12.98,14.68,Ignore
"SHAKTI NAGAR, SHAKTI NAGAR, UTTAR PRADESH",0,0.0,14.68,14.68,Ignore
JALGAON APEX/SFC PUD,0,0.0,14.67,14.67,Ignore
ERNAKULAM HUB ERNAKULAM,0,0.0,5.23,14.67,Ignore
"TRICHY/WEST-TML, TRICHY, TAMIL NADU",0,0.0,11.56,14.67,Ignore
SHAHNAWAZ NEW DELHI,0,0.0,13.22,14.67,Ignore
IBRAR AHMAD NEW DELHI,0,0.0,0.65,14.66,Ignore
MOLAKALMURU,0,0.0,14.66,14.66,Ignore
HUVINAHADAGALI,0,0.0,14.04,14.66,Ignore
"BLR/FC1, BANGALORE, KARNATAKA",0,0.0,4.11,14.64,Ignore
MOGA 1,0,0.0,14.62,14.62,Ignore
WARANGALHUB_WGL,0,0.0,14.62,14.62,Ignore
MORAN,0,0.0,14.58,14.58,Ignore
GONDAL,0,0.0,5.51,14.57,Ignore
DEBAGRAM,0,0.0,14.57,14.57,Ignore
BENNENAGARIHUB_DVG,0,0.0,14.57,14.57,Ignore
"JORHAT, JORHAT, ASSAM",0,0.0,10.69,14.54,Ignore
FKL_FARUKNGR,0,0.0,0.0,14.52,Ignore
HIRYUR,0,0.0,14.51,14.51,Ignore
MADURAI HUB,0,0.0,5.27,14.51,Ignore
"HAVERI, KARNATAKA, IN",0,0.0,14.49,14.49,Ignore
JEEDIMETLA PUD CENTRE,0,0.0,3.27,14.47,Ignore
BURARIHUB_DEL DELHI,0,0.0,7.32,14.46,Ignore
NILAMBURE,0,0.0,14.11,14.46,Ignore
"HOSUR, TAMIL NADU, IN",0,0.0,12.33,14.46,Ignore
KHAMGAON,0,0.0,12.22,14.46,Ignore
"KANPUR, KANPUR, UTTAR PRADESH",0,0.0,7.1,14.44,Ignore
MURBAD,0,0.0,13.3,14.44,Ignore
ULHAS NAGAR,0,0.0,7.35,14.44,Ignore
DOMBIVLI HUB,0,0.0,10.01,14.42,Ignore
KAIKALUR,0,0.0,14.41,14.41,Ignore
GANGTOK,0,0.0,8.04,14.41,Ignore
"GANGTOK, SIKKIM, IN",0,0.0,14.41,14.41,Ignore
RR DISTRICT,0,0.0,9.1,14.4,Ignore
MALAPPURAM,0,0.0,9.69,14.38,Ignore
LEHRAGAGA,0,0.0,13.33,14.37,Ignore
MARAKANAM - MRM,0,0.0,14.35,14.35,Ignore
KUCHAMANCITY S.O,0,0.0,11.8,14.35,Ignore
SINGH STATIONERY NEW DELHI,0,0.0,14.34,14.34,Ignore
GOPINATH BAZAR HUB,0,0.0,5.13,14.33,Ignore
BENGALURU SFC W/F,0,0.0,8.13,14.33,Ignore
GANGAVATHI,0,0.0,12.25,14.33,Ignore
"NANDED, MAHARASHTRA, IN",0,0.0,14.28,14.32,Ignore
VILUPPURAMHUB_VPM VILLUPURAM,0,0.0,10.19,14.32,Ignore
KAKROLAHUB_DEL,0,0.0,13.21,14.32,Ignore
CANACONA,0,0.0,14.3,14.3,Ignore
"KOPPAL, KARANATAKA, IN",0,0.0,14.29,14.3,Ignore
"ANAKAPALLE, ANAKAPALLE, ANDHRA PRADESH",0,0.0,14.29,14.29,Ignore
"MEERUT, MEERUT, UTTAR PRADESH",0,0.0,8.99,14.29,Ignore
SARAIPALLI,0,0.0,14.29,14.29,Ignore
"MUDHOL, MUDHOL, KARNATAKA",0,0.0,14.29,14.29,Ignore
"GADAG1, GADAG, KARNATAKA",0,0.0,9.56,14.26,Ignore
BELGAUM,0,0.0,8.36,14.25,Ignore
MERTA CITY,0,0.0,7.94,14.25,Ignore
AGNOOR,0,0.0,14.24,14.24,Ignore
MUMBAI ETAIL WAREHOU,0,0.0,2.73,14.23,Ignore
"BLR/MCL-TML, BANGALORE, KARNATAKA",0,0.0,13.94,14.23,Ignore
PERINTHALMANNA,0,0.0,13.43,14.22,Ignore
"AMD/HUB, AHMEDABAD, GUJARAT",0,0.0,6.18,14.19,Ignore
EAST CHAMPARAN,0,0.0,8.52,14.18,Ignore
MAHAIPALPUR HUB,0,0.0,6.97,14.17,Ignore
SARNATH,0,0.0,4.95,14.17,Ignore
BEED OUTER,0,0.0,14.17,14.17,Ignore
SARNATHHUB_VNS VARANASI,0,0.0,9.48,14.16,Ignore
"KORIYA, CHHATTISGARH, IN",0,0.0,14.15,14.15,Ignore
"BHANGAR, BHANGAR, WEST BENGAL",0,0.0,14.14,14.14,Ignore
BHUBANESHWAR,0,0.0,9.27,14.14,Ignore
MAHMOOD STORE NEW DELHI,0,0.0,13.15,14.13,Ignore
"CCU/PCK, KOLKATA, WEST BENGAL",0,0.0,7.34,14.11,Ignore
NEW DELHI,0,0.0,5.53,14.11,Ignore
JALANDHAR HUB,0,0.0,0.2,14.09,Ignore
BEAWAR,0,0.0,13.83,14.08,Ignore
"JMU/UNJ, JAMMU, JAMMU AND KASHMIR",0,0.0,8.41,14.08,Ignore
JHULANA,0,0.0,14.07,14.07,Ignore
"RAJGANGPUR, RAJGANGPUR, ORISSA",0,0.0,14.06,14.06,Ignore
"NAINI1, NAINI, UTTAR PRADESH",0,0.0,14.04,14.04,Ignore
"SARAIPALI, BASNA, CHHATTISGARH",0,0.0,13.41,14.04,Ignore
MOHAMMAD RAESS NEW DELHI,0,0.0,14.04,14.04,Ignore
SHAHGANJ,0,0.0,14.03,14.03,Ignore
VIRAR,0,0.0,8.86,14.02,Ignore
KUNDLI AIR HUB,0,0.0,9.1,14.02,Ignore
MURARAI,0,0.0,14.01,14.01,Ignore
VANDANABAGGATELECOM.MK LUDHIANA,0,0.0,5.67,14.0,Ignore
KOLARHUB_BHO MADHYA PRADESH,0,0.0,7.39,13.99,Ignore
SALEM MINI HUB,0,0.0,3.72,13.98,Ignore
"DEL/SANGAMVIHAR, NEW DELHI, DELHI",0,0.0,11.14,13.97,Ignore
PORVORIM,0,0.0,7.31,13.97,Ignore
HISSAR,0,0.0,8.17,13.96,Ignore
"TIRUPATHI, TIRUPATI, ANDHRA PRADESH",0,0.0,13.95,13.95,Ignore
PALLIPALAYAM HUB ERODE,0,0.0,9.1,13.94,Ignore
BUTIBORI,0,0.0,13.94,13.94,Ignore
FKL_LUDFLEX,0,0.0,13.48,13.94,Ignore
RAM MAGAN TRIPATHI GURGAON,0,0.0,13.94,13.94,Ignore
MANTA,0,0.0,13.92,13.92,Ignore
"BHINMAL, BHINMAL, RAJASTHAN",0,0.0,13.9,13.9,Ignore
BHUBANESWAR - BBN,0,0.0,8.35,13.9,Ignore
KHARIAR,0,0.0,8.53,13.88,Ignore
AKOTA HUB,0,0.0,2.87,13.88,Ignore
"PDY/SA-WTT, PONDICHERRY, TAMIL NADU",0,0.0,13.86,13.87,Ignore
MATHABHANGA,0,0.0,11.35,13.86,Ignore
ANUJ GENERAL STORE LUCKNOW,0,0.0,13.86,13.86,Ignore
GOBINDGARH,0,0.0,8.52,13.85,Ignore
BHADRACHALAM,0,0.0,10.64,13.85,Ignore
PURBALOK,0,0.0,4.22,13.83,Ignore
JAI MATA DI COMMUNICATION NEW DELHI,0,0.0,13.48,13.83,Ignore
SATHYAMANGALAM,0,0.0,13.82,13.82,Ignore
"HUMNABAD, HUMNABAD, KARNATAKA",0,0.0,13.81,13.81,Ignore
BHUBANESWAR HUB (BBIW),0,0.0,4.29,13.81,Ignore
"NANDED, NANDED, MAHARASHTRA",0,0.0,8.98,13.8,Ignore
RAIPUR CG - RIP,0,0.0,8.83,13.79,Ignore
SOLANHUB_SLN SOLAN,0,0.0,6.25,13.79,Ignore
"BAGALKOT1, BAGALKOT, KARNATAKA",0,0.0,10.76,13.78,Ignore
"KANNAUJ1, KANNAUJ, UTTAR PRADESH",0,0.0,13.76,13.76,Ignore
TOHANA,0,0.0,9.9,13.76,Ignore
PRAKASAM,0,0.0,13.76,13.76,Ignore
RAJKOTVAVADIHUB_VAV RAJKOT,0,0.0,5.2,13.75,Ignore
ANIL KUMAR SULTANPUR,0,0.0,13.74,13.74,Ignore
"BABATPUR, BABATPUR, UTTAR PRADESH",0,0.0,13.74,13.74,Ignore
"DHANDUKA, DHANDUKA, GUJARAT",0,0.0,13.73,13.73,Ignore
"RTO/BRY, BANGALORE, KARNATAKA",0,0.0,6.17,13.72,Ignore
"GKP/LH1, GORAKHPUR, UTTAR PRADESH",0,0.0,6.71,13.71,Ignore
CHANNAGIRI,0,0.0,6.53,13.7,Ignore
GUSKHARA,0,0.0,13.7,13.7,Ignore
ELASTICRUNBADLAPURODH_BDP THANE,0,0.0,8.81,13.69,Ignore
INDORE - IND,0,0.0,11.91,13.68,Ignore
GAYA HUB GAYA,0,0.0,13.67,13.67,Ignore
KR NAGARA,0,0.0,13.66,13.66,Ignore
"CUDDAPAH, CUDDAPAH, ANDHRA PRADESH",0,0.0,11.06,13.66,Ignore
JHUNJHUNU,0,0.0,13.59,13.6,Ignore
CHODAVARAM,0,0.0,11.03,13.59,Ignore
CALICUT,0,0.0,2.61,13.57,Ignore
BIJAPUR,0,0.0,13.57,13.57,Ignore
"NANDYAL, NANDYAL, ANDHRA PRADESH",0,0.0,5.29,13.57,Ignore
KHEDA,0,0.0,13.57,13.57,Ignore
"GOPALGANJ, GOPALGANJ, BIHAR",0,0.0,11.35,13.56,Ignore
VESUHUB_STV SURAT,0,0.0,6.24,13.54,Ignore
MOTHERHUB_YKB YAKUBPUR,0,0.0,7.91,13.53,Ignore
SADULPUR S.O,0,0.0,10.11,13.53,Ignore
MALBAZAR,0,0.0,6.3,13.53,Ignore
"MOHAMMADABAD, MOHAMMADABAD, UTTAR PRADESH",0,0.0,9.85,13.52,Ignore
BINA,0,0.0,13.51,13.51,Ignore
KOCHIN MINI HUB,0,0.0,5.97,13.48,Ignore
A.J STORE NEW DELHI,0,0.0,11.27,13.48,Ignore
CHANDHANAPPALLI,0,0.0,12.38,13.48,Ignore
"MAHABUBNAGAR, MAHABUBNAGAR, TELANGANA",0,0.0,8.23,13.47,Ignore
MAUGANJ,0,0.0,13.46,13.46,Ignore
HOSHIARPUR HUB HOSHIARPUR,0,0.0,9.94,13.45,Ignore
ELASTICRUNKOTTAKALODH_KOT KOTTAKKAL,0,0.0,11.46,13.45,Ignore
PINKI PANCHAL TEA STALL PANIPAT,0,0.0,13.45,13.45,Ignore
PALAKOLLU,0,0.0,10.68,13.44,Ignore
KRISHNA,0,0.0,8.54,13.43,Ignore
KATTAPPANA,0,0.0,13.42,13.42,Ignore
VIJAYAMANGALAMHUB_VJM VIJAYAMANGALAM,0,0.0,11.94,13.41,Ignore
POOJAPURA,0,0.0,10.32,13.4,Ignore
BAIHATA,0,0.0,13.4,13.4,Ignore
TADIPATRI,0,0.0,9.63,13.39,Ignore
HALOL,0,0.0,8.33,13.38,Ignore
SAHA STORE SHYAMNAGAR,0,0.0,13.37,13.37,Ignore
GWALIOR - GWL,0,0.0,13.37,13.37,Ignore
BHADRAK,0,0.0,8.88,13.37,Ignore
"CCU/IB1, KOLKATA, WEST BENGAL",0,0.0,6.66,13.36,Ignore
KARUVATTA,0,0.0,13.33,13.33,Ignore
BHAVNAGAR,0,0.0,8.51,13.32,Ignore
"TOTU, SHIMLA, HIMACHAL PRADESH",0,0.0,7.68,13.29,Ignore
SANVORDEM,0,0.0,10.84,13.28,Ignore
"UPH, LUCKNOW, UTTAR PRADESH",0,0.0,5.35,13.27,Ignore
"BODHAN1, BODHAN, TELANGANA",0,0.0,13.26,13.26,Ignore
NARKHED,0,0.0,11.43,13.26,Ignore
PANCHAVATIHUB_NSK NASHIK,0,0.0,8.05,13.25,Ignore
LARGELOGICTHOVALAIODH_THV,0,0.0,7.52,13.23,Ignore
"NGP/HUB, NAGPUR, MAHARASHTRA",0,0.0,3.58,13.22,Ignore
"KANDHUKUR, KANDUKUR, ANDHRA PRADESH",0,0.0,13.22,13.22,Ignore
KATARGAAMHUB_STV SURAT,0,0.0,5.46,13.22,Ignore
KOTTAYAM,0,0.0,6.72,13.22,Ignore
HUNSUR,0,0.0,13.21,13.21,Ignore
MAHADHUB_MHD MAHAD,0,0.0,9.61,13.21,Ignore
BORIVILIHUB_MUM,0,0.0,2.03,13.2,Ignore
SAKINAKASPLITHUB_MUM MUMBAI,0,0.0,10.03,13.2,Ignore
KALYAN,0,0.0,13.18,13.18,Ignore
GANGANI,0,0.0,13.14,13.14,Ignore
KHARAGPUR,0,0.0,8.21,13.13,Ignore
CHHATARPURHUB_DEL,0,0.0,7.43,13.11,Ignore
PURI,0,0.0,4.46,13.1,Ignore
"DAKSHINA KANNADA, KARNATAKA, IN",0,0.0,13.09,13.09,Ignore
MOURYA HERBAL NEW DELHI,0,0.0,13.07,13.09,Ignore
CIVILLINESHUB_DEL,0,0.0,3.8,13.06,Ignore
KHALILABAD,0,0.0,10.59,13.03,Ignore
MASTER SR AGENCYS CHOUTUPPAL,0,0.0,13.03,13.03,Ignore
KHANAPUR,0,0.0,13.03,13.03,Ignore
"AHMEDABAD, GUJRAT, IN",0,0.0,11.93,13.02,Ignore
BHANDUPHUB_MUM,0,0.0,7.91,13.01,Ignore
BALAK RAM NEW DELHI,0,0.0,12.87,13.0,Ignore
AYYANTHOLE,0,0.0,6.62,13.0,Ignore
MARGAO,0,0.0,13.0,13.0,Ignore
"DNB/HUB, DHANBAD, JHARKHAND",0,0.0,6.32,12.96,Ignore
"RUDRAPUR, RUDRAPUR, UTTARAKHAND",0,0.0,8.78,12.94,Ignore
RISHIKESH HUB,0,0.0,8.58,12.92,Ignore
"MATHURA, UTTAR PRADESH, IN",0,0.0,12.92,12.92,Ignore
LBNAGARHUB_HYD HYDERABAD,0,0.0,7.9,12.92,Ignore
TITWALA (MUMBAI),0,0.0,11.58,12.91,Ignore
ALTHAF HOME BELTHANGADY,0,0.0,12.91,12.91,Ignore
RAJAHMUNDARY,0,0.0,11.09,12.91,Ignore
GUNTUR TRANSIT HUB,0,0.0,6.78,12.9,Ignore
ASIF STORE JAIPUR,0,0.0,12.9,12.9,Ignore
DILSHADGARDENHUB_DEL DELHI,0,0.0,4.35,12.89,Ignore
HATA,0,0.0,10.28,12.86,Ignore
BHATKAL,0,0.0,12.54,12.85,Ignore
MALVIYANAGARHUB_JAI JAIPUR,0,0.0,9.8,12.84,Ignore
"VPT/HUB, VISAKHAPATNAM, ANDHRA PRADESH",0,0.0,4.55,12.84,Ignore
DISTRICTPARKHUB_DEL,0,0.0,0.31,12.83,Ignore
KANTATOLLI,0,0.0,10.57,12.82,Ignore
NJARAKKAL,0,0.0,7.25,12.78,Ignore
LUCKNOW - LKO,0,0.0,10.48,12.78,Ignore
RANIGANJ,0,0.0,11.08,12.76,Ignore
BOPALHUB_AMD AHMEDABAD,0,0.0,5.65,12.75,Ignore
BASHEERBAGH HUB HYDERABAD,0,0.0,8.38,12.74,Ignore
BELTOLA,0,0.0,12.74,12.74,Ignore
CHANNARAYAPATNA,0,0.0,12.72,12.72,Ignore
"RAJPURA, RAJPURA, PUNJAB",0,0.0,12.72,12.72,Ignore
"UNNAO, UNNAO, UTTAR PRADESH",0,0.0,10.18,12.71,Ignore
HUBLI WAREHOUSE,0,0.0,5.75,12.7,Ignore
"PALLU, HANUMANGARH, RAJASTHAN",0,0.0,12.69,12.69,Ignore
BASMAT,0,0.0,7.05,12.68,Ignore
FKL_HYDPATAN_EXT,0,0.0,9.87,12.68,Ignore
FARUKHABAD,0,0.0,11.01,12.66,Ignore
"HAZARIBAGH, HAZARIBAGH, JHARKHAND",0,0.0,9.08,12.65,Ignore
KISHANGANJ,0,0.0,9.78,12.65,Ignore
ARCOT,0,0.0,9.12,12.62,Ignore
IXM APX/SFC PUD CENTRE,0,0.0,12.62,12.62,Ignore
CANTTAMBALAHUB_UMB,0,0.0,3.12,12.61,Ignore
"IXG/HUB, BELGAUM, KARNATAKA",0,0.0,7.32,12.6,Ignore
"FULERTAL, FULERTAL, ASSAM",0,0.0,12.6,12.6,Ignore
COD PROCESSING CENTRE III,0,0.0,4.62,12.6,Ignore
TRINITY,0,0.0,6.33,12.57,Ignore
BANKIPOREHUB_PAT PATNA,0,0.0,5.04,12.55,Ignore
VZG WAREHOUSE,0,0.0,7.57,12.55,Ignore
BALLARI,0,0.0,8.1,12.54,Ignore
DEVTADIN SAROJ VASAI,0,0.0,12.52,12.52,Ignore
MANGAON,0,0.0,12.52,12.52,Ignore
NAVI MUMBAI,0,0.0,10.33,12.5,Ignore
VAIJAPUR,0,0.0,12.5,12.5,Ignore
BHAI JAAN ELECTRICALS NEW DELHI,0,0.0,12.48,12.48,Ignore
SHALABAM KOZHIKODE,0,0.0,11.76,12.48,Ignore
SHIRALKOPPA,0,0.0,12.48,12.48,Ignore
OJHAR,0,0.0,4.39,12.46,Ignore
THANJAVUR HUB,0,0.0,7.62,12.44,Ignore
FOOD BLAST RUPNAGAR,0,0.0,12.42,12.42,Ignore
PALAKKAD,0,0.0,8.78,12.42,Ignore
DARSI,0,0.0,12.42,12.42,Ignore
JALANDHAR (JLND),0,0.0,12.41,12.41,Ignore
DEGLUR,0,0.0,3.71,12.4,Ignore
SHAMLIHUB_SHI SHAMLI,0,0.0,3.96,12.38,Ignore
PARIPPALLY,0,0.0,8.05,12.38,Ignore
ALOK STORE NEW DELHI,0,0.0,11.75,12.37,Ignore
MALLARPUR,0,0.0,12.35,12.35,Ignore
VXPRESSBURNPURODH_ASN ASANSOL,0,0.0,10.95,12.34,Ignore
ANAKAPALLI,0,0.0,10.5,12.33,Ignore
MAWRYNGKNENG,0,0.0,12.33,12.33,Ignore
AMARAVATHIROADHUB_AMT SITARAMNAGAR,0,0.0,7.25,12.33,Ignore
BELLARY HUB BELLARY,0,0.0,2.43,12.31,Ignore
ALAPPUZHA,0,0.0,7.79,12.31,Ignore
BALUSSERY,0,0.0,12.29,12.29,Ignore
MANGOLPURIHUB_DEL DELHI,0,0.0,4.63,12.29,Ignore
TRICHY APX/SFC PUD CENTRE,0,0.0,12.28,12.28,Ignore
"SRIKAKULAM, ANDHRA PRADESH, IN",0,0.0,12.27,12.27,Ignore
KUNDARA,0,0.0,10.69,12.27,Ignore
"SANASWADI, MAHARASHTRA, IN",0,0.0,4.43,12.26,Ignore
"AHMEDABAD, GUJARAT, IN",0,0.0,9.17,12.25,Ignore
YAMUNAVIHAR HUB DELHI,0,0.0,7.54,12.25,Ignore
CHHINDWARA,0,0.0,10.94,12.25,Ignore
NAGAON,0,0.0,11.97,12.24,Ignore
SHAIKH ABSAAR AURANGABAD,0,0.0,10.55,12.23,Ignore
THURAVOOR,0,0.0,12.04,12.23,Ignore
JASOLAHUB_DEL DELHI,0,0.0,4.96,12.22,Ignore
YAVATMAL,0,0.0,9.49,12.21,Ignore
DARBHANGA,0,0.0,12.19,12.19,Ignore
KUDLIGI,0,0.0,12.19,12.19,Ignore
ALUVA,0,0.0,10.16,12.15,Ignore
SHIV SHANKAR GAUTAM BUDDHA NAGAR,0,0.0,12.15,12.15,Ignore
ORANGMDH_ORG ORANG,0,0.0,10.9,12.14,Ignore
NARWANA,0,0.0,6.76,12.13,Ignore
VASAI,0,0.0,10.53,12.13,Ignore
VIJAYAWADA (VIJA),0,0.0,12.13,12.13,Ignore
SAMRALA,0,0.0,9.13,12.13,Ignore
BENGALORE,0,0.0,7.82,12.12,Ignore
AZAMGARH,0,0.0,12.08,12.08,Ignore
"TCR/HUB-TSP, TRICHUR, KERALA",0,0.0,12.08,12.08,Ignore
PHIRANGIPURAM,0,0.0,11.58,12.07,Ignore
MIRYALAGUDA,0,0.0,10.59,12.06,Ignore
"THIRUVANANTHAPURAM, KERALA, IN",0,0.0,12.06,12.06,Ignore
SANGRURHUB_SNR SANGRUR,0,0.0,6.06,12.05,Ignore
ROHA,0,0.0,9.84,12.05,Ignore
"MAA/LH1, CHENNAI, TAMIL NADU",0,0.0,2.55,12.05,Ignore
HINDAUN H.O,0,0.0,8.05,12.04,Ignore
NEHRUPLACEHUB_DEL DELHI,0,0.0,6.44,12.03,Ignore
GOREGAON HUB,0,0.0,2.28,12.03,Ignore
KAPOOR CAFE DEHRADUN,0,0.0,11.1,12.03,Ignore
MOWA HUB RAIPUR,0,0.0,5.1,12.03,Ignore
COCHIN TRANSIT HUBB,0,0.0,4.75,12.01,Ignore
RAMGARH,0,0.0,11.63,12.01,Ignore
BONGAIGAON OFFICE,0,0.0,8.12,12.0,Ignore
BASNA,0,0.0,11.99,11.99,Ignore
SHRI RAM STORE NEW DELHI,0,0.0,11.49,11.99,Ignore
KIRAN NIWAS SHRIRAMPUR,0,0.0,6.98,11.99,Ignore
HOSADURGA,0,0.0,6.06,11.99,Ignore
DAHEJ,0,0.0,11.98,11.98,Ignore
BELGHARIA HUB KOLKATA,0,0.0,9.29,11.98,Ignore
"DIBRUGARH, DIBRUGARH, ASSAM",0,0.0,4.99,11.97,Ignore
KOTTAKKAL,0,0.0,8.81,11.96,Ignore
LODHIPURHUB_MRD,0,0.0,1.02,11.93,Ignore
SHREE GANESH LADIES TAILOR NAGPUR,0,0.0,11.93,11.93,Ignore
VISAKHAPATNAM - VTD,0,0.0,10.71,11.92,Ignore
SUMIT LAUNDRY AURANGABAD,0,0.0,10.63,11.91,Ignore
WADAKKANCHERRY,0,0.0,10.71,11.91,Ignore
AREECODE,0,0.0,9.83,11.91,Ignore
SHOURYA STORE NEW DELHI,0,0.0,11.89,11.89,Ignore
NARSIPATNAM,0,0.0,7.3,11.89,Ignore
CHITTUR,0,0.0,11.89,11.89,Ignore
SOMAJIGUDA,0,0.0,11.72,11.89,Ignore
RTO CPU MUMBAI,0,0.0,1.2,11.87,Ignore
SAMAYPURBADLIHUB_DEL GURUGRAM,0,0.0,4.99,11.87,Ignore
KONGAD,0,0.0,11.79,11.86,Ignore
PILANI,0,0.0,10.44,11.85,Ignore
SHIVPURIHUB_SVP SHIVPURI,0,0.0,10.38,11.84,Ignore
PATAN CG,0,0.0,11.83,11.83,Ignore
MAYUR VIHAR,0,0.0,8.7,11.83,Ignore
KAVITA SHOP NEW DELHI,0,0.0,11.83,11.83,Ignore
"AYODHYA, AYODHYA, UTTAR PRADESH",0,0.0,7.36,11.83,Ignore
PINKCITY HUB JAIPUR,0,0.0,6.32,11.82,Ignore
PEDDAPURAM,0,0.0,6.97,11.81,Ignore
DOMLURHUB_BLR BENGALORE,0,0.0,6.84,11.81,Ignore
ANAND,0,0.0,6.89,11.81,Ignore
"GAJROLA, GAJROLA, UTTAR PRADESH",0,0.0,10.3,11.8,Ignore
"RAICHUR, RAICHUR, KARNATAKA",0,0.0,5.77,11.79,Ignore
SUNKADAKATTEHUB_BLR BENGALURU,0,0.0,10.1,11.79,Ignore
BELLUR,0,0.0,11.79,11.79,Ignore
"NEW TOWN, WEST BENGAL, IN",0,0.0,7.98,11.78,Ignore
DAVANAGERE,0,0.0,11.77,11.77,Ignore
HYDERABAD WAREHOUSE,0,0.0,6.85,11.76,Ignore
PAWAN MYNTRA STORE PUNE,0,0.0,10.68,11.76,Ignore
"RATH, RATH, UTTAR PRADESH",0,0.0,11.75,11.75,Ignore
CHIKODI,0,0.0,11.38,11.75,Ignore
"SOOLAI ERODE, ERODE, TAMIL NADU",0,0.0,11.6,11.74,Ignore
"NAMAKKAL-TML, NAMAKKAL, TAMIL NADU",0,0.0,11.74,11.74,Ignore
KALYANNAGAR HUB BENGALURU,0,0.0,9.5,11.72,Ignore
S S SUPPLIERS AHMEDABAD,0,0.0,11.72,11.72,Ignore
SUNNY STORE NEW DELHI,0,0.0,8.06,11.72,Ignore
JAGDALPUR,0,0.0,8.1,11.7,Ignore
SARASWATI PROVISION KIRANA STORE BEED,0,0.0,11.69,11.69,Ignore
CUDDALOREHUB_CDL CUDDALORE,0,0.0,8.9,11.69,Ignore
MANDAL JI STORE NEW DELHI,0,0.0,11.61,11.68,Ignore
TEMPLECITYHUB_IXM TEMPLE CITY,0,0.0,5.16,11.66,Ignore
KESHKALHUB_KES KESHKAL,0,0.0,10.85,11.65,Ignore
GOPICHETTIPALAYAM,0,0.0,11.65,11.65,Ignore
"AIZAWL, MIZORAM, IN",0,0.0,11.64,11.64,Ignore
AMIGO ERNAKULAM,0,0.0,11.64,11.64,Ignore
SAWAI MADHOPUR,0,0.0,11.31,11.63,Ignore
"SALEMPUR1, SALEMPUR, UTTAR PRADESH",0,0.0,7.04,11.63,Ignore
MEENA KUMARI KANGRA,0,0.0,11.62,11.62,Ignore
PARAMATHI VELUR,0,0.0,6.46,11.61,Ignore
PANCHANAN GHOSH BURDWAN,0,0.0,11.61,11.61,Ignore
LAWSPET HUB PONDICHERRY,0,0.0,8.41,11.6,Ignore
DEPENDOTOLLYGUNJODH_KOL KOLKATA,0,0.0,7.76,11.59,Ignore
FORBESGANJ,0,0.0,9.62,11.59,Ignore
"BOM/HUB, MUMBAI, MAHARASHTRA",0,0.0,4.13,11.58,Ignore
NAGARROAD HUB PUNE,0,0.0,6.62,11.57,Ignore
KRISHNA MADANGIR GENERAL STORE NEW DELHI,0,0.0,11.57,11.57,Ignore
TRISSHUR,0,0.0,9.29,11.56,Ignore
THIRUCHENGODE,0,0.0,10.3,11.56,Ignore
SANDEEP TANWAR KIRANA STORE SAHARANPUR,0,0.0,11.35,11.56,Ignore
TAPATI KUNTI STORE HOWRAH,0,0.0,11.55,11.55,Ignore
RAMU PAL GAUTAM BUDDHA NAGAR,0,0.0,9.77,11.55,Ignore
"KALYANI, WEST BENGAL, IN",0,0.0,11.54,11.54,Ignore
NAYAGARH,0,0.0,11.53,11.53,Ignore
SECTORV HUB KOLKATA,0,0.0,11.52,11.52,Ignore
"MANUGHAT, MANOGHAT, TRIPURA",0,0.0,11.51,11.51,Ignore
"KOHIMA, NAGALAND, IN",0,0.0,11.51,11.51,Ignore
"SKOTA1, S KOTA, ANDHRA PRADESH",0,0.0,11.5,11.5,Ignore
"GOLA, GOLA JH, JHARKHAND",0,0.0,11.5,11.5,Ignore
CHANDAPURHUB_BLR BANGALORE,0,0.0,7.0,11.5,Ignore
UTTAR DINAJPUR,0,0.0,6.39,11.5,Ignore
DHAMTARI,0,0.0,10.91,11.49,Ignore
"PALA, PALA, KERALA",0,0.0,11.49,11.49,Ignore
ZIROODH_ZIR ZIRO,0,0.0,6.87,11.49,Ignore
"ETTUMANOOR, KOTTAYAM, KERALA",0,0.0,11.48,11.48,Ignore
ASTICHAK,0,0.0,11.48,11.48,Ignore
VISAKHAPATNAM HUB VISHAKAPATNAM,0,0.0,4.77,11.47,Ignore
MOHANA,0,0.0,11.46,11.46,Ignore
KALAMB,0,0.0,6.54,11.46,Ignore
CHINTALAPUDI,0,0.0,9.79,11.46,Ignore
NAHUR MINI HUB,0,0.0,10.35,11.46,Ignore
KUNIGAL,0,0.0,6.37,11.45,Ignore
KUSUMGRAM,0,0.0,10.88,11.45,Ignore
DHANDEEP KIRANA STORE KHEDA,0,0.0,10.75,11.45,Ignore
"KESHOD, KESHOD, GUJARAT",0,0.0,11.44,11.44,Ignore
BASNAHUB_BAS BASNA,0,0.0,11.44,11.44,Ignore
TIRUPORUR,0,0.0,11.43,11.43,Ignore
VADAVALLIHUB_CJB COIMBATORE,0,0.0,8.82,11.41,Ignore
"TEZPUR, TEZPUR, ASSAM",0,0.0,6.73,11.41,Ignore
GHATKOPAR,0,0.0,9.05,11.41,Ignore
HARIDWAR / RISHIKESH,0,0.0,9.68,11.41,Ignore
DEEPAK KULHAULI STORE KANPUR,0,0.0,11.4,11.4,Ignore
JEYPOREHUB_JYP JEYPORE,0,0.0,11.4,11.4,Ignore
CHIKMAGALURHUB_CKM CHIKMAGALUR,0,0.0,10.47,11.4,Ignore
SIRAHUB_CRA SIRA,0,0.0,11.39,11.39,Ignore
AGARWAL ANKIT KIRANA STORE MORADABAD,0,0.0,11.06,11.39,Ignore
PUDHUCHERY,0,0.0,9.46,11.39,Ignore
BASIRHAT,0,0.0,11.38,11.38,Ignore
"UNA, UNA, HIMACHAL PRADESH",0,0.0,6.21,11.38,Ignore
MD JAMAL ANSARI NEW DELHI,0,0.0,7.53,11.38,Ignore
CHARUMOOD,0,0.0,9.88,11.38,Ignore
MANNARKKAD,0,0.0,9.01,11.37,Ignore
ATHARVA GANESH BHANDAR PUNE,0,0.0,7.32,11.36,Ignore
JMW-APX SFC ETAIL PUD,0,0.0,6.41,11.36,Ignore
SRINAGARKAHUB_BLR BENGALURU,0,0.0,2.83,11.33,Ignore
ONGOLE,0,0.0,9.96,11.33,Ignore
"BOM/CHB-EHV, MUMBAI, MAHARASHTRA",0,0.0,9.56,11.32,Ignore
MASABTANKHUB_HYD HYDERABAD,0,0.0,4.98,11.32,Ignore
JOGESHWARI COUNTER,0,0.0,9.97,11.3,Ignore
MALIGAON HUB GUWAHATI,0,0.0,7.87,11.29,Ignore
KOTHRUDHUB_PUNE PUNE,0,0.0,6.68,11.29,Ignore
"AMBUR, AMBUR, TAMIL NADU",0,0.0,5.18,11.29,Ignore
JEEVAN NILAYA HOME DAVANGERE,0,0.0,11.28,11.28,Ignore
"BHUBANESWAR, ODISHA, IN",0,0.0,11.28,11.28,Ignore
DANAPURHUB_DNR DANAPUR,0,0.0,8.31,11.26,Ignore
"WNG/WNG, WARANGAL, TELANGANA",0,0.0,8.0,11.26,Ignore
"HYD/SPT-EHV, HYDERABAD, TELANGANA",0,0.0,6.6,11.25,Ignore
SIRA,0,0.0,9.56,11.25,Ignore
SANTACRUZ HUB MUMBAI,0,0.0,2.51,11.25,Ignore
MUKESH GURGAON,0,0.0,11.24,11.24,Ignore
BAPUNAGARHUB_AMD AHMEDABAD,0,0.0,5.48,11.23,Ignore
SUSHIL AUTO SERVICE ROHTAK,0,0.0,11.23,11.23,Ignore
GARHWA,0,0.0,11.23,11.23,Ignore
SUMIT DAS ALIPURDUAR,0,0.0,11.23,11.23,Ignore
CHINARPARK HUB KOLKATA,0,0.0,3.72,11.21,Ignore
BELGAUM HUB BELGAUM,0,0.0,7.12,11.19,Ignore
MEKKAAD,0,0.0,4.21,11.18,Ignore
PAHARGANJHUB_DEL DELHI,0,0.0,6.11,11.18,Ignore
ROHINIHUB_DEL DELHI,0,0.0,4.27,11.17,Ignore
PARI NEW DELHI,0,0.0,11.17,11.17,Ignore
JEENATH HOMES POLLACHI,0,0.0,11.17,11.17,Ignore
BANASHANKARI HUB BENGALURU,0,0.0,6.73,11.15,Ignore
"DHANBAD, DHANBAD, JHARKHAND",0,0.0,7.11,11.14,Ignore
KAKROLAHUB_DEL DELHI,0,0.0,6.69,11.13,Ignore
VXPRESSSILODODH_SLD SILLOD,0,0.0,9.96,11.12,Ignore
KAZIPET,0,0.0,8.02,11.12,Ignore
BIJWASANHUB_DEL NEW DELHI,0,0.0,4.61,11.11,Ignore
HUKKERI,0,0.0,11.11,11.11,Ignore
BELLARI,0,0.0,8.78,11.11,Ignore
"PERAMBALUR, PERAMBALUR, TAMIL NADU",0,0.0,8.35,11.1,Ignore
SORO,0,0.0,6.28,11.08,Ignore
CABTSHILLONGODH_SHL SHILLONG,0,0.0,1.97,11.08,Ignore
KODADHUB_KDD KODAD,0,0.0,10.0,11.08,Ignore
BRAHMAPURMDH_KOL KOLKATA,0,0.0,8.98,11.07,Ignore
NEYVELIHUB_NYV NEYVELI,0,0.0,4.57,11.07,Ignore
KNP WAREHOUSE,0,0.0,10.73,11.05,Ignore
HATTIGOLDMINES,0,0.0,11.04,11.04,Ignore
CHIRALAHUB_CLX CHIRALA,0,0.0,8.92,11.04,Ignore
"BETTIAH, BETTIAH, BIHAR",0,0.0,7.76,11.03,Ignore
ASHOK BATALA,0,0.0,11.01,11.01,Ignore
SEDAM,0,0.0,9.75,11.0,Ignore
"PAT/HUB, PATNA, BIHAR",0,0.0,5.2,11.0,Ignore
OMKAR ENTERPRIZES BEED,0,0.0,11.0,11.0,Ignore
DOMBIVLI HUB MUMBAI,0,0.0,5.42,11.0,Ignore
UPADHYAY KIRANA UDHAM SINGH NAGAR,0,0.0,6.92,11.0,Ignore
SODEPUR HUB KOLKATA,0,0.0,9.22,10.99,Ignore
"CCU/IB2, KOLKATA, WEST BENGAL",0,0.0,6.09,10.99,Ignore
ELURU,0,0.0,7.22,10.98,Ignore
VKIA HUB JAIPUR,0,0.0,5.86,10.97,Ignore
MOTHERHUB_HJR HAJIPUR,0,0.0,3.3,10.95,Ignore
JAYANAGAR,0,0.0,9.5,10.95,Ignore
PSK ELECTRICAL NEYVELI,0,0.0,10.95,10.95,Ignore
SARDHANA,0,0.0,10.92,10.92,Ignore
TUMKUR,0,0.0,9.94,10.92,Ignore
BELROADHUB_BLR BENGALURU,0,0.0,8.31,10.92,Ignore
UTTAM KIRANA 65 NEW DELHI,0,0.0,10.92,10.92,Ignore
"PNQ/HUB, PUNE, MAHARASHTRA",0,0.0,5.2,10.91,Ignore
K K DANI VALSAD,0,0.0,10.91,10.91,Ignore
KOUNDAMPALAYAMHUB_CJB COIMBATORE,0,0.0,7.79,10.89,Ignore
MR.SRIWAZ NEW DELHI,0,0.0,10.12,10.88,Ignore
PEOPLESCAMPUSHUB_BHO,0,0.0,10.88,10.88,Ignore
"RSC KOLASIB, KOLASIB, MIZORAM",0,0.0,10.87,10.87,Ignore
SARJAPURHUB_BLR BENGALURU,0,0.0,10.87,10.87,Ignore
LAXMINAGARHUB_DEL DELHI,0,0.0,6.83,10.86,Ignore
"GKP/MRD, GORAKHPUR, UTTAR PRADESH",0,0.0,10.86,10.86,Ignore
MP_SURATHUB_STV,0,0.0,0.0,10.86,Ignore
TADEPALLIGUDEMHUB_TPG TADEPALLIGUDEM,0,0.0,10.57,10.85,Ignore
PALA,0,0.0,7.97,10.84,Ignore
M.I ENTERPRISE JAMNAGAR,0,0.0,9.5,10.84,Ignore
TTSPLJAMBUSARODH_JBS,0,0.0,10.84,10.84,Ignore
"BASOPATTI, BASOPATTI, BIHAR",0,0.0,10.84,10.84,Ignore
PONNUR,0,0.0,10.38,10.83,Ignore
RAMPURA PHUL,0,0.0,10.83,10.83,Ignore
AIRPORT HUB BENGALURU,0,0.0,4.95,10.83,Ignore
FKL_DELINCITY,0,0.0,0.0,10.82,Ignore
SOMATANE PHATA HUB PUNE,0,0.0,6.25,10.81,Ignore
FKL_NAGBTS01,0,0.0,0.0,10.79,Ignore
TRICHY HUB TRICHY,0,0.0,6.81,10.79,Ignore
"KHAMBALIA, KHAMBHALIA, GUJARAT",0,0.0,10.79,10.79,Ignore
RANAGHATHUB_RHA RANAGHAT,0,0.0,10.39,10.79,Ignore
ELASTICRUNBHUBANODH_BBN BHUBAN,0,0.0,6.18,10.78,Ignore
DULIAJANHUB_DLN DULIAJAN,0,0.0,10.78,10.78,Ignore
DANAPUR,0,0.0,9.45,10.77,Ignore
SIRCILLAHUB_SRC,0,0.0,10.76,10.76,Ignore
BALIPARAHUB_TZR NAGAON,0,0.0,10.75,10.75,Ignore
"NZB/HUB, NIZAMABAD, TELANGANA",0,0.0,2.84,10.75,Ignore
"DEL/SHB, GHAZIABAD, UTTAR PRADESH",0,0.0,5.88,10.75,Ignore
ELASTICRUNKAWARDHAODH_KDH KAWARDHA,0,0.0,9.49,10.74,Ignore
ARVIND SALVE VIRAR,0,0.0,10.73,10.73,Ignore
BALHARA PROPERTIES ROHTAK,0,0.0,10.72,10.72,Ignore
DEVASHISH NEW DELHI,0,0.0,10.72,10.72,Ignore
BELLANDUR HUB BENGALURU,0,0.0,5.64,10.71,Ignore
"JMU/SHN, JAMMU, JAMMU AND KASHMIR",0,0.0,10.71,10.71,Ignore
PIPIGANGHUB_GOP GORAKHPUR,0,0.0,10.71,10.71,Ignore
"BARIPADA, BARIPADA, ORISSA",0,0.0,9.61,10.7,Ignore
HASAN DAKHANI KIRANA AND GENREAL STORE PUNE,0,0.0,10.69,10.69,Ignore
"CHERUVAKKAL1, CHERUVAKKAL, KERALA",0,0.0,10.69,10.69,Ignore
JAMMU HUB JAMMU,0,0.0,3.61,10.69,Ignore
HOLALKERE,0,0.0,9.31,10.69,Ignore
KALACHAND MURMU MEDINIPUR,0,0.0,10.69,10.69,Ignore
XMI RTOS,0,0.0,7.13,10.68,Ignore
AAVYA ENTERPRISE MUMBAI,0,0.0,10.68,10.68,Ignore
AARTI STORE NEW DELHI,0,0.0,10.68,10.68,Ignore
AHMEDNAGAR HUB AHMEDNAGAR,0,0.0,8.6,10.68,Ignore
AMBALA HUB AMBALA,0,0.0,4.89,10.67,Ignore
KARANJIA,0,0.0,8.8,10.67,Ignore
POLLACHI HUB COIMBATORE,0,0.0,7.3,10.66,Ignore
SACHIN DABRA,0,0.0,10.66,10.66,Ignore
NOSE 2 TOES KOZHIKODE,0,0.0,5.46,10.66,Ignore
"CALICUT, CALICUT, KERALA",0,0.0,9.55,10.65,Ignore
KASNANOIDAHUB_DEL NOIDA,0,0.0,6.58,10.65,Ignore
ELASTICRUNAMBIKAPURODH_AMR AMBIKAPUR,0,0.0,9.83,10.65,Ignore
PATHSALA,0,0.0,10.63,10.63,Ignore
TTSPLDEHRAODH_DHR AMB S.O,0,0.0,10.63,10.63,Ignore
PUNGANURHUB_PGN PUNGANUR,0,0.0,10.38,10.61,Ignore
ROURKELATOWNMDH_RRK ROURKELA,0,0.0,7.2,10.61,Ignore
MEERUT HUB MEERUT,0,0.0,8.72,10.61,Ignore
CHARUMOODHUB_COO,0,0.0,10.59,10.59,Ignore
CHEMBUR HUB MUMBAI,0,0.0,5.26,10.59,Ignore
KOLAYADHUB_KOL KANNUR,0,0.0,10.58,10.58,Ignore
CUTTACKCDAHUB_CTC CUTTACK,0,0.0,9.96,10.58,Ignore
CHENNAI GROUND WAREH,0,0.0,3.87,10.57,Ignore
AIIMSHUB_DEL NEW DELHI,0,0.0,4.96,10.57,Ignore
VEERESH KIRANA STORE BAGALKOT,0,0.0,10.57,10.57,Ignore
TROCKOSECUNDERABADODH_HYD HYDERABAD,0,0.0,9.89,10.57,Ignore
DHARMAPURIHUB_DMP DHARMAPURI,0,0.0,9.92,10.56,Ignore
ELASTICRUNGUSKARAODH_GKH GUSKHARA,0,0.0,10.56,10.56,Ignore
KUPPAM,0,0.0,10.56,10.56,Ignore
DEB PROKASH HAZRA HOUSE HOWRAH,0,0.0,10.55,10.55,Ignore
SOUTHTUKOGANJHUB_IDR INDORE,0,0.0,7.79,10.54,Ignore
DEVGAN MEDICAL STORE AMRITSAR,0,0.0,10.53,10.53,Ignore
BYATARAYANAPURAHUB_BLR BENGALURU,0,0.0,7.05,10.52,Ignore
CHIKKABALLAPURA,0,0.0,10.52,10.52,Ignore
AZARAHUB_GAU GUWAHATI,0,0.0,10.52,10.52,Ignore
RAJVEER STORE NADIAD,0,0.0,9.91,10.51,Ignore
DATIAHUB_DAT DATIA,0,0.0,10.51,10.51,Ignore
KALYAN HUB MUMBAI,0,0.0,4.12,10.5,Ignore
SURESH KIRANA GANDHINAGAR,0,0.0,10.5,10.5,Ignore
ROHINIHUB_DEL,0,0.0,0.28,10.5,Ignore
BONGAIGAONHUB_BGG BONGAIGAON,0,0.0,10.5,10.5,Ignore
NARNAUL,0,0.0,7.92,10.5,Ignore
ATTABIRAMDH_ATT ATTABIRA,0,0.0,10.49,10.49,Ignore
KRISHNANAGARHUB_DEL DELHI,0,0.0,3.53,10.48,Ignore
MSKMILLHUB_GUL GULBARGA,0,0.0,3.84,10.48,Ignore
OM PRAKASH HOME BOKARO,0,0.0,10.48,10.48,Ignore
VISHAL MAURYA STORE NEW DELHI,0,0.0,10.48,10.48,Ignore
ARIYALUR,0,0.0,10.48,10.48,Ignore
KALYANI,0,0.0,9.46,10.47,Ignore
GAGANAGARHUB_MEE MEERUT,0,0.0,2.72,10.47,Ignore
MUNDKAHUB_DEL,0,0.0,1.02,10.47,Ignore
"PCM/HUB, PUNE, MAHARASHTRA",0,0.0,5.37,10.46,Ignore
"BEAWAR, BEAWAR, RAJASTHAN",0,0.0,9.13,10.46,Ignore
KIRANA ANJALI HOME STORE BANGALORE,0,0.0,10.46,10.46,Ignore
JHUPA PATRA STORE MEDINIPUR,0,0.0,10.46,10.46,Ignore
VELLORE,0,0.0,5.05,10.46,Ignore
GOREGAON HUB MUMBAI,0,0.0,3.7,10.45,Ignore
"LKO/TPN, LUCKNOW, UTTAR PRADESH",0,0.0,6.53,10.45,Ignore
KESTOPURODH_KOL KOLKATA,0,0.0,9.04,10.44,Ignore
PATEL KIRANA STORE LUCKNOW,0,0.0,10.43,10.43,Ignore
COD PROCESSING CENTRE I,0,0.0,7.78,10.43,Ignore
KUKATPALLYHUBTEMP_HYD HYDERABAD,0,0.0,7.48,10.43,Ignore
MANJOT KIRANA STORE AMRITSAR,0,0.0,10.43,10.43,Ignore
RTNAGAR HUB BENGALURU,0,0.0,9.24,10.42,Ignore
DEVARASUGUR,0,0.0,5.88,10.42,Ignore
"DEL/OKH, DELHI NCR, DELHI",0,0.0,6.5,10.42,Ignore
AIIMSHUB_DEL,0,0.0,0.32,10.42,Ignore
RAYAGADAHUB_RGD RAYAGADA,0,0.0,9.41,10.41,Ignore
NATIONAL ELECTRICAL NEW DELHI,0,0.0,10.41,10.41,Ignore
"ANANTHAPUR, ANANTAPUR, ANDHRA PRADESH",0,0.0,6.7,10.41,Ignore
SAIDPUR,0,0.0,10.41,10.41,Ignore
AMETHI,0,0.0,9.97,10.39,Ignore
HAZARIBAGHHUB_HZB HAZARIBAGH,0,0.0,8.63,10.39,Ignore
DABRIHUB_DEL NEW DELHI,0,0.0,5.63,10.39,Ignore
NIZAMPET VILLAGE,0,0.0,10.37,10.37,Ignore
TRIMULGHERRY HUB HYDERABAD,0,0.0,8.59,10.37,Ignore
MIRAROAD HUB MUMBAI,0,0.0,4.07,10.37,Ignore
CHITTOORHUB_COR CHITTOOR,0,0.0,9.99,10.36,Ignore
KALANINAGARHUB_IDR INDORE,0,0.0,8.33,10.36,Ignore
REDHILLSODH_CHN,0,0.0,10.35,10.35,Ignore
MOTIBAGHHUB_DEL DELHI,0,0.0,5.4,10.34,Ignore
NOIDAKHORAHUB_DEL NEW DELHI,0,0.0,6.27,10.34,Ignore
TIRUVALLUR,0,0.0,10.33,10.33,Ignore
HUBLI HUB HUBLI,0,0.0,8.31,10.33,Ignore
"DEL/BGN, NEW DELHI, DELHI",0,0.0,9.9,10.33,Ignore
CHIDAMBARAM,0,0.0,6.33,10.33,Ignore
NAWADAHUB_DEL DELHI,0,0.0,4.36,10.33,Ignore
HIRYURHUB_HYR HIRYUR,0,0.0,10.31,10.31,Ignore
HATIA,0,0.0,10.3,10.3,Ignore
TIRUCHIRAPPALLI,0,0.0,7.05,10.3,Ignore
TIRUPUR APX/SFC PUD CENTR,0,0.0,7.32,10.3,Ignore
"KHAMMAM, KHAMMAM, TELANGANA",0,0.0,4.01,10.28,Ignore
DEVADURGAHUB_DVD DEVADURGA,0,0.0,8.42,10.28,Ignore
NAYAPURAHUB_JDH JODHPUR,0,0.0,6.97,10.27,Ignore
PASCHIM VIHAR,0,0.0,7.37,10.27,Ignore
ELASTICRUNMASABTANKODH_HYD HYDERABAD,0,0.0,7.44,10.27,Ignore
BULANDSHAHR,0,0.0,9.73,10.26,Ignore
GAURAV KUMAR STORE DEHRADUN,0,0.0,10.26,10.26,Ignore
SARFABADNOIDAHUB_DEL NOIDA,0,0.0,8.17,10.24,Ignore
ADARSHNAGARHUB_DEL DELHI,0,0.0,5.21,10.24,Ignore
CITYCENTER HUB GWALIOR,0,0.0,6.3,10.24,Ignore
"HYDERABAD, ANDHRA PRADESH, IN",0,0.0,10.18,10.24,Ignore
PALA HUB PALA,0,0.0,6.63,10.23,Ignore
SHAMDHU ATTA CHAKI GREATER NOIDA,0,0.0,10.23,10.23,Ignore
DAHANU,0,0.0,5.49,10.23,Ignore
SHIKHA GHOSH ALIPURDUAR,0,0.0,10.22,10.22,Ignore
"SRIKAKULAM, SRIKAKULAM, ANDHRA PRADESH",0,0.0,5.38,10.22,Ignore
MAYURVIHARHUB_DEL DELHI,0,0.0,4.44,10.22,Ignore
SAGARPURHUB_DEL DELHI,0,0.0,4.5,10.21,Ignore
RAZA ENTERPRISES NASHIK,0,0.0,9.38,10.21,Ignore
"ANGUL, ANGUL, ORISSA",0,0.0,8.16,10.19,Ignore
GURGAON MANESAR HUB GURGAON,0,0.0,6.7,10.19,Ignore
SHYAMNAGARHUB_KOL KOLKATA,0,0.0,7.28,10.18,Ignore
LARGELOGICIDPLBALANAGARODH_HYD HYDERABAD,0,0.0,4.63,10.17,Ignore
TRICHUR MINI HUB,0,0.0,3.02,10.17,Ignore
DARYAGANJHUB_DEL DELHI,0,0.0,7.15,10.17,Ignore
RAJU SHOP GURGAON,0,0.0,10.16,10.16,Ignore
RANIBAGHHUB_DEL NEW DELHI,0,0.0,4.79,10.16,Ignore
LARGELOGICKODUMURODH_KMR KURNOOL,0,0.0,4.53,10.16,Ignore
LOADSHARECITICENTERODH_DGP DURGAPUR,0,0.0,6.0,10.14,Ignore
BUDGE BUDGE,0,0.0,10.14,10.14,Ignore
DADARWESTHUB_MUM MUMBAI,0,0.0,4.84,10.13,Ignore
ON THE WAY EXPRESS KIRANA MAHABUB NAGAR,0,0.0,10.13,10.13,Ignore
"RAIPUR, RAIPUR, CHHATTISGARH",0,0.0,7.94,10.12,Ignore
BODHAN,0,0.0,5.65,10.11,Ignore
KANNUR HUB,0,0.0,5.56,10.11,Ignore
MOHD AAMIL NEW DELHI,0,0.0,10.1,10.1,Ignore
PEDDAPALLY,0,0.0,10.1,10.1,Ignore
ARAKKONAMHUB_AKM ARAKKONAM,0,0.0,10.1,10.1,Ignore
SB STORE'S VADODARA,0,0.0,10.1,10.1,Ignore
GINDY COD PROCESSING UNIT,0,0.0,5.4,10.1,Ignore
PITAMPURAHUB_DEL DELHI,0,0.0,4.62,10.08,Ignore
"KOTTAYAM, KOTTAYAM, KERALA",0,0.0,6.93,10.08,Ignore
"VASAI VIRAR, MAHARASHTRA, IN",0,0.0,2.63,10.08,Ignore
SURAJPURNOIDAHUB_DEL,0,0.0,10.08,10.08,Ignore
KOMPALLYHUB_HYD HYDERABAD,0,0.0,4.89,10.07,Ignore
ZAHEERABADHUB_ZBD ZAHEERABAD,0,0.0,10.06,10.06,Ignore
RAJARAJESWARINAGARHUB_BLR BANGALORE,0,0.0,2.18,10.06,Ignore
ETASHSAUKUCHIODH_GAU BELTOLA,0,0.0,10.06,10.06,Ignore
BELNARODH_BEL DANTEWARA,0,0.0,10.05,10.05,Ignore
MALAPURAM HUB MALAPPURAM,0,0.0,9.7,10.05,Ignore
"NSK/CIDKO, NASHIK, MAHARASHTRA",0,0.0,10.04,10.04,Ignore
"DEL/WDL, DELHI NCR, DELHI",0,0.0,5.63,10.04,Ignore
ANANTHAPUR,0,0.0,6.06,10.04,Ignore
BANKURA,0,0.0,6.7,10.03,Ignore
TEMPTOR MENS SALON BANGALORE,0,0.0,10.03,10.03,Ignore
KALYANIHUB_KOL KALYANI,0,0.0,8.92,10.01,Ignore
DUTT STORE NEW DELHI,0,0.0,7.62,10.01,Ignore
RAJESH HOUSE BANGALORE,0,0.0,10.0,10.0,Ignore
BADKALHUB_DEL BALLABHGARH,0,0.0,7.58,10.0,Ignore
JOGINDER PAL GURDASPUR,0,0.0,9.0,10.0,Ignore
TENKASIHUB_TVL TENKASI,0,0.0,8.16,9.99,Ignore
BELTHANGADYHUB_BTG BELTHANGDY,0,0.0,9.99,9.99,Ignore
NIBMHUB_PUNE PUNE,0,0.0,3.28,9.99,Ignore
"KAKINADA, KAKINADA, ANDHRA PRADESH",0,0.0,6.73,9.99,Ignore
ICFAIHUB_DEL NEW DELHI,0,0.0,6.06,9.99,Ignore
BKC HUB,0,0.0,2.13,9.98,Ignore
CABTCOOCHBEHARSPLITODH_COB MATHABHANGA,0,0.0,8.29,9.98,Ignore
ANJARHUB_ANJ ANJAR,0,0.0,5.74,9.96,Ignore
SUNDARGARHHUB_SDG SUNDARGARH,0,0.0,9.96,9.96,Ignore
SUNITA FERNANDES SANGUEM,0,0.0,9.94,9.94,Ignore
ELASTICRUNVIJAYAWADASPLITODH_VJA2 VIJAYAWADA,0,0.0,8.93,9.94,Ignore
GANGAVATHIHUB_GVT GANGAVATHI,0,0.0,6.75,9.94,Ignore
AGRA HUB AGRA,0,0.0,5.81,9.93,Ignore
GURGAON C W,0,0.0,1.52,9.93,Ignore
"PANCHKULA, HARYANA, IN",0,0.0,9.17,9.93,Ignore
SURINDER SINGH KARNAL,0,0.0,9.92,9.92,Ignore
KONCH,0,0.0,6.88,9.92,Ignore
SANTHOSHIMATHA MASTER KIRANA KARIMNAGAR,0,0.0,9.02,9.92,Ignore
"NATHDWARA, NATHDWARA, RAJASTHAN",0,0.0,9.78,9.91,Ignore
RAJENDRAPARKHUB_DEL NEW DELHI,0,0.0,4.37,9.91,Ignore
HINDUPUR,0,0.0,9.08,9.91,Ignore
DHENA FANCY THRISSUR,0,0.0,7.54,9.91,Ignore
VAARAAHI MASTER KIRANA EAST GODAVARI,0,0.0,9.9,9.9,Ignore
DOMMASANDRASPLITODH_DMN BANGALORE,0,0.0,8.99,9.9,Ignore
JAGATPUR,0,0.0,9.9,9.9,Ignore
CHAKDAHAHUB_CDH NADIA,0,0.0,9.01,9.9,Ignore
RATLAMHUB_RTM RATLAM,0,0.0,6.87,9.89,Ignore
NIKHIL COSTUMES SOUTH WEST DELHI,0,0.0,9.89,9.89,Ignore
SINGH FURNITURE DEHRADUN,0,0.0,9.89,9.89,Ignore
"NAUTANWA, UTTAR PRADESH, IN",0,0.0,9.89,9.89,Ignore
ECITYHUB_BLR BENGALURU,0,0.0,4.77,9.88,Ignore
RAYACHOTI,0,0.0,9.88,9.88,Ignore
BIWINAGAR HUB NELLORE,0,0.0,6.83,9.88,Ignore
CHETAN KIRANA KHAKNAR KHANDWA,0,0.0,7.1,9.87,Ignore
HOSKOTE,0,0.0,5.1,9.86,Ignore
VIJAYAMANGALAM,0,0.0,8.59,9.85,Ignore
MUKHERJEENAGARHUB_DEL ADARSHNAGAR,0,0.0,4.92,9.85,Ignore
CHIKU WADI,0,0.0,8.1,9.85,Ignore
ATTURHUB_AUR ATTUR,0,0.0,4.11,9.84,Ignore
SITICSMUKKAMODH_MKM MUKKAM,0,0.0,9.84,9.84,Ignore
DHANPAL KUSHWAH SHIVPURI,0,0.0,9.84,9.84,Ignore
ARCOTHUB_ARC ARCOT,0,0.0,8.98,9.84,Ignore
VIJAYANAGARHUB_BLR BENGALURU,0,0.0,3.93,9.83,Ignore
MULKY,0,0.0,7.07,9.83,Ignore
NAMDHARI'S MINI SUPER MARKET KULLU,0,0.0,9.83,9.83,Ignore
RINTO YACOB HOME ERNAKULAM,0,0.0,9.83,9.83,Ignore
CABTMAIDANODH_KOL HOWRAH,0,0.0,9.56,9.83,Ignore
NAIDUPETA,0,0.0,9.69,9.82,Ignore
"NOKHA BH, NOKHABR, BIHAR",0,0.0,9.81,9.81,Ignore
SIDDAGANGAHUB_TKR TUMKUR,0,0.0,8.24,9.8,Ignore
AJEET KIRANA STORE NEW DELHI,0,0.0,9.8,9.8,Ignore
FKL_ULBESR,0,0.0,0.0,9.79,Ignore
LAKSHMIKANTPUR,0,0.0,9.25,9.78,Ignore
THOKALA BALAVENKATAIAH KIRANA NANDYAL,0,0.0,9.77,9.77,Ignore
"NGN1, NAGAON, ASSAM",0,0.0,9.77,9.77,Ignore
"CAR/HUB, CHANDIGARH, CHANDIGARH",0,0.0,5.72,9.77,Ignore
RAEBAREILI,0,0.0,9.76,9.76,Ignore
CHANDRA FANCY STORE BANGALORE,0,0.0,9.76,9.76,Ignore
"PERAVALLI, PERAVALLI, ANDHRA PRADESH",0,0.0,9.76,9.76,Ignore
"SRT/ADJ, SURAT, GUJARAT",0,0.0,7.28,9.76,Ignore
DLFPHASE1 HUB GURGAON,0,0.0,6.41,9.75,Ignore
MATHURA,0,0.0,7.82,9.75,Ignore
KAVURIHILLS HUB HYDERABAD,0,0.0,5.1,9.75,Ignore
RAJAN DEXTER GURGAON,0,0.0,9.74,9.74,Ignore
TWINCITYHUB_HBX HUBLI,0,0.0,6.05,9.74,Ignore
KANAKPURARDHUB_BLR BENGALURU,0,0.0,4.53,9.74,Ignore
REPALLE,0,0.0,9.73,9.73,Ignore
PRINCYAJWABRIDGEODH_AJW VADODARA,0,0.0,7.08,9.73,Ignore
IDENTIFYPLUSPONNAMPETMDH_KDG PONNAMPET,0,0.0,9.73,9.73,Ignore
EIGHTHMILEHUB_BLR BENGALURU,0,0.0,6.92,9.72,Ignore
DHANKAWADI HUB,0,0.0,0.35,9.72,Ignore
MAHAMMAD RAFI KOILKUNTLA,0,0.0,9.72,9.72,Ignore
VIRAR HUB VIRAR,0,0.0,5.19,9.71,Ignore
RJSCMAWRYNGKNENGMDH_MAW MAWRYNGKNENG,0,0.0,9.71,9.71,Ignore
OLDTOWNHUB_BBI BHUBANESWAR,0,0.0,8.17,9.7,Ignore
BOISAR,0,0.0,5.98,9.7,Ignore
MYSORE HUB MYSORE,0,0.0,9.0,9.69,Ignore
CHIKMAGALUR,0,0.0,6.49,9.68,Ignore
BARIPARA,0,0.0,9.68,9.68,Ignore
RANCHI SERVICE CENTRE,0,0.0,9.67,9.67,Ignore
RADHARANI HOUSE MEDINIPUR,0,0.0,9.67,9.67,Ignore
UTTAMNAGAR HUB DELHI,0,0.0,5.42,9.67,Ignore
"KOTA, KOTA, RAJASTHAN",0,0.0,5.1,9.66,Ignore
SAKHERBAZAR HUB KOLKATA,0,0.0,9.66,9.66,Ignore
IDENTIFYPLUSDERABASSIMDH_DRA DERA BASSI,0,0.0,9.66,9.66,Ignore
KANCHIPURAM HUB KANCHIPURAM,0,0.0,5.78,9.66,Ignore
CHODAVARAMHUB_CHD CHODAVARAM,0,0.0,7.51,9.65,Ignore
JANGAREDDYGUDEM,0,0.0,9.64,9.64,Ignore
BHONGIRHUB_BNG BHONGIR,0,0.0,9.64,9.64,Ignore
SHAMSHABADHUB_HYD HYDERABAD,0,0.0,9.63,9.63,Ignore
RAIGANJHUB_RGJ RAIGANJ,0,0.0,8.19,9.63,Ignore
RANGPO OFFICE,0,0.0,9.62,9.62,Ignore
MOTIHARI,0,0.0,9.02,9.62,Ignore
PAPU SINGH MYNTRA KIRANA STORE MORADABAD,0,0.0,9.62,9.62,Ignore
"SAVANUR, LAKSHMESHWARA, KARNATAKA",0,0.0,9.61,9.61,Ignore
AVALPOONTHURAIHUB_ERD ERODE,0,0.0,8.92,9.61,Ignore
CHEMBURSPLITHUB_MUM MUMBAI,0,0.0,7.39,9.61,Ignore
MANGALAMHUB_TPR TIRUPUR,0,0.0,9.61,9.61,Ignore
PANVEL HUB MUMBAI,0,0.0,6.89,9.6,Ignore
GHANASAWANGIMDH_GHA GHANA,0,0.0,9.59,9.59,Ignore
HUMNABADHUB_HMD HUMNABAD,0,0.0,6.68,9.59,Ignore
BELTHANGDY,0,0.0,4.98,9.58,Ignore
GARIA HUB KOLKATA,0,0.0,8.32,9.58,Ignore
SITICSKAIROLIODH_KAR AGRA,0,0.0,9.57,9.57,Ignore
HALTU HUB KOLKATA,0,0.0,8.4,9.57,Ignore
"MANDIGOVINDGARH, MANDIGOVINDGARH, PUNJAB",0,0.0,8.6,9.57,Ignore
GUWAHATI - GAU,0,0.0,9.57,9.57,Ignore
ANNUR,0,0.0,9.56,9.56,Ignore
BOLANGIR,0,0.0,9.56,9.56,Ignore
"JALPAIGURI, JALPAIGURI, WEST BENGAL",0,0.0,8.48,9.56,Ignore
CHAKUR,0,0.0,2.45,9.56,Ignore
NAVEEN KUMAR MACHERLA,0,0.0,9.56,9.56,Ignore
IDENTIFYPLUSHINGOLIODH_HIN HINGOLI,0,0.0,6.18,9.56,Ignore
DHANKAWADI HUB PUNE,0,0.0,5.24,9.55,Ignore
"BOM/DSR-EHV, MUMBAI, MAHARASHTRA",0,0.0,5.51,9.55,Ignore
"BHARATPUR, BHARATPUR, RAJASTHAN",0,0.0,8.42,9.55,Ignore
JHANDEWALANHUB_DEL DELHI,0,0.0,7.34,9.55,Ignore
HANAMKONDA HUB WARANGAL,0,0.0,8.78,9.55,Ignore
OJHARODH_NSK OJHAR,0,0.0,9.54,9.54,Ignore
TOPSIAHUB_KOL KOLKATA,0,0.0,7.42,9.54,Ignore
MONU KUMAR A STORE GURGAON,0,0.0,9.54,9.54,Ignore
ASHOKVIHARHUB_DEL,0,0.0,0.51,9.54,Ignore
"PCK/HISSAR, HISSAR, HARYANA",0,0.0,5.27,9.53,Ignore
SANGVIHUB_PUNE PUNE,0,0.0,5.07,9.53,Ignore
MYSOREROADHUB_BLR BENGALURU,0,0.0,5.44,9.52,Ignore
TINDIVANAMHUB_TIN TINDIVANAM,0,0.0,6.57,9.52,Ignore
JHANJHARPURHUB_JJP JHANJHARPUR,0,0.0,9.52,9.52,Ignore
GIDDERBAHA,0,0.0,2.3,9.51,Ignore
ALWAR HUB ALWAR,0,0.0,7.86,9.51,Ignore
GONDIA - GNI,0,0.0,9.48,9.48,Ignore
MODELTOWN HUB DELHI,0,0.0,4.9,9.48,Ignore
SHADOWFAXMADHUGIRIMDH_MDG MADHUGIRI,0,0.0,9.48,9.48,Ignore
"CHIKKAMAGALUR, CHIKKAMAGALUR, KARNATAKA",0,0.0,8.82,9.47,Ignore
"VIZIANAGARAM, VIZIANAGARAM, ANDHRA PRADESH",0,0.0,6.72,9.46,Ignore
RAICHUR HUB RAICHUR,0,0.0,7.77,9.46,Ignore
LANJI,0,0.0,9.46,9.46,Ignore
ANNURHUB_ANN ANNUR,0,0.0,9.45,9.45,Ignore
CHANAKYAPURIHUB_DEL DELHI,0,0.0,6.35,9.45,Ignore
GOLDENCITY,0,0.0,6.37,9.44,Ignore
SITICSGOKAKODH_GKK GOKAK,0,0.0,9.44,9.44,Ignore
ELASTICRUNBHAWANIPURODH_KOL KOLKATA,0,0.0,8.67,9.43,Ignore
MAYUR NOVELTY BANGALORE,0,0.0,9.43,9.43,Ignore
SHAHDARAHUB_DEL DELHI,0,0.0,3.97,9.43,Ignore
"MADUKKARAI, MALUMICHAMPATTI, TAMIL NADU",0,0.0,9.43,9.43,Ignore
"BILHAUR, BILHAUR, UTTAR PRADESH",0,0.0,9.43,9.43,Ignore
BRITANIAHUB_DEL DELHI,0,0.0,5.49,9.42,Ignore
LONIHUB_PUNE PUNE,0,0.0,6.84,9.41,Ignore
CGROAD HUB AHMEDABAD,0,0.0,5.97,9.41,Ignore
ELASTICRUNMANESARODH_MNS GURUGRAM,0,0.0,6.11,9.4,Ignore
RJSCAALOODH_AAL AALO,0,0.0,5.26,9.4,Ignore
EGMORE COD PROCESSING,0,0.0,5.22,9.4,Ignore
PUDUKOTTAI HUB PUDUKOTTAI,0,0.0,9.39,9.39,Ignore
ASANSOL HUB ASANSOL,0,0.0,9.13,9.39,Ignore
PRAYAT HARIYUDE KADA CHENGANNUR,0,0.0,9.37,9.37,Ignore
"KHARAR, PUNJAB, IN",0,0.0,9.37,9.37,Ignore
ADITYA TELECOM NEW DELHI,0,0.0,9.37,9.37,Ignore
"DEL/IB2, DELHI NCR, DELHI",0,0.0,5.21,9.37,Ignore
"BOM/MAZ, MUMBAI, MAHARASHTRA",0,0.0,4.94,9.36,Ignore
RAJPURROADHUB_DED DEHRADUN,0,0.0,3.63,9.36,Ignore
KRPURAMHUB_BLR BENGALURU,0,0.0,7.72,9.36,Ignore
WAI,0,0.0,9.33,9.33,Ignore
NAZIRPUR,0,0.0,5.65,9.33,Ignore
CIVILLINEHUB_JBL JABALPUR,0,0.0,7.0,9.33,Ignore
ELASTICRUNWADALAODH_MUM MUMBAI,0,0.0,4.66,9.33,Ignore
ANDHERIWESTHUB_MUM MUMBAI,0,0.0,5.57,9.32,Ignore
RAVI STORE AGRA,0,0.0,8.59,9.32,Ignore
MANIKONDAHUB_HYD HYDERABAD,0,0.0,5.05,9.32,Ignore
"RAHA, RAHA, ASSAM",0,0.0,9.31,9.31,Ignore
SAYALI BOUTIQUE NAGPUR,0,0.0,9.31,9.31,Ignore
MUZAFFARPUR HUB MUZAFFARPUR,0,0.0,8.81,9.3,Ignore
MATHLIMDH_MTH CHALANGUDA,0,0.0,8.36,9.3,Ignore
MIDNAPORE HUB KHARAGPUR,0,0.0,9.3,9.3,Ignore
HAYATPURMDH_HYT GURGAON,0,0.0,3.99,9.29,Ignore
PRINCYSCIENCECITYODH_SCI AHMEDABAD,0,0.0,4.74,9.29,Ignore
SAMPURNANAGARMDH_KHE LAKHIMPUR KHERI,0,0.0,8.48,9.29,Ignore
SASUTTARAHALLIODH_BLR BANGALORE,0,0.0,5.52,9.29,Ignore
ATTAR MANZIL LATUR,0,0.0,9.29,9.29,Ignore
PHASE3NOIDA HUB DELHI,0,0.0,5.07,9.29,Ignore
PARVATHIPURAM,0,0.0,4.34,9.29,Ignore
KONDAPURSPLITODH_KRD HYDERABAD,0,0.0,7.44,9.28,Ignore
SANATHNAGAR1_HYD HYDERABAD,0,0.0,6.26,9.28,Ignore
CHARAIHUB_MUM MUMBAI,0,0.0,5.01,9.28,Ignore
HOODIHUB_BLR BENGALURU,0,0.0,5.93,9.27,Ignore
SHIVAJINAGARHUB_PUNE PUNE,0,0.0,6.48,9.26,Ignore
"PANTNAGAR, PANTNAGAR, UTTARAKHAND",0,0.0,8.45,9.26,Ignore
TANVI STORE NEW DELHI,0,0.0,9.26,9.26,Ignore
PALLADAMHUB_PAM PALLADAM,0,0.0,8.04,9.26,Ignore
BAILEYROADHUB_PAT PATNA,0,0.0,6.54,9.24,Ignore
GURGAONMILESTONEHUB_DEL GURUGRAM,0,0.0,3.69,9.24,Ignore
"PDY/AGARAM, VILLUPURAM, TAMIL NADU",0,0.0,9.24,9.24,Ignore
COIMBATORE - CJA,0,0.0,5.5,9.23,Ignore
ELASTICRUNSUNCITYODH_HYD RR DISTRICT,0,0.0,9.23,9.23,Ignore
ULSOOR MINI HUB,0,0.0,5.3,9.23,Ignore
MIYAPURHUB_HYD HYDERABAD,0,0.0,3.51,9.23,Ignore
JAMSULIHUB_JER BALESHWAR,0,0.0,9.23,9.23,Ignore
"ONGOLE, ANDHRA PRADESH, IN",0,0.0,8.78,9.23,Ignore
GURAZALAMDH_GZA GURAZALA,0,0.0,9.23,9.23,Ignore
BHUPALPALLYHUB_BPL BUPALPALLY,0,0.0,8.42,9.22,Ignore
TRICHY HUB,0,0.0,6.55,9.2,Ignore
AMRAVATI HUB AMRAVATI,0,0.0,7.41,9.2,Ignore
JAYDEVNAGAR HUB MYSORE,0,0.0,7.33,9.2,Ignore
JALNAHUB_JLN JALNA,0,0.0,8.91,9.2,Ignore
GANGANAGARHUB_BLR BANGALORE,0,0.0,7.6,9.19,Ignore
LARGELOGICCHINNAMANURODH_CNM CHINNAMANUR,0,0.0,9.19,9.19,Ignore
IND WAREHOUSE,0,0.0,3.88,9.19,Ignore
ANPARA,0,0.0,7.39,9.19,Ignore
UDAIPUR HUB UDAIPUR,0,0.0,3.25,9.19,Ignore
ALEEPPEY HUB ALLEPPEY,0,0.0,7.02,9.19,Ignore
"PUKHRAYAN, PUKHRAYAN, UTTAR PRADESH",0,0.0,5.49,9.18,Ignore
ICHCHAPURAM,0,0.0,9.18,9.18,Ignore
CHANDAN KUMAR NEW DELHI,0,0.0,9.18,9.18,Ignore
"JAUNPUR1, JAUNPUR, UTTAR PRADESH",0,0.0,8.93,9.17,Ignore
HOLENARSIPURHUB_HLN KOTE HOLENARSIPURA,0,0.0,5.96,9.17,Ignore
NEW LOOK SALON DEHRADUN,0,0.0,9.17,9.17,Ignore
INDIRAPURAMHUB_DEL GHAZIABAD,0,0.0,4.18,9.17,Ignore
BALSAMUNDMDH_BLM SANKARA,0,0.0,8.61,9.17,Ignore
SAHIBABAD HUB GHAZIABAD,0,0.0,5.92,9.17,Ignore
REKHA KIRANA NEW DELHI,0,0.0,9.16,9.16,Ignore
ANDHERI HUB MUMBAI,0,0.0,3.99,9.16,Ignore
RAHUL WELDING STORE NEW DELHI,0,0.0,7.86,9.15,Ignore
CABTBOKAROODH_BKO BOKARO,0,0.0,5.98,9.15,Ignore
CHHATARPURHUB_DEL DELHI,0,0.0,3.51,9.14,Ignore
ADIMALI,0,0.0,3.89,9.14,Ignore
NINAD STORE THANE,0,0.0,9.13,9.13,Ignore
CHUNMUN STORE NEW DELHI,0,0.0,9.13,9.13,Ignore
RAGHAV COUCHING GAUTAM BUDDHA NAGAR,0,0.0,9.12,9.12,Ignore
CALICUTHUB CALICUT,0,0.0,5.62,9.12,Ignore
WARSI EXPRESS POWERFLEX TUMPA BEGUM KOLKATA,0,0.0,8.05,9.12,Ignore
BORIVILIHUB_MUM MUMBAI,0,0.0,5.34,9.12,Ignore
"MANDAPETA, MANDAPETA, ANDHRA PRADESH",0,0.0,6.72,9.12,Ignore
MANNARKKADHUB_MRK,0,0.0,9.12,9.12,Ignore
ALUVA HUB ALUVA,0,0.0,8.51,9.11,Ignore
GODAVARIKHANI,0,0.0,6.14,9.11,Ignore
KANGAYAMHUB_KGY KANGEYAM,0,0.0,8.65,9.11,Ignore
NIRMALHUB_NML NIRMAL,0,0.0,6.83,9.1,Ignore
RANA TRANSPORT GREATER NOIDA,0,0.0,9.09,9.09,Ignore
MOHALI HUB MOHALI,0,0.0,2.46,9.08,Ignore
PAWAN STORE NEW DELHI,0,0.0,9.08,9.08,Ignore
"RTO/MKH, NELAMANGALA, KARNATAKA",0,0.0,9.08,9.08,Ignore
VIKARABADHUB_VKB VIKARABAD,0,0.0,9.08,9.08,Ignore
GANGANIHUB_GNN GANGANI,0,0.0,9.08,9.08,Ignore
HASSAN,0,0.0,3.6,9.07,Ignore
AMARJOT TELECOM PATIALA,0,0.0,7.27,9.06,Ignore
MITHANPURAHUB_MZF MUZAFFARPUR,0,0.0,9.06,9.06,Ignore
RAJENDER SIRSA,0,0.0,8.07,9.06,Ignore
SONEPAT HUB SONIPAT,0,0.0,5.47,9.06,Ignore
ARRAHHUB_ARH ARRAH,0,0.0,8.8,9.05,Ignore
KL70 CHITTUR,0,0.0,9.05,9.05,Ignore
KARIMNAGAR HUB KARIMNAGAR,0,0.0,6.53,9.05,Ignore
MAA PITAMBARA CONTRACTION COMPANY JALAUN,0,0.0,9.04,9.04,Ignore
CIVILLINEHUB_BRY BAREILLY,0,0.0,9.04,9.04,Ignore
LOVE STORE NEW DELHI,0,0.0,9.04,9.04,Ignore
BHAWANIPURSPLITODH_KOL KOLKATA,0,0.0,5.81,9.03,Ignore
VIKASHPURIHUB_DEL DELHI,0,0.0,4.2,9.03,Ignore
INDAPURHUB_IND INDAPUR,0,0.0,5.47,9.03,Ignore
VISHNU STORE NEW DELHI,0,0.0,5.52,9.02,Ignore
KOSIKALANHUB_KSK KOSI KALAN,0,0.0,7.6,9.02,Ignore
TTSPLKODAIKANALODH_KDI KODAIKANAL,0,0.0,8.19,9.01,Ignore
CABTGARIAHATODH_KOL KOLKATA,0,0.0,7.66,9.01,Ignore
NANDYALHUB_NDL NANDYAL,0,0.0,4.65,9.01,Ignore
AMBEGAON,0,0.0,8.8,9.0,Ignore
KANGEYAM,0,0.0,8.9,9.0,Ignore
"AJJAMPURA, AJJAMPUR, KARNATAKA",0,0.0,9.0,9.0,Ignore
AALIYA TRADARS NAGPUR,0,0.0,8.98,8.98,Ignore
TTSPLNAGDAODH_NGD NAGDA,0,0.0,5.94,8.98,Ignore
JHAN,0,0.0,3.79,8.97,Ignore
JOSHI STORE NEW DELHI,0,0.0,8.96,8.96,Ignore
TAVEREKEREHUB_BLR BENGALURU,0,0.0,8.96,8.96,Ignore
MURADNAGARHUB_MDN MURAD NAGAR,0,0.0,7.0,8.96,Ignore
TRIVEDI AHMEDABAD,0,0.0,8.95,8.95,Ignore
CHHIBRAMAUMDH_FRR FARUKHABAD,0,0.0,8.07,8.95,Ignore
SOLAPUR HUB SOLAPUR,0,0.0,5.96,8.95,Ignore
IDENTIFYPLUSJASHPURODH_JSP JASHPUR,0,0.0,8.95,8.95,Ignore
CHADERGHATHUB_HYD HYDERABAD,0,0.0,5.03,8.95,Ignore
JURAUPURMDH_BAK JAUNPUR,0,0.0,8.94,8.94,Ignore
REENA STORE PUNE,0,0.0,8.94,8.94,Ignore
GUDIWADAHUB_GDV GUDIWADA,0,0.0,7.91,8.94,Ignore
DISTRICTPARKHUB_DEL NEW DELHI,0,0.0,3.56,8.94,Ignore
SALEM HUB SALEM,0,0.0,7.8,8.94,Ignore
CABTBALLARPURODH_BLP CHANDRAPUR,0,0.0,8.93,8.93,Ignore
TANUKUHUB_TKU TANUKU,0,0.0,7.93,8.93,Ignore
GHITORNIHUB_DEL CHHATARPUR,0,0.0,5.57,8.93,Ignore
SAKHIGOPAL,0,0.0,8.92,8.92,Ignore
SUROJIT BARMAN SONARI,0,0.0,8.92,8.92,Ignore
GOOTY,0,0.0,8.92,8.92,Ignore
AVANTIKA KIRANA STORE CHANDIGARH,0,0.0,8.92,8.92,Ignore
BHIMAVARAMHUB_BVM BHIMAVARAM,0,0.0,8.92,8.92,Ignore
VASANTKUNJ HUB DELHI,0,0.0,5.78,8.91,Ignore
MATIGARA,0,0.0,8.9,8.9,Ignore
BASAVAKALYANHUB_BVK BASAVAKALYAN,0,0.0,8.9,8.9,Ignore
HABSIGUDA HUB HYDERABAD,0,0.0,2.49,8.9,Ignore
"JAI/HUB, JAIPUR, RAJASTHAN",0,0.0,3.01,8.9,Ignore
PEELAMEDU HUB COIMBATORE,0,0.0,5.61,8.89,Ignore
SHANTHINAGARHUB_BLR BENGALURU,0,0.0,4.15,8.89,Ignore
NIGADIHUB_PUNE PUNE,0,0.0,4.54,8.89,Ignore
PENNAKANIGIRIODH_KGR KANIGIRI,0,0.0,7.94,8.88,Ignore
KALWARROADHUB_JAI JAIPUR,0,0.0,6.09,8.88,Ignore
BALLYMDH_KOL HOWRAH,0,0.0,3.72,8.88,Ignore
RJSCJOWAIODH_JWA JOWAI,0,0.0,8.88,8.88,Ignore
NARAINA HUB DELHI,0,0.0,5.61,8.87,Ignore
JALAUN,0,0.0,8.87,8.87,Ignore
BONGULURUJUNCTIONHUB_HYD HYDERABAD,0,0.0,2.65,8.87,Ignore
SIURIHUB_SUR SIURI,0,0.0,8.87,8.87,Ignore
KUNNAMANGALAMHUB_KNM KOZHIKODE,0,0.0,7.21,8.86,Ignore
SURAJ GENERAL STORE BELGAUM,0,0.0,8.86,8.86,Ignore
SADAKAT RAJPOOT KIRANA GAUTAM BUDDHA NAGAR,0,0.0,8.86,8.86,Ignore
THRISSIVA FLOWERS THRISSUR,0,0.0,8.86,8.86,Ignore
KORAPUTHUB_KRP KORAPUT,0,0.0,8.86,8.86,Ignore
"KAVARDHA, KAVARDA, CHHATTISGARH",0,0.0,8.85,8.85,Ignore
NAVELIM HUB NAVELIM,0,0.0,6.7,8.85,Ignore
AMRIT KUMAR KURUKSHETRA,0,0.0,8.85,8.85,Ignore
SANGRURHUBTEMP_SNR SANGRUR,0,0.0,6.37,8.85,Ignore
DHARAMPAL SIRSA,0,0.0,8.84,8.84,Ignore
"BAKKALAM, KANNUR, KERALA",0,0.0,8.03,8.84,Ignore
ELASTICRUNPAYYOLIODH_PYL PAYYOLI,0,0.0,5.52,8.84,Ignore
INDIRANAGARHUB_LKO LUCKNOW,0,0.0,8.84,8.84,Ignore
MALUMICHAMPATTIHUB_MUC MALUMICHAMPATTI,0,0.0,5.73,8.83,Ignore
LOADSHAREBALESHWARSPLITODH_BAW BALESWAR,0,0.0,8.83,8.83,Ignore
SHADOWFAXGHATKOPARODH_MUM MUMBAI,0,0.0,6.42,8.83,Ignore
SAROORNAGARHUB_HYD HYDERABAD,0,0.0,4.25,8.82,Ignore
NARENDRA MEERUT,0,0.0,8.82,8.82,Ignore
RANJEETAVENUEHUB_ATQ AMRITSAR,0,0.0,3.7,8.82,Ignore
OKHLA HUB DELHI,0,0.0,5.07,8.81,Ignore
HYD COD PROCESSING CENTRE,0,0.0,2.47,8.81,Ignore
DHULEHUB_DHL DHULE,0,0.0,5.36,8.81,Ignore
"KOZHENCHERY, KERALA, IN",0,0.0,8.8,8.8,Ignore
AHKNOORROAD_IXJ JAMMU,0,0.0,3.35,8.8,Ignore
TTSPLKHOPOLISPLITODH_KPL PUNE,0,0.0,5.48,8.8,Ignore
CITYCENTERNOIDAHUB_DEL NOIDA,0,0.0,2.92,8.8,Ignore
"ARSIKERE, ARSIKERE, KARNATAKA",0,0.0,8.8,8.8,Ignore
"PRADHANNAGAR, SILIGURI, WEST BENGAL",0,0.0,8.79,8.79,Ignore
HOWRAH - HWA,0,0.0,8.78,8.78,Ignore
JITHIN ( HOME ) TIRURANGADI,0,0.0,8.78,8.78,Ignore
NILAMBUREHUB_NJB NILAMBURE,0,0.0,8.7,8.78,Ignore
CHANDIGARHSEC38HUB_CHD MOHALI,0,0.0,7.07,8.77,Ignore
ANBU AGENCY COIMBATORE,0,0.0,8.77,8.77,Ignore
RJK WAREHOUSE,0,0.0,4.05,8.77,Ignore
KILOKARI HUB DELHI,0,0.0,7.37,8.77,Ignore
TPNAGARHUB_ALD ALLAHABAD,0,0.0,5.09,8.76,Ignore
RAIGARHHUB_RGH RAIGARH,0,0.0,6.92,8.76,Ignore
BEGUM STORE NEW DELHI,0,0.0,8.76,8.76,Ignore
BHAWANIPUR HUB KOLKATA,0,0.0,6.56,8.76,Ignore
KAVALIHUB_KVL KAVALI,0,0.0,6.09,8.74,Ignore
BOKAROHUB_BKO BOKARO,0,0.0,8.74,8.74,Ignore
"NEWAI, CHAKSHU, RAJASTHAN",0,0.0,7.98,8.74,Ignore
TIRUPURNORTHHUB_TPR TIRUPUR,0,0.0,5.53,8.73,Ignore
AZADNAGARHUB_KNU KANPUR,0,0.0,4.31,8.73,Ignore
SARAVANAMPATTIHUB_CJB SARAVANAMPATTI / COIMBATORE,0,0.0,7.24,8.72,Ignore
"KAKINADA, ANDHRA PRADESH, IN",0,0.0,8.72,8.72,Ignore
"HAS/HUB, HASSAN, KARNATAKA",0,0.0,5.12,8.72,Ignore
RAJNANDGAONHUB_RJN RAJNANDGAON,0,0.0,8.71,8.71,Ignore
JAY BHAVANI STORE MUMBAI,0,0.0,8.62,8.7,Ignore
BRAAZO_148030_CHAJLI LEHRAGAGA,0,0.0,8.14,8.7,Ignore
KUKAS / TRIVENI CITY,0,0.0,6.86,8.7,Ignore
KANKEHUB_IXR KANKE,0,0.0,5.6,8.69,Ignore
HARISH KIRANA GREATER NOIDA,0,0.0,8.22,8.69,Ignore
SANKARAPURAMHUB_SKP SANKARAPURAM,0,0.0,7.62,8.69,Ignore
BALU CHETTY CHATRAM REACH,0,0.0,8.68,8.68,Ignore
NAJAFGARHHUB_DEL DELHI,0,0.0,3.88,8.68,Ignore
DASHU STORE JALPAIGURI,0,0.0,8.65,8.65,Ignore
YOGENDRASINH KIRANA GANDHINAGAR,0,0.0,7.57,8.65,Ignore
NARNAULHUB_NNL NARNAUL,0,0.0,5.91,8.65,Ignore
SALKIA HUB KOLKATA,0,0.0,5.98,8.64,Ignore
SAPTHAGIRI HUB TIRUPATI,0,0.0,7.24,8.64,Ignore
DEBAGRAMHUB_DEB DEBAGRAM,0,0.0,8.64,8.64,Ignore
INDORE HUB INDORE,0,0.0,6.35,8.64,Ignore
BADVELODH_PDT BADVEL,0,0.0,6.67,8.64,Ignore
SASPERINTHALMANNAODH_PNN PERINTHALMANNA,0,0.0,5.62,8.63,Ignore
PONNOTH HOME THRISSUR,0,0.0,8.63,8.63,Ignore
ALLAGADDAHUB_AGD BANAGANAPALLE,0,0.0,6.58,8.63,Ignore
"DEL/PTD, DELHI NCR, DELHI",0,0.0,2.81,8.62,Ignore
BARAMKELAHUB_BAR SARANGARH,0,0.0,5.45,8.62,Ignore
HITEN. RATHOD MUMBAI,0,0.0,8.61,8.61,Ignore
JATINDER SINGH HOSHIARPUR,0,0.0,8.61,8.61,Ignore
DEWASHUB_DWS DEWAS,0,0.0,7.35,8.61,Ignore
THANISANDRAHUB_BLR BENGALURU,0,0.0,5.53,8.61,Ignore
VAZHEETHARAYIL MIDHUN BHAVAN HOME ALAPPUZHA,0,0.0,8.61,8.61,Ignore
"VPI/HUB-TSP, VAPI, GUJARAT",0,0.0,4.44,8.61,Ignore
CORNERROAD HUB AURANGABAD,0,0.0,7.16,8.6,Ignore
MOHSIN KIRANA GANDEVI,0,0.0,8.6,8.6,Ignore
DEOBHOGHUB_RPR RAIPUR,0,0.0,5.58,8.6,Ignore
CONNECTINDIAENTALLYODH_KOL KOLKATA,0,0.0,6.01,8.59,Ignore
JAKKASANDRAEIGHTYFEETHUB_BLR BENGALURU,0,0.0,8.24,8.59,Ignore
SRIKSHETRAODH_PUR PURI,0,0.0,8.59,8.59,Ignore
ELASTICRUNPADMARAONAGARODH_HYD HYDERABAD,0,0.0,6.64,8.58,Ignore
LEKHRAJMARKETHUB_LKO LUCKNOW,0,0.0,8.47,8.58,Ignore
"BBN/RTO, BHUBANESWAR, ORISSA",0,0.0,8.22,8.58,Ignore
ARUNAKUMARI STORE RAJAHMUNDRY,0,0.0,8.57,8.57,Ignore
SHRI RAM ATTA CHAKKI GHAZIABAD,0,0.0,8.4,8.57,Ignore
PEERAGARHI HUB DELHI,0,0.0,4.28,8.57,Ignore
SAGAR HOME MYSORE,0,0.0,8.57,8.57,Ignore
SURENDER KUMAR RAISINGHNAGAR,0,0.0,8.32,8.56,Ignore
NARSIPATNAMHUB_VTZ NARSIPATNAM,0,0.0,8.56,8.56,Ignore
ELASTICRUNUPPALODH_HYD HYDERABAD,0,0.0,5.23,8.56,Ignore
SILVASSAHUB_AMD SILVASSA,0,0.0,8.56,8.56,Ignore
VALPARAI,0,0.0,8.55,8.55,Ignore
PANRUTIHUB_PNR PANRUTI,0,0.0,6.31,8.55,Ignore
SONU ACCUPRESSURE PHYSIOTHERAPY BATHINDA,0,0.0,8.55,8.55,Ignore
"MFP/DHAKA, MUZAFFARPUR, BIHAR",0,0.0,7.83,8.55,Ignore
MANIKCHOWKHUB_JHS JHANSI,0,0.0,7.37,8.55,Ignore
SHIMLAHUB_SHM SHIMLA,0,0.0,3.62,8.55,Ignore
ORAGARAMHUB_CHN CHENNAI,0,0.0,8.54,8.54,Ignore
TIRUPUR HUB TIRUPUR,0,0.0,6.58,8.53,Ignore
BHARATPURHUB_BTP BHARATPUR,0,0.0,8.24,8.53,Ignore
TARAN MOBILE STORE NEW DELHI,0,0.0,7.43,8.53,Ignore
"KISHANGARH, KISHANGARH, RAJASTHAN",0,0.0,8.48,8.53,Ignore
AMBERPETHUB_HYD HYDERABAD,0,0.0,6.62,8.53,Ignore
"MOHALI, PUNJAB, IN",0,0.0,5.86,8.53,Ignore
MADINAGUDA HUB HYDERABAD,0,0.0,7.0,8.52,Ignore
CONTAIHUB_CNT CONTAI,0,0.0,6.71,8.52,Ignore
JALAKANDAPURAMHUB_JKM METTUR,0,0.0,8.52,8.52,Ignore
PANCHLAODH_ULB HOWRAH,0,0.0,8.52,8.52,Ignore
BADDIHUB_BDI BADDI,0,0.0,4.43,8.51,Ignore
PATHANKOTHUB_PHT PATHANKOT,0,0.0,6.82,8.51,Ignore
GAURAV GHAZIABAD,0,0.0,8.5,8.5,Ignore
"KHUSRUPUR, KHUSRUPUR, BIHAR",0,0.0,8.49,8.49,Ignore
PALLADAM,0,0.0,8.18,8.49,Ignore
ELASTICRUNNIMTAODH_KOL KOLKATA,0,0.0,1.84,8.49,Ignore
GHAZIABAD HUB GHAZIABAD,0,0.0,5.21,8.47,Ignore
RAJDHAMHUB_RJD PURNIA,0,0.0,8.47,8.47,Ignore
IDENTIFYPLUSUMERKHEDODH_UMR UMARKHED,0,0.0,8.47,8.47,Ignore
WAHID STORES RAMANATHAPURAM,0,0.0,8.47,8.47,Ignore
VERNA HUB VERNA,0,0.0,7.86,8.46,Ignore
"TADEPALLIGUDEM, ANDHRA PRADESH, IN",0,0.0,8.45,8.45,Ignore
FKL-COIMBATORE,0,0.0,0.0,8.45,Ignore
GOBINDGARH HUB GOBINDGARH,0,0.0,3.97,8.45,Ignore
SRIKALAHASTIHUB_SKH TIRUPATI,0,0.0,4.96,8.45,Ignore
KATTAKKADAHUB_KTD TRIVANDRUM,0,0.0,7.17,8.45,Ignore
SHIVAN STORE NAGPUR,0,0.0,8.44,8.44,Ignore
SANTRAVIDASNAGAR,0,0.0,3.76,8.44,Ignore
VEERABADRESWAR PRASSAN BELLARY,0,0.0,8.44,8.44,Ignore
OM SAI STORE AHMEDABAD,0,0.0,8.44,8.44,Ignore
PURNIAHUB_PRN PURNIA,0,0.0,8.43,8.43,Ignore
KARWAR HUB KARWAR,0,0.0,5.38,8.43,Ignore
SULLURPETAHUB_SLP NAIDUPETA,0,0.0,7.06,8.43,Ignore
MEKKAADHUB_MKD MEKKAAD,0,0.0,7.68,8.43,Ignore
PRINCYGHODASARODH_AMD AHMEDABAD,0,0.0,3.66,8.42,Ignore
LOADSHARENAGAONSPLITODH_NGN NAGAON,0,0.0,8.42,8.42,Ignore
LALPARHUB_LLP LALPAR,0,0.0,5.42,8.42,Ignore
SRIKAKULAMHUB_SKM SRIKAKULAM,0,0.0,6.12,8.42,Ignore
IDENTIFYPLUSTARANAGARODH_TAR CHURU,0,0.0,8.42,8.42,Ignore
NAMAKKALHUB_NKK NAMAKKAL,0,0.0,8.42,8.42,Ignore
SHAKTAWAT ENTERPRISES UDAIPUR,0,0.0,2.98,8.41,Ignore
AEROCITYMOHALIHUB_IXC MOHALI,0,0.0,4.75,8.41,Ignore
PHULPUR,0,0.0,8.4,8.4,Ignore
SPEEDER COURIERS POWERFLEX ALAPPUZHA,0,0.0,8.4,8.4,Ignore
SIDHARTH COCHING CENTRE GHAZIABAD,0,0.0,8.39,8.39,Ignore
CHEMBUR (CHBR),0,0.0,8.39,8.39,Ignore
"BANSI, UTTAR PRADESH, IN",0,0.0,7.84,8.39,Ignore
ADAMPURHUB_JLR JALANDHAR,0,0.0,6.19,8.38,Ignore
BALAJI JEWELLERY SUNDERGARH,0,0.0,8.38,8.38,Ignore
BHEEMANADYMDH_BMY NILESHWAR,0,0.0,8.38,8.38,Ignore
CP BRANCH OFFICE,0,0.0,6.48,8.38,Ignore
H D KIRANA SHOP NAGPUR,0,0.0,8.01,8.38,Ignore
HOSURNORTHHUB_HOS HOSUR,0,0.0,8.37,8.37,Ignore
"RSC/TONK, TONK, RAJASTHAN",0,0.0,8.37,8.37,Ignore
VAZHAKULAMOSH_VAZ VAZHAKULAM,0,0.0,7.39,8.37,Ignore
OLDFARIDABADHUB_DEL BALLABHGARH,0,0.0,6.75,8.37,Ignore
DASNAHUB_DEL NEW DELHI,0,0.0,6.82,8.37,Ignore
JAIPUR ETAIL CENTRE,0,0.0,6.03,8.37,Ignore
RAMACHANDRAPURAMHUB_MDP MANDAPETA / RAMACHANDRAPURAM,0,0.0,7.45,8.37,Ignore
JSM UNITED BASTI,0,0.0,8.37,8.37,Ignore
MANISH KIRANA STORE JHANSI,0,0.0,8.36,8.36,Ignore
SULTANPURHUB_STP SULTANPUR,0,0.0,7.65,8.36,Ignore
HADAPSAR HUB PUNE,0,0.0,4.09,8.36,Ignore
YELLAMANCHILIHUBTEMP_YLM VISHAKHAPATNAM,0,0.0,8.36,8.36,Ignore
"KAZIPET/SA, WARANGAL, TELANGANA",0,0.0,8.36,8.36,Ignore
VILLIANURHUB_VLN PUDHUCHERY,0,0.0,6.48,8.36,Ignore
SITICSNAGAPATTINAMODH_NGP NAGAPATTINAM,0,0.0,7.49,8.36,Ignore
HSR HUB BENGALURU,0,0.0,4.53,8.36,Ignore
GUDURHUB_GUD GUDUR,0,0.0,5.73,8.36,Ignore
GUPTA MOBILE WORLD PHAGWARA,0,0.0,8.35,8.35,Ignore
ERODE HUB ERODE,0,0.0,6.38,8.35,Ignore
FARRUKHABADHUB_FRR FARRUKHABAD,0,0.0,7.17,8.35,Ignore
LOGIXFOXANANDAPURODH_ADP ANANDAPUR,0,0.0,5.31,8.35,Ignore
"BLR/CSN-TML, BANGALORE, KARNATAKA",0,0.0,7.63,8.33,Ignore
HSR LAYOUT,0,0.0,6.75,8.33,Ignore
"JAMSHEDPUR, JHARKHAND, IN",0,0.0,8.21,8.33,Ignore
BABITA STORE NEW DELHI,0,0.0,8.33,8.33,Ignore
HASHIR M HOME TIRUR,0,0.0,8.33,8.33,Ignore
SARANGARHMDH_SGH SARANGARH,0,0.0,8.33,8.33,Ignore
FB STORE NEW DELHI,0,0.0,8.32,8.32,Ignore
RAMBAGHHUB_RMB ALLAHABAD,0,0.0,7.3,8.32,Ignore
KOVAIPUDUR HUB COIMBATORE,0,0.0,7.19,8.31,Ignore
JALPAIGURI HUB JALPAIGURI,0,0.0,8.31,8.31,Ignore
"SINDEWAHI, SINDEWAHI, MAHARASHTRA",0,0.0,8.31,8.31,Ignore
CABTBANGCHATRAODH_BAN COOCHBEHAR,0,0.0,7.85,8.3,Ignore
ELASTICRUNNARKELDANGAODH_KOL KOLKATA,0,0.0,8.3,8.3,Ignore
TIRUNELVELI HUB,0,0.0,3.8,8.3,Ignore
RAJAMANIKAM TEA STALL SALEM,0,0.0,8.3,8.3,Ignore
BHUSAWALHUB_JGO JALGAON,0,0.0,6.14,8.3,Ignore
BALLABHGARHHUB_DEL FARIDABAD,0,0.0,2.22,8.3,Ignore
NAXALBARI,0,0.0,8.3,8.3,Ignore
BHANDUPHUB_MUM MUMBAI,0,0.0,4.92,8.29,Ignore
BALAWALAHUB_DED_OSH DEHRADUN,0,0.0,8.29,8.29,Ignore
KANHANGADHUB_KND KASARAGOD,0,0.0,5.62,8.29,Ignore
"SAGARCITY, SAGARCITY, KARNATAKA",0,0.0,8.28,8.28,Ignore
BASAVAKALYAN,0,0.0,8.28,8.28,Ignore
HOLALKEREHUB_HLK HOLALKERE,0,0.0,6.69,8.27,Ignore
VIJAYNAGAR EXPANSION,0,0.0,8.27,8.27,Ignore
GOKAK,0,0.0,6.38,8.27,Ignore
"NEW DELHI, NEW DELHI, IN",0,0.0,8.27,8.27,Ignore
ZAHEERABAD,0,0.0,8.27,8.27,Ignore
NAVAPUR,0,0.0,8.27,8.27,Ignore
BANTI PODH SAMBALPUR,0,0.0,8.26,8.26,Ignore
NAMAH SHIVAY GENERAL STORE LUCKNOW,0,0.0,8.26,8.26,Ignore
AREKEREHUB_BLR BENGALURU,0,0.0,3.75,8.26,Ignore
HARKISHAN KIRANA FARIDABAD,0,0.0,8.26,8.26,Ignore
SASKUNDAPURODH_KND,0,0.0,8.25,8.25,Ignore
WARANGALHUB_WGL WARANGAL,0,0.0,7.55,8.25,Ignore
LOADSHAREBUDGEBUDGEODH_KOL BUDGE BUDGE,0,0.0,8.25,8.25,Ignore
AURANGABAD HUB AURANGABAD,0,0.0,4.71,8.24,Ignore
"TINSUKIA, TINSUKIA, ASSAM",0,0.0,8.0,8.23,Ignore
LINGSUGUR,0,0.0,6.35,8.23,Ignore
FATEHPUR,0,0.0,4.76,8.22,Ignore
VARSHA COACHING CENTER AJMER,0,0.0,8.22,8.22,Ignore
"ANAND, ANAND, GUJARAT",0,0.0,6.23,8.22,Ignore
MUNDRAHUB_MUD MUNDRA,0,0.0,8.21,8.21,Ignore
TARDEO HUB MUMBAI,0,0.0,5.06,8.21,Ignore
SRIKANTH WATER SUPPLY BANGALORE,0,0.0,8.21,8.21,Ignore
DHEERAJ KIRANA STORE PATIALA,0,0.0,7.09,8.21,Ignore
GREATERNOIDA HUB NOIDA,0,0.0,6.17,8.2,Ignore
ASHOKVIHARHUB_DEL NEW DELHI,0,0.0,5.75,8.19,Ignore
FARIDKOTHUB_FAD FARIDKOT,0,0.0,5.09,8.19,Ignore
KOORIEEATTAPURODH_HYD HYDERABAD,0,0.0,1.85,8.19,Ignore
MOLAKKALMURUHUB_MOMU MOLAKALMURU,0,0.0,8.19,8.19,Ignore
SHADOWFAXSUNAMODH_SUN SUNAM,0,0.0,5.7,8.18,Ignore
KARAWALNAGARHUB_DEL DELHI,0,0.0,3.44,8.18,Ignore
SON AND W NASHIK,0,0.0,8.18,8.18,Ignore
SHADOWFAXMUDHOLODH_RCR BAGALKOT,0,0.0,5.04,8.17,Ignore
IDENTIFYPLUSNAHANMDH_NHN NAHAN,0,0.0,8.17,8.17,Ignore
VIRUDHUNAGARHUB_VIR VIRUDHUNAGAR,0,0.0,8.17,8.17,Ignore
"AHMEDNAGAR, AHMEDNAGAR, MAHARASHTRA",0,0.0,7.84,8.17,Ignore
PARVEEN SHOP HISAR,0,0.0,8.17,8.17,Ignore
RAMAROADHUB_DEL DELHI,0,0.0,3.36,8.16,Ignore
KUNAL GARMENTS ROHTAK,0,0.0,8.15,8.15,Ignore
CHENGANNURHUB_CNN CHENGANNUR,0,0.0,3.33,8.15,Ignore
KOLATHURHUB_KHR KOLATHUR,0,0.0,5.54,8.15,Ignore
GHANSOLIHUB_MUM MUMBAI,0,0.0,2.94,8.15,Ignore
KIRANA BALAJI HOME STORE BANGALORE,0,0.0,8.04,8.14,Ignore
NAUBADMDH_BDR BIDAR,0,0.0,6.48,8.14,Ignore
ARZOO IRFAN SHAIKH MUMBAI,0,0.0,8.14,8.14,Ignore
MALADWESTHUB_MUM MUMBAI,0,0.0,5.37,8.14,Ignore
MUNDKAHUB_DEL DELHI,0,0.0,4.19,8.14,Ignore
ELASTICRUNMALLARPURODH_RPH MALLARPUR,0,0.0,8.14,8.14,Ignore
"DRA/DEORIA, DEORIA, UTTAR PRADESH",0,0.0,6.99,8.13,Ignore
KATHORAHUB_KTR KATHORA,0,0.0,3.85,8.13,Ignore
WHITE FIELD (WTFD),0,0.0,7.89,8.13,Ignore
"ATTABIRA, ATTABIRA, ORISSA",0,0.0,8.13,8.13,Ignore
MERIN HOME KOTTAYAM,0,0.0,8.12,8.12,Ignore
REWARIMDH_REW REWARI STN,0,0.0,6.65,8.12,Ignore
"PANDANAD, ALLAPEY, KERALA",0,0.0,8.12,8.12,Ignore
KOLHAPUR HUB KOLHAPUR,0,0.0,5.78,8.12,Ignore
ELASTICRUNSARAIPALIODH_SRP SARAIPALLI,0,0.0,8.12,8.12,Ignore
NUZIVIDUHUB_NZV NUZIVIDU,0,0.0,8.11,8.11,Ignore
BALEHUB_SSE SHOLAPUR,0,0.0,5.39,8.11,Ignore
ELASTICRUNALAPPADODH_APP SASTHAMCOTTA,0,0.0,8.11,8.11,Ignore
KOPPALHUB_KPL KOPPAL,0,0.0,7.15,8.11,Ignore
TAJGANJHUB_AGR AGRA,0,0.0,5.74,8.1,Ignore
RAJENDER SINGH KIRANA GAUTAM BUDDHA NAGAR,0,0.0,8.1,8.1,Ignore
KARIMPURODH_KAR LUDHIANA,0,0.0,7.04,8.08,Ignore
MANDIHUB_MNI MANDI,0,0.0,6.94,8.08,Ignore
JAMSHEDPUR HUB JAMSHEDPUR,0,0.0,8.08,8.08,Ignore
ECILHUB_HYD HYDERABAD,0,0.0,6.54,8.07,Ignore
CHANDIGARH HUB CHANDIGARH,0,0.0,7.47,8.06,Ignore
SAWANT STORE MUMBAI,0,0.0,8.06,8.06,Ignore
GURAZALA,0,0.0,8.05,8.05,Ignore
RAJKOT HUB,0,0.0,5.53,8.05,Ignore
VITAHUB_VTA VITA,0,0.0,5.74,8.05,Ignore
BRAHMAVARHUB_BMR BRAHMAVAR,0,0.0,8.05,8.05,Ignore
UBA NARESH BABU NIDADAVOLE,0,0.0,8.04,8.04,Ignore
SHORAPURHUB_SUR SHORAPUR,0,0.0,7.33,8.03,Ignore
"RAJA TALAB, RAJA TALAB, UTTAR PRADESH",0,0.0,6.77,8.03,Ignore
CABTVISAKHAVALLEYSPLITODH_VTZ VISAKHAPATNAM,0,0.0,5.94,8.03,Ignore
SITARAMNAGAR HUB GUNTUR,0,0.0,6.73,8.03,Ignore
KARELIBAGHHUB_BDQ VADODARA,0,0.0,6.2,8.03,Ignore
NARASANNAPETEAHUB_SKM SRIKAKULAM,0,0.0,8.02,8.02,Ignore
ZAHIR KIRANA STORE NADIAD,0,0.0,8.02,8.02,Ignore
BOBBILIHUB_BBL BOBBILI,0,0.0,8.01,8.01,Ignore
MACHILIPATNAMHUB_MTM MACHILIPATNAM,0,0.0,5.57,8.01,Ignore
KAIBALYA DUTTA CUTTACK,0,0.0,8.01,8.01,Ignore
BARRAHUB_KNU KANPUR,0,0.0,6.11,8.01,Ignore
BHANJANAGARODH_BJN BUGUDA,0,0.0,8.01,8.01,Ignore
ELASTICRUNMAHASAMUNDODH_MHM MAHASAMUND,0,0.0,4.86,8.0,Ignore
ETWAHHUB_ETW ETWAH,0,0.0,5.87,8.0,Ignore
SANAUR,0,0.0,4.45,8.0,Ignore
PARADIPHUB_PDP PARADIP,0,0.0,8.0,8.0,Ignore
DILSHADGARDENHUB_DEL,0,0.0,0.11,8.0,Ignore
MATIGARA HUB SILIGURI,0,0.0,7.74,7.99,Ignore
MUDULI STORE PURI,0,0.0,7.99,7.99,Ignore
HAZRATGANJHUB_LKO LUCKNOW,0,0.0,6.53,7.99,Ignore
AGARTALACITYODH_IXA AGARTALA,0,0.0,7.88,7.99,Ignore
DEHRADUN HUB DEHRADUN,0,0.0,6.02,7.99,Ignore
"TRP/HUB, TIRUPUR, TAMIL NADU",0,0.0,7.99,7.99,Ignore
TTSPLTHIRUVAROORODH_THV THIRUVARUR,0,0.0,1.56,7.98,Ignore
DEVI SPRAY PAINTING WORKS BANGALORE,0,0.0,7.98,7.98,Ignore
VEJALPURHUB_ADI AHMEDABAD,0,0.0,7.0,7.98,Ignore
MADURAI HUB MADURAI,0,0.0,6.96,7.97,Ignore
TORANAGALLUHUB_TGL BELLARY,0,0.0,4.01,7.97,Ignore
MALENADUHUB_SMG SHIMOGA,0,0.0,6.15,7.97,Ignore
HAWAMAHALHUB_JAI JAIPUR,0,0.0,3.73,7.96,Ignore
RAJABAZAR HUB PATNA,0,0.0,7.96,7.96,Ignore
WELCOMEHUB_DEL NEW DELHI,0,0.0,4.29,7.96,Ignore
BULDHANAHUB_BLD BULDHANA,0,0.0,5.42,7.96,Ignore
PIPILIMDH_NMP PURI,0,0.0,7.94,7.94,Ignore
LOADSHAREKABUGANJODH_IXS SILCHAR,0,0.0,7.94,7.94,Ignore
"LUCKNOW, UTTAR PRADESH, IN",0,0.0,5.76,7.94,Ignore
SANGAREDDYHUB_SKP SANGAREDDY,0,0.0,6.92,7.94,Ignore
ULHASNAGARHUB_MUM,0,0.0,7.94,7.94,Ignore
DWARKA HUB DELHI,0,0.0,4.4,7.93,Ignore
CHALSAMDH_CHL JALPAIGURI,0,0.0,7.93,7.93,Ignore
RAGHUNATH HOME BANGALORE,0,0.0,7.92,7.92,Ignore
IDENTIFYPLUSPANNAODH_PNA PANNA,0,0.0,7.67,7.92,Ignore
JUNAGARHHUB_JNR JUNAGARH,0,0.0,6.97,7.92,Ignore
ELASTICRUNURANODH_MUM MUMBAI,0,0.0,5.6,7.92,Ignore
IDENTIFYPLUSNARASAPURAMDH_KLR NARSAPUR,0,0.0,7.92,7.92,Ignore
BAGEPALLIHUB_BPL BAGEPALLI,0,0.0,7.62,7.91,Ignore
MANINAGARHUB_ADI AHMEDABAD,0,0.0,5.43,7.9,Ignore
ARAMBAGHHUB_AMB ARAMBAGH,0,0.0,7.9,7.9,Ignore
MANNAT KHAMGAON,0,0.0,7.9,7.9,Ignore
USMAAN ENTERPRISES MUMBAI,0,0.0,7.88,7.88,Ignore
"KEONJHAR, KEONJHAR, ORISSA",0,0.0,7.85,7.88,Ignore
JABALPUR HUB JABALPUR,0,0.0,4.86,7.88,Ignore
JAIPURMANSAROVERHUB_JAI JAIPUR,0,0.0,6.43,7.87,Ignore
NANDEDHUB_NDC NANDED,0,0.0,4.34,7.87,Ignore
PRABHAT ROAD HUB PUNE,0,0.0,5.74,7.87,Ignore
AVINASHI ROAD HUB COIMBATORE,0,0.0,6.58,7.87,Ignore
SASMANGALAPURAMODH_MNG MANGALAPURAM,0,0.0,5.35,7.86,Ignore
IDENTIFYPLUSDHARODH_DHR DHAR,0,0.0,4.76,7.85,Ignore
SHIRALKOPPAHUB_KPP SHIRALKOPPA,0,0.0,7.85,7.85,Ignore
BEGUR HUB BENGALURU,0,0.0,7.85,7.85,Ignore
DARSHANA JAGANNATH MHATRE TARAPUR,0,0.0,7.84,7.84,Ignore
FORT HUB MUMBAI,0,0.0,7.84,7.84,Ignore
GOWRIBIDANUR,0,0.0,7.83,7.83,Ignore
PANCHKULASEC20HUB_PKL PANCHKULA,0,0.0,2.56,7.83,Ignore
ELASTICRUNDUMDUMODH_KOL KOLKATA,0,0.0,6.09,7.83,Ignore
BUDHVIHARHUB_DEL DELHI,0,0.0,3.16,7.83,Ignore
SULTANBATHERYHUB_SBE MUTIL,0,0.0,7.35,7.82,Ignore
NAVSARI HUB NAVSARI,0,0.0,4.14,7.81,Ignore
BISWANATH HOUSE KRISHNAGAR,0,0.0,6.23,7.79,Ignore
TAVAREKERE,0,0.0,4.92,7.79,Ignore
DHARAMSALAHUB_DMS DHARAMSALA,0,0.0,6.9,7.79,Ignore
MANGALAGIRI,0,0.0,7.79,7.79,Ignore
TEJAS ENTERPRISES KARJAT,0,0.0,7.78,7.78,Ignore
SANVORDEM HUB,0,0.0,7.78,7.78,Ignore
UPPAL PUD CENTRE,0,0.0,7.78,7.78,Ignore
BARKAT STORE MUMBAI,0,0.0,7.77,7.77,Ignore
KAMANAHALLIHUB_BLR BENGALURU,0,0.0,7.54,7.77,Ignore
CHANNASANDRAHUB_BLR BENGALURU,0,0.0,3.86,7.76,Ignore
SARTAJ STORE MUZAFFARNAGAR,0,0.0,7.76,7.76,Ignore
LAXMI TEA AND TIFFIN CENTER NIZAMABAD,0,0.0,5.78,7.76,Ignore
THANE HUB THANE,0,0.0,5.18,7.76,Ignore
ANNAPURNAWAIDHANODH_WDN WAIDHAN,0,0.0,7.75,7.75,Ignore
BHIWADIHUB_DHR BHIWADI,0,0.0,7.75,7.75,Ignore
VALSAD HUB VALSAD,0,0.0,4.84,7.74,Ignore
NARMADA HOUSE GWALIOR,0,0.0,7.74,7.74,Ignore
ROHAHUB_RHA ROHA,0,0.0,7.74,7.74,Ignore
NIZAMPETHUB_HYD NIZAMPET VILLAGE,0,0.0,7.74,7.74,Ignore
ASIJA ASSOCIATES NEW DELHI,0,0.0,7.73,7.73,Ignore
KALPAKKAMHUB_CHN TIRUPORUR,0,0.0,7.72,7.72,Ignore
CHANDHANAPPALLIHUB_CPI CHANDHANAPPALLI,0,0.0,4.47,7.72,Ignore
KILLORHUB_KIL KOTTARAKKARA,0,0.0,6.59,7.72,Ignore
NARESH OWN HOUSE NALGONDA,0,0.0,7.72,7.72,Ignore
GANDHIDHAM HUB GANDHIDHAM,0,0.0,6.0,7.71,Ignore
SANDURHUB_SND BELLARI,0,0.0,7.71,7.71,Ignore
ONGOLEHUB_ONG ONGOLE,0,0.0,5.58,7.71,Ignore
BORDIWALA HOUSE BHARUCH,0,0.0,7.71,7.71,Ignore
PONNURHUB_PNR PONNUR,0,0.0,7.68,7.71,Ignore
SHEIK HOME VILLUPURAM,0,0.0,7.71,7.71,Ignore
KAKINADA HUB KAKINADA,0,0.0,3.73,7.7,Ignore
JAMMU - JMU,0,0.0,7.7,7.7,Ignore
RANIPHUB_AMD AHMEDABAD,0,0.0,4.63,7.7,Ignore
FARRUKHABADHUB_FRR,0,0.0,7.7,7.7,Ignore
ALTAF UPNAGAR NASHIK,0,0.0,7.7,7.7,Ignore
GUDIYATHAM,0,0.0,7.7,7.7,Ignore
BASUGAONMDH_KOJ BASUGAON,0,0.0,7.7,7.7,Ignore
UPPINANGADY,0,0.0,5.33,7.69,Ignore
PGIHUB_LKO LUCKNOW,0,0.0,5.0,7.69,Ignore
GAJIPATINAGARAMHUB_VZM GAJIPATINAGARAM,0,0.0,5.13,7.69,Ignore
AURANGABAD MH - AUR,0,0.0,7.68,7.68,Ignore
AMADALAVALASAHUB_SKM SRIKAKULAM,0,0.0,7.68,7.68,Ignore
ELASTICRUNVIJAYAWADASPLITODH_VJA1 VIJAYAWADA,0,0.0,5.32,7.68,Ignore
VIBHUTIKHAND HUB,0,0.0,7.67,7.67,Ignore
CABTDAYALNAGARODH_DAY VISAKHAPATNAM,0,0.0,5.9,7.67,Ignore
PATTOMHUB_TRV TRIVANDRUM,0,0.0,3.34,7.67,Ignore
CHATRAPUR,0,0.0,3.35,7.67,Ignore
KHOPOLI HUB KHOPOLI,0,0.0,7.67,7.67,Ignore
"SASARAM, SASARAM, BIHAR",0,0.0,7.66,7.66,Ignore
ELASTICRUNJAGACHAODH_KOL HOWRAH,0,0.0,6.27,7.66,Ignore
YALAMARTHI STORE RAJAHMUNDRY,0,0.0,7.66,7.66,Ignore
SIGMAGORAKHPURODH_GRK GORAKHPUR,0,0.0,7.66,7.66,Ignore
IDENTIFYPLUSBHAGALPURSPLITODH_BGP BHAGALPUR,0,0.0,3.57,7.65,Ignore
LAKETOWN HUB KOLKATA,0,0.0,6.27,7.65,Ignore
ASHRAMHUB_DEL DELHI,0,0.0,5.1,7.65,Ignore
"THANE, MAHARASHTRA, IN",0,0.0,5.43,7.65,Ignore
BUXAR OFFICE,0,0.0,5.93,7.65,Ignore
JALANDHARSPLITODH_JLR JALANDHAR,0,0.0,6.19,7.65,Ignore
BEHALA HUB KOLKATA,0,0.0,5.2,7.65,Ignore
ZIRAKPUR - ZKP,0,0.0,4.32,7.65,Ignore
BEGURVILLAGEHUB_BLR BANGALORE,0,0.0,3.13,7.64,Ignore
SEHORE,0,0.0,6.5,7.64,Ignore
CHINTAMANIHUB_CMY CHINTAMANI,0,0.0,5.32,7.64,Ignore
SUKMAHUB_SUK JASHPUR,0,0.0,7.63,7.63,Ignore
HAMIRPUR HP - HMM,0,0.0,7.62,7.62,Ignore
PURIHUB_PUR PURI,0,0.0,7.62,7.62,Ignore
KHAMGAONHUB_KMG KHAMGAON,0,0.0,7.62,7.62,Ignore
RATANPUR HUB BILASPUR,0,0.0,6.14,7.61,Ignore
BARBILHUB_BBN BARBIL,0,0.0,7.6,7.6,Ignore
PRATEEK NEW DELHI,0,0.0,7.6,7.6,Ignore
"RAJAHMUNDRY, ANDHRA PRADESH, IN",0,0.0,7.6,7.6,Ignore
LOADSHARESHAHJAHANPURODH_SJP SHAHJAHANPUR,0,0.0,7.6,7.6,Ignore
MARINEDRIVEHUB_RPR RAIPUR,0,0.0,5.15,7.6,Ignore
ALIGANJ HUB LUCKNOW,0,0.0,5.41,7.59,Ignore
WARJEHUB_PUNE WARJE,0,0.0,5.86,7.59,Ignore
"PHULERA, PHULERA, RAJASTHAN",0,0.0,7.59,7.59,Ignore
MOHD ADIL NEW DELHI,0,0.0,6.23,7.58,Ignore
CHHATRAPUR,0,0.0,4.51,7.58,Ignore
GAUTAM BUDDHA NAGAR,0,0.0,2.41,7.58,Ignore
NIMIL M KANNUR,0,0.0,6.61,7.57,Ignore
YELLAMANCHILIHUB_YLM VISHAKHAPATNAM,0,0.0,7.57,7.57,Ignore
AARAV ENTERPRISE NAGPUR,0,0.0,7.29,7.57,Ignore
PATTIMATTOM,0,0.0,7.57,7.57,Ignore
HEMLATA MUMBAI,0,0.0,4.69,7.57,Ignore
SINTU STORE GURGAON,0,0.0,7.57,7.57,Ignore
LUDHIANAAIRPORTMDH_LUH LUDHIANA,0,0.0,7.46,7.57,Ignore
SASCHEMBERIODH_CHE KANNUR,0,0.0,5.96,7.57,Ignore
CABTSANTOSHPURODH_KOL KOLKATA,0,0.0,3.71,7.56,Ignore
ROBERTSGANJ,0,0.0,4.27,7.56,Ignore
MAIHARHUB_MHR MAIHAR,0,0.0,4.34,7.55,Ignore
THODUPUZHA HUB THODUPUZHA,0,0.0,6.81,7.55,Ignore
AMRITSAR HUB AMRITSAR,0,0.0,4.51,7.55,Ignore
JAGMOHANNAGARMDH_BBI BHUBANESWAR,0,0.0,3.45,7.55,Ignore
"PONDICHERY, KURUCHIKUPPAM, TAMIL NADU",0,0.0,3.49,7.55,Ignore
THANJAVUR HUB THANJAVUR,0,0.0,4.99,7.54,Ignore
LARGELOGICTHOVALAIODH_THV NAGERCOIL,0,0.0,5.61,7.53,Ignore
RAYACHOTIHUB_RYC RAYACHOTI,0,0.0,7.53,7.53,Ignore
RJSCNAHARLAGUNODH_NHL NAHARLAGUN,0,0.0,5.34,7.53,Ignore
BHARUCH HUB BHARUCH,0,0.0,5.28,7.53,Ignore
SAIBABA KIRANAM NIZAMABAD,0,0.0,7.53,7.53,Ignore
NANDANAM,0,0.0,4.15,7.53,Ignore
TUTICORIN HUB TUTICORIN,0,0.0,4.73,7.53,Ignore
GANNAVARAMHUB_GVM VIJAYAWADA,0,0.0,7.52,7.52,Ignore
SAKETHUB_DEL DELHI,0,0.0,5.18,7.52,Ignore
ELASTICRUNGAURELLAODH_GLA GAURELLA,0,0.0,7.52,7.52,Ignore
BHARUCH,0,0.0,7.52,7.52,Ignore
GANAGAPETAHUB_KDP KADAPA,0,0.0,4.99,7.51,Ignore
BILEKAHALLI HUB BENGALURU,0,0.0,6.25,7.5,Ignore
VIRAJPETHUB_VRJ VIRAJPET,0,0.0,7.5,7.5,Ignore
MISROUTEHUB_BLR BANGALORE,0,0.0,7.49,7.49,Ignore
VIDYARANYAPURAHUBTEMP_BLR BENGALURU,0,0.0,6.66,7.49,Ignore
RAJ TRADERS KANPUR,0,0.0,7.49,7.49,Ignore
DINDIGUL HUB DINDIGUL,0,0.0,7.49,7.49,Ignore
BHINDHUB_BND BHIND,0,0.0,7.48,7.48,Ignore
KANGAYAM - KNY,0,0.0,7.48,7.48,Ignore
FEROZEPURROADHUB_LUH LUDHIANA,0,0.0,4.81,7.48,Ignore
FKL-BLRANJANIHOSKOTE,0,0.0,0.0,7.48,Ignore
TTSPLMALERKOTLAODH_MLK MALERKOTLA S.O,0,0.0,7.47,7.47,Ignore
MALAPURAM HUB,0,0.0,2.33,7.47,Ignore
"TUTICORIN/WEST-TML, TUTICORIN, TAMIL NADU",0,0.0,5.63,7.47,Ignore
VAPI HUB VAPI,0,0.0,5.41,7.46,Ignore
PAKWADAMDH_PKW PAKWADA,0,0.0,5.59,7.46,Ignore
DELFASTNARSINGIODH_HYD HYDERABAD,0,0.0,5.93,7.46,Ignore
NAGARIYA KITCHEN JHANSI,0,0.0,7.45,7.45,Ignore
GUMLA,0,0.0,6.34,7.45,Ignore
KANDIVALI HUB MUMBAI,0,0.0,3.36,7.45,Ignore
SITICSTARNTARANODH_TRN AMRITSAR,0,0.0,7.45,7.45,Ignore
TRIMURTINAGAR HUB NAGPUR,0,0.0,4.1,7.45,Ignore
A.K. ENTERPRISES LUCKNOW,0,0.0,7.44,7.44,Ignore
"CHATRA, CHATRA, JHARKHAND",0,0.0,6.74,7.44,Ignore
IDAPPADIHUB_IPP IDAPPADI,0,0.0,5.98,7.43,Ignore
MAURYA GERNAL STORE NEW DELHI,0,0.0,7.42,7.42,Ignore
KARNAL HUB KARNAL,0,0.0,3.72,7.42,Ignore
PARDIODH_NAG NAGPUR,0,0.0,5.24,7.42,Ignore
DAHEJHUB_DAJ DAHEJ,0,0.0,7.41,7.41,Ignore
ELASTICRUNBAIDYABATIODH_BAE CHANDANNAGAR,0,0.0,7.41,7.41,Ignore
PANCHKULA HUB PANCHKULA,0,0.0,4.55,7.4,Ignore
DIPANKAR RAJKHOWA SIBSAGAR,0,0.0,7.39,7.39,Ignore
VELLORE HUB VELLORE,0,0.0,7.16,7.39,Ignore
ANIL GOND KIRANA STORE FAIZABAD,0,0.0,7.39,7.39,Ignore
GONDAHUB_GND GONDA,0,0.0,6.18,7.39,Ignore
METPALLYHUB_MTP METPALLY,0,0.0,7.39,7.39,Ignore
MAHARAJPURAHUB_GWL MAHARAJPUR,0,0.0,7.38,7.38,Ignore
TIRUPARAPUMDH_MTM KANYAKUMARI,0,0.0,7.38,7.38,Ignore
MADANAPALLEEHUB_MDP MADANAPALLEE,0,0.0,4.28,7.38,Ignore
PRAJAPATI SERVICES KANPUR,0,0.0,7.38,7.38,Ignore
ELASTICRUNJARIPATKAODH_NAG NAGPUR,0,0.0,6.42,7.38,Ignore
TITWALAHUB_TWL TITWALA (MUMBAI),0,0.0,7.28,7.38,Ignore
SAGARHUB_SGR SAGAR,0,0.0,6.02,7.38,Ignore
SARAN,0,0.0,4.11,7.38,Ignore
ELASTICRUNSAMBALPURSPLITODH_SBP SAMBALPUR,0,0.0,7.35,7.38,Ignore
COD PROCESSING CENTRE 4,0,0.0,4.6,7.37,Ignore
RAJ STORE BANSWARA,0,0.0,7.37,7.37,Ignore
BHALUKPONGMDH_BKP BHALUKPONG,0,0.0,7.37,7.37,Ignore
MAYNAGURI,0,0.0,7.36,7.36,Ignore
HATTIGOLDHUB_HGH HATTIGOLDMINES,0,0.0,7.36,7.36,Ignore
GEETA SERVICES KANPUR,0,0.0,7.36,7.36,Ignore
ANISHABADHUB_PAT PATNA,0,0.0,5.01,7.35,Ignore
DEWANDIGHIHUB_BDM BURDWAN,0,0.0,7.1,7.35,Ignore
MANGALORE HUB MANGALORE,0,0.0,3.27,7.35,Ignore
SATIGHATHUBSPLIT_BKR BANKURA,0,0.0,7.34,7.34,Ignore
"EDAVA, EDAVA, KERALA",0,0.0,7.11,7.34,Ignore
SONADAMDH_SON SONADA,0,0.0,1.76,7.33,Ignore
MUNGERHUB_JMP MUNGER,0,0.0,7.33,7.33,Ignore
BANER HUB PUNE,0,0.0,5.96,7.33,Ignore
URGAMDH_URG KORBA,0,0.0,7.33,7.33,Ignore
DAVANAGERE HUB DAVANGERE,0,0.0,0.53,7.33,Ignore
"PCK/BHILWARA, BHILWARA, RAJASTHAN",0,0.0,3.45,7.33,Ignore
SURAJPURNOIDAHUB_DEL NOIDA,0,0.0,3.0,7.33,Ignore
VARUN KUMAR KIRANA GAUTAM BUDDHA NAGAR,0,0.0,7.33,7.33,Ignore
KEDGAONODH_AHN AHMEDNAGAR,0,0.0,3.49,7.32,Ignore
SASCHALLIKEREODH_CHL CHALLAKERE,0,0.0,1.75,7.32,Ignore
BAREILLYBYPAASHUB_BRY BAREILLY,0,0.0,4.91,7.32,Ignore
MUTILHUB_MUT MUTIL,0,0.0,4.98,7.31,Ignore
VIDYARANYAPURAHUB_BLR BENGALURU,0,0.0,2.83,7.31,Ignore
TALEGAONHUB_PNQ TALEGAON,0,0.0,4.98,7.31,Ignore
ABHISHEK DRY CLEANER VARANASI,0,0.0,7.31,7.31,Ignore
VENJARAMOOD,0,0.0,5.81,7.31,Ignore
ELASTICRUNMANMADODH_MAN MANMAD,0,0.0,6.78,7.3,Ignore
THIRUTHURAIPOONDIODH_TPD THIRUTHURAIPOONDI,0,0.0,4.69,7.3,Ignore
LUDHIANA RSP HUB,0,0.0,4.37,7.3,Ignore
"MYS/NRM-TML, MYSORE, KARNATAKA",0,0.0,7.29,7.29,Ignore
ILKALHUB_IKL ILKAL,0,0.0,7.28,7.28,Ignore
ULHASNAGARHUB_MUM MUMBAI,0,0.0,7.23,7.28,Ignore
JAMNAGAR HUB JAMNAGAR,0,0.0,4.94,7.27,Ignore
ADIMALYHUB_ADL ADIMALI,0,0.0,6.27,7.27,Ignore
SASPATTAMBIODH_PLM PATTAMBI,0,0.0,3.55,7.27,Ignore
BEGUMPET HUB HYDERABAD,0,0.0,3.84,7.27,Ignore
PATNA - PAT,0,0.0,7.27,7.27,Ignore
FKL-AHMEDABAD01,0,0.0,0.0,7.27,Ignore
CREATIVE MARKET THRISSUR,0,0.0,7.27,7.27,Ignore
JASHIPURMDH_JSP JASHIPUR,0,0.0,7.26,7.26,Ignore
SASVELLURTRIKAPURODH_VTR NILESHWAR,0,0.0,3.04,7.26,Ignore
BHIWANI,0,0.0,6.38,7.26,Ignore
DALHOUSIEHUB_KOL KOLKATA,0,0.0,6.34,7.26,Ignore
NANJANGUDHUB_NUD NANJANGUD,0,0.0,7.25,7.25,Ignore
KUSUMGRAMHUB_KSG KUSUMGRAM,0,0.0,7.12,7.25,Ignore
INDAHUB_KGP KHARAGPUR,0,0.0,6.83,7.25,Ignore
SITARAM KIRANA JAMNAGAR,0,0.0,7.25,7.25,Ignore
SRINAGARHUB_SRG SRINAGAR,0,0.0,5.12,7.25,Ignore
TIRUVANNAMALAIHUB_TNN TIRUVANNAMALAI,0,0.0,6.83,7.25,Ignore
MURI,0,0.0,4.07,7.24,Ignore
CHINHATHUB_LKO LUCKNOW,0,0.0,4.16,7.24,Ignore
WADI HUB NAGPUR,0,0.0,4.63,7.24,Ignore
METTURHUB_MUR METTUR,0,0.0,7.24,7.24,Ignore
ARVIMDH_ARV WARDHA,0,0.0,7.24,7.24,Ignore
MANNAT COLLECTION RAJGARH(BIA),0,0.0,6.27,7.24,Ignore
ELASTICRUNKAMOTHEODH_KAM NAVI MUMBAI,0,0.0,4.74,7.24,Ignore
AMIT KIRANA STORE ROHTAK,0,0.0,7.23,7.23,Ignore
KUNDANAGARI,0,0.0,5.62,7.23,Ignore
KOPPAHUB_KPP KOPPA TOWN,0,0.0,7.23,7.23,Ignore
SITICSKARANJIAODH_KRN KARANJIA,0,0.0,7.23,7.23,Ignore
ELASTICRUNINDOREODH_IDR INDORE,0,0.0,5.53,7.23,Ignore
ANNAPURNASHAJAPURODH_SJP SHAJAPUR,0,0.0,6.81,7.23,Ignore
SANDEEP BOUTIQUE HOSHIARPUR,0,0.0,7.22,7.22,Ignore
"VASAI/HUB, VASAI, MAHARASHTRA",0,0.0,3.37,7.22,Ignore
AGANAMPUDIHUB_VTZ VISHAKAPATNAM,0,0.0,5.68,7.21,Ignore
ATHANIODH_ATN BELGAUM,0,0.0,6.53,7.2,Ignore
PALIMDH_SJH PALI,0,0.0,6.19,7.2,Ignore
JAGTAR COMMUNICATION MOHALI,0,0.0,7.2,7.2,Ignore
BARASAT HUB KOLKATA,0,0.0,4.62,7.19,Ignore
GORAKHPUR HUB GORAKHPUR,0,0.0,5.05,7.19,Ignore
MAHABUBABADHUB_MHB MAHABUBABAD,0,0.0,4.43,7.19,Ignore
IBRAHIM BADUSHA ( HOME ) PALAKKAD,0,0.0,7.18,7.18,Ignore
JARMUNDIHUB_JMD MOVVA,0,0.0,4.74,7.17,Ignore
COLLEGEROAD HUB NASHIK,0,0.0,5.68,7.17,Ignore
SULURHUB_CJB COIMBATORE,0,0.0,5.92,7.17,Ignore
KOKARHUB_IXR KANTATOLLI,0,0.0,5.24,7.17,Ignore
ADITYAPURHUB_IXW JAMSHEDPUR,0,0.0,7.17,7.17,Ignore
THIRUVERUMBUR HUB TRICHY,0,0.0,4.78,7.17,Ignore
PAONTASAHIBHUB_PAO PAONTA SAHIB,0,0.0,7.16,7.16,Ignore
BIRSAMDH_BIR BIRSRA,0,0.0,7.16,7.16,Ignore
MAHRAJGANJHUB_MRJ MAHRAJGANJ,0,0.0,7.16,7.16,Ignore
BARIPADAHUB_BPO BARIPADA,0,0.0,7.16,7.16,Ignore
KOLLEGALAHUB_KLG KOLLEGALA,0,0.0,7.16,7.16,Ignore
SANVORDEM HUB SANVORDEM,0,0.0,6.39,7.15,Ignore
ELASTICRUNPANIKOILIODH_JJK JAJPUR,0,0.0,7.15,7.15,Ignore
MASJIDHUB_MUM MUMBAI,0,0.0,3.16,7.15,Ignore
GUNAHUB_GUN GUNA,0,0.0,6.61,7.14,Ignore
CABTSRNAGARODH_HYD HYDERABAD,0,0.0,5.88,7.14,Ignore
ICHALKARANJI HUB ICHALKARANJI,0,0.0,7.07,7.14,Ignore
"WASHIM, MAHARASHTRA, IN",0,0.0,5.2,7.14,Ignore
TADAHUB_TDA SULLURPETA,0,0.0,7.14,7.14,Ignore
SHAPURHUB_HYD HYDERABAD,0,0.0,3.58,7.14,Ignore
BHIWADI,0,0.0,6.89,7.13,Ignore
BODHANHUB_BDN BODHAN,0,0.0,7.13,7.13,Ignore
RATIAODH_RTA RATIA,0,0.0,4.59,7.12,Ignore
HARURODH_DMP HARUR,0,0.0,7.12,7.12,Ignore
PATTUKKOTAIHUB_PTT PATTUKKOTTAI,0,0.0,6.73,7.12,Ignore
SHAKTINAGARMDH_AAA SONBHADRA,0,0.0,7.12,7.12,Ignore
TTSPLAKLUJODH_ALJ AKLUJ,0,0.0,5.66,7.12,Ignore
RAJARAM BIRDS SHOP TUTICORIN,0,0.0,7.11,7.11,Ignore
MD ATIK STORE NEW DELHI,0,0.0,7.11,7.11,Ignore
SHAKTIODH_SHA RAIGARH,0,0.0,6.0,7.11,Ignore
MANARCADU_MRD KOTTAYAM,0,0.0,6.09,7.1,Ignore
RAMESHWAR MALI STORE BHILWARA,0,0.0,7.09,7.09,Ignore
CHANDANNAGAR HUB HOOGLY,0,0.0,3.91,7.09,Ignore
PRITAM KUMAR NEW DELHI,0,0.0,2.89,7.09,Ignore
ADONI,0,0.0,7.08,7.08,Ignore
GOOTYHUB_GTY GOOTY,0,0.0,7.08,7.08,Ignore
AJMER HUB AJMER,0,0.0,5.95,7.08,Ignore
GURUVAYOORHUB_GYO GURUVAYOOR,0,0.0,7.07,7.07,Ignore
IDENTIFYPLUSMANALIMDH_MNL MANALI,0,0.0,7.07,7.07,Ignore
TUMSARHUB_TMS TUMSAR,0,0.0,5.99,7.07,Ignore
JALANDHAR HUB JALANDHAR,0,0.0,3.99,7.07,Ignore
CABTBANDAODH_BND BANDA,0,0.0,5.88,7.06,Ignore
JAMLANI ENTERPRISE JAMNAGAR,0,0.0,7.06,7.06,Ignore
BETULHUB_BTL BETUL,0,0.0,2.85,7.06,Ignore
BEGUSARAIHUB_BGI BEGUSARAI,0,0.0,3.92,7.06,Ignore
SIRCILLA,0,0.0,3.79,7.05,Ignore
CUTTACK HUB,0,0.0,7.05,7.05,Ignore
SRINAGARUKHUB_SRI SRINAGAR,0,0.0,7.04,7.04,Ignore
KALAWADROADHUB_RAJ,0,0.0,1.47,7.04,Ignore
MADIAN PROVISION STORE DEHRADUN,0,0.0,4.99,7.04,Ignore
TIGER STORE NEW DELHI,0,0.0,6.79,7.04,Ignore
SETHI STORE NEW DELHI,0,0.0,5.98,7.04,Ignore
KIRAN KUMAR HOME BANGALORE,0,0.0,7.03,7.03,Ignore
RITIKA MANGESH JADHAV PUNE,0,0.0,7.03,7.03,Ignore
LIBRAODH_LBR KHANNA,0,0.0,7.03,7.03,Ignore
"KAKDWEEP, KAKDWIP, WEST BENGAL",0,0.0,5.16,7.03,Ignore
NIKKOUCHIKKAJALAODH_BLR BENGULURU,0,0.0,5.09,7.03,Ignore
NEW YOU BEAUTY SALOON DEHRADUN,0,0.0,7.03,7.03,Ignore
KAMANIHUB_MUM MUMBAI,0,0.0,3.47,7.03,Ignore
GULBARGA HUB GULBARGA,0,0.0,5.15,7.03,Ignore
CHAKKULATHUKAVUHUB_CKU THIRUVALLA,0,0.0,6.31,7.03,Ignore
RAMNAGARMDH_RNR NARKATIAGANJ,0,0.0,7.03,7.03,Ignore
PARVATPATIYA HUB SURAT,0,0.0,4.05,7.03,Ignore
VIZHINJAMHUB_VJM TRIVANDRUM,0,0.0,6.97,7.02,Ignore
NARIKKUNI,0,0.0,3.6,7.02,Ignore
KAYAMKULAMHUB_KKM KAYAMKULAM,0,0.0,4.05,7.02,Ignore
RAJENDRANAGAR HUB INDORE,0,0.0,3.24,7.02,Ignore
KENGERIHUB_BLR BENGALURU,0,0.0,3.61,7.01,Ignore
THENJIPALAMHUB_TJI THENJIPALAM,0,0.0,4.38,7.01,Ignore
ELAMAKKARAHUB_COK COCHIN,0,0.0,6.0,7.01,Ignore
"KAMOTHE, MAHARASHTRA, IN",0,0.0,5.23,7.01,Ignore
VXPRESSHARMUSPLITODH_IXR RANCHI,0,0.0,6.16,7.0,Ignore
"DELHI, DELHI, IN",0,0.0,6.96,6.99,Ignore
NAGERCOIL HUB NAGERCOIL,0,0.0,6.1,6.99,Ignore
ZALA HOME JETPUR,0,0.0,6.99,6.99,Ignore
HUVINAHADAGALIHUB_HUV HUVINAHADAGALI,0,0.0,3.15,6.99,Ignore
ELASTICRUNMANKAPURODH_MAN NAGPUR,0,0.0,6.91,6.99,Ignore
LUDHIANA HUB LUDHIANA,0,0.0,6.84,6.99,Ignore
FEROZEPURHUB_FER FEROZEPUR,0,0.0,5.42,6.98,Ignore
PETTA_PEA TRIVANDRUM,0,0.0,4.76,6.97,Ignore
VIJAYAWADAHUB_VJA VIJAYAWADA,0,0.0,6.15,6.97,Ignore
VXPRESSNAVAPURODH_NVP NAVAPUR,0,0.0,6.97,6.97,Ignore
MIRZAPURHUB_MZP MIRZAPUR,0,0.0,6.97,6.97,Ignore
CABTSOSYOCIRCLEODH_STV SURAT,0,0.0,3.43,6.97,Ignore
DAPOL,0,0.0,6.97,6.97,Ignore
"BINOLA INDUSTRIAL AREA, HARYANA, IN",0,0.0,5.0,6.96,Ignore
MUVATTUPUZHAHUB_MVA THODUPUZHA,0,0.0,5.92,6.95,Ignore
KHERI,0,0.0,6.03,6.95,Ignore
MANGOCITYHUB_SXV SALEM,0,0.0,3.97,6.95,Ignore
"RNC/BRT-TML, RANCHI, JHARKHAND",0,0.0,6.95,6.95,Ignore
KULLUHUB_KUL KULLU,0,0.0,6.38,6.94,Ignore
MANGAWANMDH_MGN MANGAWAN,0,0.0,6.94,6.94,Ignore
KOTMA,0,0.0,3.97,6.93,Ignore
RJSCMATIGARASPLITODH_IXB MATIGARA,0,0.0,6.93,6.93,Ignore
KALOLHUB_GAN GANDHINAGAR,0,0.0,6.93,6.93,Ignore
AMBEGAONHUB_AMB AMBEGAON,0,0.0,6.17,6.92,Ignore
SWATI KAGDA NALLASOPARA,0,0.0,6.92,6.92,Ignore
MANANTHAVADYHUB_MDY MANANTHAVADY,0,0.0,4.77,6.92,Ignore
BIRBHUM,0,0.0,6.92,6.92,Ignore
BYATARAYANAPURAHUB_BLR,0,0.0,6.92,6.92,Ignore
SASVAIKOMODH_VKM VAIKOM,0,0.0,3.46,6.92,Ignore
KUMBAKONAMHUB_TNJ KUMBAKONAM,0,0.0,6.35,6.92,Ignore
KOCHI HUB COCHIN,0,0.0,4.81,6.91,Ignore
PANDHARKAWDAODH_PKW PANDHARKAWDA,0,0.0,6.43,6.91,Ignore
SINGRAULIHUB_SGU SINGRAULI,0,0.0,5.74,6.91,Ignore
CHANDRAKONAHUB_CDR CHANDRAKONA,0,0.0,6.91,6.91,Ignore
KANINA,0,0.0,6.9,6.9,Ignore
KICHHAODH_KCH RUDRAPUR,0,0.0,6.89,6.89,Ignore
PANDHARPURHUB_PDH PANDHARPUR,0,0.0,6.0,6.89,Ignore
AMROHAHUB_AOA AMROHA,0,0.0,6.54,6.88,Ignore
DALKHOLAHUB_DLK RAIGANJ,0,0.0,5.06,6.88,Ignore
PATALGANGA,0,0.0,6.88,6.88,Ignore
ELASTICRUNNANDANAPARKODH_KOL KOLKATA,0,0.0,5.83,6.88,Ignore
MOHAMMADABAD,0,0.0,6.22,6.88,Ignore
PATHSALAHUB_PBL PATHSALA,0,0.0,6.87,6.87,Ignore
TRISSUR HUB THRISSUR,0,0.0,6.17,6.87,Ignore
HOSUR HUB HOSUR,0,0.0,3.34,6.87,Ignore
BHOKAR,0,0.0,6.87,6.87,Ignore
FAIZABADHUB_FZB FAIZABAD,0,0.0,4.08,6.87,Ignore
"NADIAD, NADIAD, GUJARAT",0,0.0,5.57,6.87,Ignore
VIJAYAPURA,0,0.0,5.85,6.86,Ignore
IBRAHIMPATNAM,0,0.0,4.83,6.86,Ignore
PAVGADAHUB_PVG PAVAGADA,0,0.0,6.86,6.86,Ignore
RAJANAGARAMHUB_RJY RAJAHMUNDRY,0,0.0,6.85,6.85,Ignore
VETTICHIRA,0,0.0,6.26,6.85,Ignore
AMEENPURHUB_HYD HYDERABAD,0,0.0,6.85,6.85,Ignore
HALIYALHUB_HYL HALIYAL,0,0.0,2.6,6.85,Ignore
CHANDRASEKHARPUR HUB BHUBANESHWAR,0,0.0,6.1,6.84,Ignore
CABTNASRULLAGANJODH_NSR NASRULLAGANJ,0,0.0,6.84,6.84,Ignore
AIRPORTRDHUB_HSS HISSAR,0,0.0,2.68,6.83,Ignore
ANAND VIHAR HUB DELHI,0,0.0,3.93,6.83,Ignore
THALAYOLAPARAMBUHUB_THA THALAYOLAPARAMBU,0,0.0,5.75,6.83,Ignore
AREECODEHUB_ARC AREECODE,0,0.0,6.82,6.82,Ignore
SASKUNDAPURODH_KND UDUPI,0,0.0,6.14,6.82,Ignore
SHAHDOLHUB_SHD SHAHDOL,0,0.0,4.02,6.81,Ignore
"ATELA, ATELA, HARYANA",0,0.0,6.8,6.8,Ignore
LADWA,0,0.0,6.8,6.8,Ignore
IDENTIFYPLUSSANTRAVIDASNAGARODH_SRN SANTRAVIDASNAGAR,0,0.0,6.8,6.8,Ignore
BALASUNDAR TIRUNELVELI,0,0.0,6.79,6.79,Ignore
DALIP KUMAR GURGAON,0,0.0,6.78,6.78,Ignore
UTANGARAIHUB_UTN UTANGARAI,0,0.0,5.57,6.78,Ignore
"MANANTHAVADY, MANANTHAVADY, KERALA",0,0.0,6.78,6.78,Ignore
KEERTHY KUMAR HOME BANGALORE,0,0.0,6.77,6.77,Ignore
PATIALA HUB PATIALA,0,0.0,3.63,6.77,Ignore
THIRUCHENGODEODH_TCG THIRUCHENGODE,0,0.0,6.77,6.77,Ignore
KARNPRAYAGMDH_KAR KARNPRAYAG,0,0.0,6.77,6.77,Ignore
NIRMAL AJMER,0,0.0,6.77,6.77,Ignore
VIKASNAGARHUB_VIK VIKASNAGAR,0,0.0,6.77,6.77,Ignore
MONU GENERAL STORE GURGAON,0,0.0,6.77,6.77,Ignore
TTSPLGANGAPURODH_GAG GANGAPUR CITY,0,0.0,5.88,6.76,Ignore
KAZIPETHUB_WGL KAZIPET,0,0.0,5.21,6.76,Ignore
KURNOOL HUB KURNOOL,0,0.0,2.92,6.76,Ignore
MALAYINKEEZHUHUB_MYZ MALAYINKEEZH,0,0.0,4.79,6.75,Ignore
POONCHODH_PNH POONCH,0,0.0,4.81,6.75,Ignore
BARAMKELAHUB_BAR,0,0.0,6.75,6.75,Ignore
PORVORIM HUB PORVORIM,0,0.0,5.91,6.74,Ignore
ETASHZUANGTUIODH_AJL AIZAWL,0,0.0,6.74,6.74,Ignore
ITANAGARHUB_ITO ITANAGAR,0,0.0,6.74,6.74,Ignore
MAHADEV ENTERPRISE NEW DELHI,0,0.0,6.74,6.74,Ignore
GARDENCITYHUB_MYS MYSORE,0,0.0,6.74,6.74,Ignore
ELASTICRUNUMBERGAONODH_UMB UMBERGAON,0,0.0,3.75,6.74,Ignore
"CITY- NEW DELHI, STATE- DELHI, IN",0,0.0,5.17,6.73,Ignore
PATTANMDH_PTN BARAMULLA,0,0.0,6.73,6.73,Ignore
VIJAYNAGARHUB_DEL NEW DELHI,0,0.0,6.61,6.73,Ignore
SHALIMARGARDENHUB_DEL GHAZIABAD,0,0.0,4.25,6.73,Ignore
SAIDPURHUB_SDP SAIDPUR,0,0.0,6.72,6.72,Ignore
KISHANGANJHUB_KNE KISHANGANJ,0,0.0,6.71,6.71,Ignore
ELASTICRUNAMBAHODH_AMB MORENA,0,0.0,6.71,6.71,Ignore
KARUVATTAHUB_KVT KARUVATTA,0,0.0,6.71,6.71,Ignore
NARASARAOPETHUB_NRT NARASARAOPET,0,0.0,4.76,6.71,Ignore
UP STORE MANJERI,0,0.0,6.7,6.7,Ignore
DARSHAN L HOME BANGALORE,0,0.0,6.7,6.7,Ignore
NELAMANGALAHUB_BLR BENGALURU,0,0.0,4.92,6.7,Ignore
KWARSIHIGHWAYHUB_ALG ALIGARH,0,0.0,5.02,6.7,Ignore
PILIBHITHUB_PII PILIBHIT,0,0.0,6.7,6.7,Ignore
MEHSANA HUB MEHSANA,0,0.0,6.42,6.69,Ignore
NARKATIAGANJHUB_NKE NARKATIAGANJ,0,0.0,6.69,6.69,Ignore
ARR ENTERPRISE HUZUR,0,0.0,6.69,6.69,Ignore
PATIL MOBILE SHOPY AMANAPUR SANGLI,0,0.0,6.69,6.69,Ignore
AYOORHUB_AYR KOLLAM,0,0.0,6.69,6.69,Ignore
KHANDAGIRI HUB BHUBANESHWAR,0,0.0,6.15,6.69,Ignore
"MADHUBANI, BIHAR, IN",0,0.0,6.69,6.69,Ignore
NAINIHUB_RMB RAMBAGH,0,0.0,6.68,6.68,Ignore
ELASTICRUNRAIPURSPLITODH_RPR RAIPUR,0,0.0,4.56,6.68,Ignore
SANJAY STORE GURGAON,0,0.0,6.68,6.68,Ignore
DAHANUHUB_MUM DAHANU,0,0.0,6.68,6.68,Ignore
ANMOL COACHING GREATER NOIDA,0,0.0,5.94,6.67,Ignore
FORBESGANJHUB_FBG FORBESGANJ,0,0.0,6.67,6.67,Ignore
AMALAPURAM HUB AMALAPURAM,0,0.0,6.67,6.67,Ignore
ELASTICRUNPATHALGAONODH_PGN PATHALGAON,0,0.0,6.67,6.67,Ignore
SOUKYA ETAIL CPU,0,0.0,6.67,6.67,Ignore
CABTNOWGANGODH_NWG CHHATARPUR,0,0.0,6.66,6.66,Ignore
BRAMHAPURI,0,0.0,5.65,6.66,Ignore
JINDHUB_JND JIND,0,0.0,6.26,6.66,Ignore
BHAGALPUR HUB BHAGALPUR,0,0.0,4.56,6.65,Ignore
NAGERCOIL HUB,0,0.0,4.38,6.65,Ignore
NAWADAHHUB_NWD NAWADA,0,0.0,5.95,6.64,Ignore
SUDHIRKUMAR RAMI HIMATNAGAR,0,0.0,6.64,6.64,Ignore
SHERGHATIHUB_GAY SHERGHATI,0,0.0,6.64,6.64,Ignore
ROHTAK HUB ROHTAK,0,0.0,5.38,6.64,Ignore
RANAGHATHUB_RHA,0,0.0,6.64,6.64,Ignore
BAPATLAHUB_BPT BAPATLA,0,0.0,5.06,6.64,Ignore
THOKOTTUHUB_IXE MANGALORE,0,0.0,6.64,6.64,Ignore
ALLAHABAD HUB ALLAHABAD,0,0.0,3.7,6.63,Ignore
SHRIRAMPURHUB_SMP SHRIRAMPUR,0,0.0,6.63,6.63,Ignore
KUTTICHIRAOSH_KTC THRISSUR,0,0.0,6.63,6.63,Ignore
"DEL/SDE, NEW DELHI, DELHI",0,0.0,6.63,6.63,Ignore
LAV KUSH INTERPRISES GURGAON,0,0.0,4.94,6.63,Ignore
HAFLONGHUB_LFG HAFLONG,0,0.0,2.84,6.62,Ignore
TTSPLKUCHAMANCITYODH_KUC KUCHAMANCITY S.O,0,0.0,6.62,6.62,Ignore
BHANKROTAHUB_JAI JAIPUR,0,0.0,4.28,6.62,Ignore
SITICSKHANDAGIRISPILTODH_BBI BHUBANESWAR,0,0.0,6.43,6.62,Ignore
PATTIODH_PTT PATTI,0,0.0,3.4,6.62,Ignore
"BIDAR3, BIDAR, KARNATAKA",0,0.0,5.74,6.61,Ignore
JANGAONHUB_JGN JANAGAON,0,0.0,4.32,6.61,Ignore
"PNQ/CHK, PUNE, MAHARASHTRA",0,0.0,2.06,6.61,Ignore
SASTHURAVOORODH_THO THURAVOOR,0,0.0,6.3,6.61,Ignore
REWARI HUB REWARI,0,0.0,2.66,6.61,Ignore
DAVINDER KIRANA LUDHIANA,0,0.0,6.6,6.6,Ignore
CHOUDWARHMDH_BBI JAGATPUR,0,0.0,6.6,6.6,Ignore
ELASTICRUNZIRAKPURODH_ZRK ZIRAKPUR,0,0.0,3.01,6.6,Ignore
ELASTICRUNKADIRIODH_KDR ANANTAPUR,0,0.0,5.61,6.59,Ignore
IRFAN KIRANA W26,0,0.0,6.59,6.59,Ignore
IRINJALAKUDAHUB_IJK TRISSHUR,0,0.0,2.35,6.59,Ignore
CONNECTINDIANEWTOWNODH_KOL KOLKATA,0,0.0,4.24,6.59,Ignore
PATIALAHUBTEMP_PTA PATIALA,0,0.0,4.55,6.58,Ignore
RAJVIR STORE GURGAON,0,0.0,6.58,6.58,Ignore
LAKHISARAIHUB_LKR LAKHISARAI,0,0.0,4.72,6.58,Ignore
MANGALAGIRIHUB_MGG MANGALAGIRI,0,0.0,6.58,6.58,Ignore
SONGADH,0,0.0,6.58,6.58,Ignore
BAPUNAGARHUB_AMD,0,0.0,3.75,6.58,Ignore
VK KIRANA KHAMGAON,0,0.0,6.57,6.57,Ignore
BHOKARDANHUB_BHK BHOKARDAN,0,0.0,6.57,6.57,Ignore
CHUMUKEDIMA,0,0.0,6.57,6.57,Ignore
GUNJURHUB_BLR BENGALURU,0,0.0,2.96,6.57,Ignore
CHERIALHUB_CRL WARANGAL,0,0.0,3.94,6.57,Ignore
NEHRUPLACEHUB_DEL,0,0.0,0.37,6.56,Ignore
CHANDRAKONA,0,0.0,6.56,6.56,Ignore
NAKODA STORE INDORE,0,0.0,6.55,6.55,Ignore
TTSPLBAIJNATHODH_BJN BAIJNATH,0,0.0,6.55,6.55,Ignore
SASEDAPPALODH_EPP EDAPPAL,0,0.0,3.75,6.55,Ignore
UJJAIN HUB UJJAIN,0,0.0,3.94,6.54,Ignore
JMD KIRANA STORE GURGAON,0,0.0,6.53,6.53,Ignore
CHAVARATTIL SUNIL HOME THRISSUR,0,0.0,6.53,6.53,Ignore
AMBADATHU HOUSE THRISSUR,0,0.0,5.85,6.53,Ignore
BOBBILI,0,0.0,6.43,6.53,Ignore
KUTHUPARAMBAHUB_MKD,0,0.0,5.0,6.53,Ignore
KADAPA HUB KADAPA,0,0.0,5.29,6.53,Ignore
PATHAN STORE MUMBAI,0,0.0,6.52,6.52,Ignore
DOBBASPET,0,0.0,6.23,6.52,Ignore
MANIPAL HUB MANIPAL,0,0.0,4.69,6.52,Ignore
BASIRHATHUB_BSH BASIRHAT,0,0.0,6.52,6.52,Ignore
HAMIRPURHUB_HMP HAMIRPUR,0,0.0,5.88,6.52,Ignore
MASTER KIRANA MALLIKARJUNA BANGALORE,0,0.0,6.52,6.52,Ignore
BENAULIMHUB_GOA VERNA,0,0.0,1.47,6.51,Ignore
GUMTI HUB KANPUR,0,0.0,4.48,6.51,Ignore
CHAPRAHUB_CPR CHAPRA,0,0.0,5.37,6.51,Ignore
CHITRADURGAHUB_CDR CHITRADURGA,0,0.0,6.5,6.5,Ignore
ABODH SHUKLA GURGAON,0,0.0,6.19,6.5,Ignore
KANJIRAMKULAMHUB_KKM TRIVANDRUM,0,0.0,6.49,6.49,Ignore
MUNIGUDAHUB_GNP KORAPUT,0,0.0,6.49,6.49,Ignore
BHATTIPROLU,0,0.0,6.49,6.49,Ignore
VIJAYWADA WAREHOUSE,0,0.0,5.63,6.49,Ignore
DABRAHUB_DAB DABRA,0,0.0,6.49,6.49,Ignore
GIAIPURAOSH_LUH,0,0.0,6.49,6.49,Ignore
HOSPETHUB_HPT HOSPET,0,0.0,4.32,6.48,Ignore
YAMUNANAGARHUB_YNR YAMUNANAGAR,0,0.0,4.62,6.48,Ignore
YERNAGUDEMHUB_RJY EAST GODAVARI,0,0.0,6.48,6.48,Ignore
PATHANAMTHITTAHUB_PMT PATHANAMTHITTA,0,0.0,3.77,6.47,Ignore
"RENUKOOT, RENUKOOT, UTTAR PRADESH",0,0.0,6.47,6.47,Ignore
MANNARKKADHUB_MRK MANNARKKAD,0,0.0,4.3,6.47,Ignore
KURSEONGHUB_KUR DARJEELING,0,0.0,5.53,6.47,Ignore
DEVANAHALLIHUB_DHL DEVANAHALLI,0,0.0,5.73,6.47,Ignore
RAJKOT HUB RAJKOT,0,0.0,5.04,6.47,Ignore
KANTABANJIMDH_BLG BALANGIR,0,0.0,3.75,6.47,Ignore
PORBANDARHUB_POR PORBANDAR,0,0.0,2.97,6.47,Ignore
TROCKOSAINIKPURIODH_HYD HYDERABAD,0,0.0,6.12,6.46,Ignore
KUDLIGIHUB_KDG KUDLIGI,0,0.0,6.46,6.46,Ignore
SATISH KIRANA STORE ROHTAK,0,0.0,6.46,6.46,Ignore
KORBAHUB_KOR KORBA,0,0.0,6.46,6.46,Ignore
LOVE CHONDE ROHA,0,0.0,6.45,6.45,Ignore
BANASWADI PUD CENTRE,0,0.0,4.7,6.45,Ignore
TIRUVALLA HUB TIRUVALLA,0,0.0,3.22,6.45,Ignore
MERCES HUB PANJIM,0,0.0,3.07,6.44,Ignore
ELASTICRUNKAPURTHALAODH_KPT KAPURTHALA,0,0.0,5.85,6.44,Ignore
DHARMAVARAM,0,0.0,6.44,6.44,Ignore
PINJOREODH_PNJ PINJORE,0,0.0,4.65,6.44,Ignore
RATHEESH V HOME ERNAD,0,0.0,6.44,6.44,Ignore
BADAUNHUB_BUN BADAUN,0,0.0,6.34,6.44,Ignore
CHIKKABALLAPURAHUB_CBP CHIKKABALLAPURA,0,0.0,6.43,6.43,Ignore
WARDHAMANNAGAR_NAG NAGPUR,0,0.0,2.39,6.43,Ignore
YADAV ENTERPRISES MUMBAI,0,0.0,6.43,6.43,Ignore
TTSPLKHUNDIANODH_KHD JAWALAMUKHI S.O,0,0.0,6.43,6.43,Ignore
KURUKSHETRA HUB KURUKSHETRA,0,0.0,5.01,6.42,Ignore
KHURDAHUB_KUD KHURDA,0,0.0,3.57,6.42,Ignore
EASY SERVICE SALEM,0,0.0,6.41,6.41,Ignore
SAQIB COMMUNICATION NEW DELHI,0,0.0,4.19,6.41,Ignore
BABNAMDH_FRR FARRUKHABAD,0,0.0,3.56,6.41,Ignore
BAREILLY HUB BAREILLY,0,0.0,4.22,6.41,Ignore
JATHHUB_JTH JATH,0,0.0,5.28,6.41,Ignore
AMBASAMUDRAMHUB_AMS TIRUNELVELI,0,0.0,5.64,6.41,Ignore
SITICSMARTHANDAMODH_MTM MARTHANDAM,0,0.0,3.91,6.4,Ignore
RAJAJINAGAR HUB BENGALURU,0,0.0,4.94,6.4,Ignore
SIRSAHUB_SRS SIRSA,0,0.0,4.03,6.4,Ignore
VIDYANAGAR HUB BHOPAL,0,0.0,2.72,6.4,Ignore
ABHANPURMDH_ABN RAIPUR,0,0.0,6.4,6.4,Ignore
JALANDHARBASTIYAODH_JLR JALANDHAR,0,0.0,0.66,6.38,Ignore
DASUAHUB_DSU DASUA,0,0.0,4.38,6.38,Ignore
IDENTIFYPLUSMULMDH_MUL MUL,0,0.0,6.35,6.38,Ignore
BHATKALHUB_BKL BHATKAL,0,0.0,5.39,6.37,Ignore
RAJAHMUNDRY,0,0.0,6.37,6.37,Ignore
HIRANAGARMDH_HIR KATHUA,0,0.0,5.59,6.37,Ignore
ASHOK GIFT STORE PANIPAT,0,0.0,5.79,6.37,Ignore
ELASTICRUNMANDLAODH_MDL MANDLA,0,0.0,6.37,6.37,Ignore
JEJURIHUB_JEJ JEJURI,0,0.0,5.71,6.36,Ignore
ELASTICRUNDAHISARODH_MUM MUMBAI,0,0.0,3.38,6.36,Ignore
AURAIYAHUB_ARY AURAIYA,0,0.0,4.5,6.36,Ignore
"SAHSON, SAHSON, UTTAR PRADESH",0,0.0,6.36,6.36,Ignore
SASMADUKKARAIODH_MKK COIMBATORE,0,0.0,6.35,6.35,Ignore
RISHIKESHHUB_HRD HARIDWAR / RISHIKESH,0,0.0,4.56,6.34,Ignore
ASHOK KUMAR NEW DELHI,0,0.0,6.25,6.34,Ignore
JALGAON HUB JALGAON,0,0.0,4.57,6.34,Ignore
TTSPLNIMBAHERAODH_NMB NIMBAHERA S.O,0,0.0,6.29,6.33,Ignore
ANNAPURNADANKUNIODH_KOL HOOGHLY,0,0.0,6.33,6.33,Ignore
THALIPARAMBAHUB_KAN KANNUR,0,0.0,5.08,6.33,Ignore
ELASTICRUNNAKODARODH_NKD NAKODAR,0,0.0,3.12,6.33,Ignore
"DULIAJAN, ASSAM, IN",0,0.0,6.22,6.33,Ignore
PANIPAT HUB PANIPAT,0,0.0,5.04,6.33,Ignore
BIJANBARIMDH_BJN BIJANBARI,0,0.0,6.32,6.32,Ignore
RINGROADHUB_DED DEHRADUN,0,0.0,5.82,6.31,Ignore
RITUPON SAIKIA BOKAKHAT,0,0.0,6.31,6.31,Ignore
KAHALGAONHUB_CLG KAHALGAON,0,0.0,6.31,6.31,Ignore
BHUJHUB_BHJ BHUJ,0,0.0,4.23,6.3,Ignore
SARANYA STORES COIMBATORE,0,0.0,6.3,6.3,Ignore
AYYANTHOLEHUB_AYY AYYANTHOLE,0,0.0,2.51,6.3,Ignore
ELASTICRUNSANATHNAGARODH_HYD HYDERABAD,0,0.0,4.8,6.29,Ignore
PIDUGURALLAODH_STN PIDUGURALLA,0,0.0,4.29,6.29,Ignore
PANAYIKKULAMHUB_PNK VARAPUZHA,0,0.0,4.81,6.29,Ignore
BRIJESH KUMAR PANDEY NEW DELHI,0,0.0,6.29,6.29,Ignore
GURGAON HUB GURGAON,0,0.0,2.51,6.29,Ignore
KARUNAGAPALLIHUB_KUI KARUNAGAPALLI,0,0.0,3.97,6.28,Ignore
VAYATHURHUB_VYT VAYATHUR,0,0.0,6.12,6.28,Ignore
THIRUVALLUR HUB THIRUVALLUR,0,0.0,4.95,6.27,Ignore
"HINDUPUR, HINDUPUR, ANDHRA PRADESH",0,0.0,6.2,6.27,Ignore
DEPENDOADAVISRIRAMPURODH_ADR KARIM NAGAR,0,0.0,4.94,6.27,Ignore
RAJ KISHOR STORE BOKAJAN,0,0.0,6.27,6.27,Ignore
CABTSIBPURODH_KOL HOWRAH,0,0.0,4.71,6.26,Ignore
MANKALA DEVI THANE,0,0.0,6.26,6.26,Ignore
IMAMGANJMDH_IMG GAYA,0,0.0,6.25,6.25,Ignore
BHATINDA HUB BHATINDA,0,0.0,3.56,6.25,Ignore
IRINJALAKUDAHUB_IJK,0,0.0,6.25,6.25,Ignore
KOTHRUD(PUNE),0,0.0,5.62,6.24,Ignore
FIROZABAD HUB FIROZABAD,0,0.0,5.25,6.24,Ignore
ANAKAPALLIHUB_AKP ANAKAPALLI,0,0.0,6.04,6.24,Ignore
RAVULAPALEMHUB_MDP MANDAPETA / RAVULAPALEM,0,0.0,6.24,6.24,Ignore
GURRAMPATI RAJA SHEKAR REDDY MASTER KIRANA KADAPA,0,0.0,6.24,6.24,Ignore
DEVAJIT MEDAK NORTH LAKHIMPUR,0,0.0,6.23,6.23,Ignore
"BUDGAM, JAMMU AND KASHMIR, IN",0,0.0,6.23,6.23,Ignore
KOSLIHUB_KOS KOSLI,0,0.0,4.6,6.23,Ignore
PRANAV FAST FOOD HARIDWAR,0,0.0,6.22,6.22,Ignore
SARANGPURMDH_SAR RAIGARH,0,0.0,3.04,6.22,Ignore
PRODATTURHUB_PDT PRODATTUR,0,0.0,4.72,6.22,Ignore
HOSHIARPUR HUB,0,0.0,3.54,6.22,Ignore
CABTMADHUBANISPLITODH_MBI MADHUBANI,0,0.0,6.21,6.21,Ignore
PONDA HUB PONDA,0,0.0,5.75,6.2,Ignore
KATNIHUB_KTN KATNI,0,0.0,5.69,6.2,Ignore
RAIPURCITYSPLITHUB_RPR RAIPUR,0,0.0,3.68,6.19,Ignore
TTSPLMUSIRIODH_MSR MUSURI,0,0.0,6.19,6.19,Ignore
LOADSHARECUTTACKSPLITODH_BBI CUTTACK,0,0.0,3.61,6.19,Ignore
GACHIBOWLIHUB_HYD HYDERABAD,0,0.0,3.18,6.18,Ignore
BATALAHUB_BAA BATALA,0,0.0,6.18,6.18,Ignore
UTHUKOTTAIHUB_TRL TIRUVALLUR,0,0.0,6.17,6.17,Ignore
SOMPETAHUB_SMT SRIKAKULAM,0,0.0,6.17,6.17,Ignore
PHASE2NOIDAHUB_DEL NOIDA,0,0.0,2.35,6.17,Ignore
KAKINADA HUB,0,0.0,4.3,6.16,Ignore
AKSHARA JESWANI INDORE,0,0.0,6.16,6.16,Ignore
BANSWARAHUB_BAS BANSWARA,0,0.0,5.77,6.16,Ignore
MRJHUB_SNG SANGLI,0,0.0,6.16,6.16,Ignore
DHANPURHUB_IXA AGARTALA,0,0.0,6.15,6.15,Ignore
RENA BEAUTY STORE NEW DELHI,0,0.0,6.15,6.15,Ignore
MEHKAR,0,0.0,6.14,6.14,Ignore
KOLLAM HUB KOLLAM,0,0.0,5.04,6.14,Ignore
VIPUL AUTOMOBILE RUPNAGAR,0,0.0,6.14,6.14,Ignore
BALA JI TRADING COMPANY KHUTAR,0,0.0,6.03,6.14,Ignore
VIKARABAD,0,0.0,6.13,6.13,Ignore
LOADSHAREANDALSPLITODH_DGP RANIGANJ,0,0.0,5.61,6.13,Ignore
RAMGARHHUB_RMT RAMGARH,0,0.0,6.12,6.12,Ignore
GOLGHARHUB_GOP GORAKHPUR,0,0.0,4.18,6.12,Ignore
"AKBARPUR KNP, AKBARPUR KANPUR DEHAT, UTTAR PRADESH",0,0.0,4.86,6.12,Ignore
RAKESH HOME STORE BANGALORE,0,0.0,6.11,6.11,Ignore
KADAVANTHARAHUB_KVA ERNAKULAM,0,0.0,4.03,6.11,Ignore
"PANCHGANI, MAHARASHTRA, IN",0,0.0,6.11,6.11,Ignore
JORHAT HUB JORHAT,0,0.0,5.09,6.11,Ignore
"BHOPAL, MADHYA PRADESH, IN",0,0.0,6.1,6.1,Ignore
RAM PRASAD KIRANA STORE FATEHPUR,0,0.0,6.1,6.1,Ignore
NANGALHUB_NGL NANGAL,0,0.0,5.26,6.1,Ignore
KUPPAMHUB_KPM KUPPAM,0,0.0,6.1,6.1,Ignore
DWARAKATIRUMULAHUB_DTM BHIMADOLE,0,0.0,4.47,6.09,Ignore
LAKEVIEW HUB BENGALURU,0,0.0,3.8,6.09,Ignore
MURTHAL_MUR SONIPAT /MURTHAL,0,0.0,3.38,6.09,Ignore
PALANPURHUB_PLN PALANPUR,0,0.0,4.77,6.09,Ignore
SIDHIHUB_SID SIDHI,0,0.0,3.87,6.08,Ignore
MALAKPET EXT,0,0.0,6.08,6.08,Ignore
"BANSIHARI, WEST BENGAL, IN",0,0.0,6.08,6.08,Ignore
GAYASPLITHUB2_GAY GAYA,0,0.0,6.07,6.07,Ignore
SADABADMDH_HTH SADABAD,0,0.0,6.07,6.07,Ignore
THIROOR,0,0.0,6.07,6.07,Ignore
SHADOWFAXJULANAODH_JND JHULANA,0,0.0,6.06,6.06,Ignore
KURUPPAMPADYHUB_KPM COCHIN,0,0.0,6.06,6.06,Ignore
RJSCMATIGARASPLITODH_IXB2 NAXALBARI,0,0.0,6.06,6.06,Ignore
DAYALNAGARSPILTODH_DAY VISAKHAPATANAM,0,0.0,3.45,6.06,Ignore
PRINCYANKLESHWARODH_ANK ANKLESHWAR,0,0.0,3.82,6.05,Ignore
SAMRALAHUB_SAM SAMRALA,0,0.0,4.68,6.05,Ignore
CABTLAHARODH_LHR LAHAR,0,0.0,6.05,6.05,Ignore
SUDAM MALLICK BERHAMPUR,0,0.0,6.05,6.05,Ignore
MOGALTURMDH_MOG MOGALTUR,0,0.0,5.25,6.05,Ignore
GODAVARIKHANIHUB_GDK GODAVARIKHANI,0,0.0,4.22,6.05,Ignore
RAMBAGH,0,0.0,6.04,6.04,Ignore
SIMRIHUB_SHC SAHARSA,0,0.0,5.38,6.03,Ignore
SHOLINGURODH_SLG ARAKKONAM,0,0.0,4.66,6.03,Ignore
IDENTIFYPLUSGONDIAODH_GDI GONDIA,0,0.0,3.31,6.03,Ignore
RAMPURUPMDH_RMP RASULAHA,0,0.0,6.02,6.02,Ignore
"SUPAUL, SUPAUL, BIHAR",0,0.0,5.89,6.02,Ignore
NANITALROADHUB_HWI HALDWANI,0,0.0,6.02,6.02,Ignore
RAJU KATTA NALGONDA,0,0.0,4.35,6.02,Ignore
PARIPPALLYHUB_QLN PARIPPALLY,0,0.0,6.01,6.01,Ignore
THRIPRAYARHUB_TRP THRIPRAYAR,0,0.0,5.21,6.01,Ignore
SOLUTIONS POINT NEW DELHI,0,0.0,6.0,6.0,Ignore
"ANDAL, ASANSOL, WEST BENGAL",0,0.0,6.0,6.0,Ignore
BEHRORHUB_RTN BEHROR,0,0.0,1.21,5.99,Ignore
SITICSKHADOORSAHIBMDH_KDS GURDASPUR,0,0.0,5.99,5.99,Ignore
KUMMARI RAVI MASTER KIRANA NIZAMABAD,0,0.0,5.99,5.99,Ignore
RAJESH GENERAL STORE NEW DELHI,0,0.0,5.99,5.99,Ignore
VIRAMGAM,0,0.0,3.0,5.98,Ignore
RAJ CHAUHAN STORE NEW DELHI,0,0.0,5.98,5.98,Ignore
BHIWANDI HUB BHIWANDI,0,0.0,5.62,5.98,Ignore
CABTKONDURUODH_KND KRISHNA,0,0.0,3.75,5.98,Ignore
ARMOORHUB_ARM NIZAMABAD,0,0.0,5.98,5.98,Ignore
BUGUDAHUB_GAM BUGUDA,0,0.0,4.93,5.98,Ignore
VANSHIKA ENTERPRISE DEHRADUN,0,0.0,5.96,5.96,Ignore
SHADOWFAXBABINAODH_JHS BABINA,0,0.0,5.96,5.96,Ignore
SUKAMDH_HWI NAINITAL,0,0.0,5.96,5.96,Ignore
VYARAHUB_VYR VYARA,0,0.0,4.43,5.95,Ignore
NIDADAVOLEHUB_RJY RAJAHMUNDARY,0,0.0,5.95,5.95,Ignore
ADARSHNAGARHUB_AJM AJMER,0,0.0,5.78,5.95,Ignore
ELASTICRUNGIRISHPARKODH_KOL KOLKATA,0,0.0,3.66,5.95,Ignore
IDENTIFYPLUSBRAMHAPURIODH_BHP BRAMHAPURI,0,0.0,5.95,5.95,Ignore
CHILAKALURIPETAHUB_NRT NARASARAOPET,0,0.0,2.76,5.94,Ignore
TIHIDIHUB_BHC BHADRAK,0,0.0,5.94,5.94,Ignore
AKOTAMDH_AKT AKOTA,0,0.0,5.56,5.94,Ignore
IDENTIFYPLUSVIDYANAGARODH_BHO MANDIDEEP,0,0.0,5.94,5.94,Ignore
SITICSKUNDARAODH_KDR KUNDARA,0,0.0,5.23,5.94,Ignore
ELASTICRUNKAMOTHEODH_KAM,0,0.0,5.94,5.94,Ignore
TYAGI STORE. NEW DELHI,0,0.0,5.93,5.93,Ignore
AURANGABADBIHARHUB_AWB AURANGABAD,0,0.0,4.6,5.93,Ignore
SUNIMDH_SHM SUNNI,0,0.0,4.84,5.93,Ignore
ATRAULI,0,0.0,5.93,5.93,Ignore
ELASTICRUNBOWENPALLYODH_HYD HYDERABAD,0,0.0,5.92,5.92,Ignore
YEMMIGANURHUB_YMN ADONI,0,0.0,5.91,5.91,Ignore
AMAZEKAGALODH_KAG KAGAL,0,0.0,4.48,5.91,Ignore
VIRAJPET,0,0.0,4.86,5.91,Ignore
CLEMENTTOWNHUB_DED DEHRADUN,0,0.0,2.78,5.91,Ignore
BHANDARAHUB_BHR BHANDARA,0,0.0,4.24,5.9,Ignore
MURUKAMBATTUHUB_COR CHITTOOR,0,0.0,5.9,5.9,Ignore
ETTUMANOORHUB_EMR ETTUMANOOR,0,0.0,3.26,5.9,Ignore
MACHERLA,0,0.0,5.9,5.9,Ignore
SASCHEMBRASSERIODH_CSR MALAPPURAM,0,0.0,5.27,5.9,Ignore
TTSPLKHEDBRAHMAODH_KDB KHEDBRAHMMA,0,0.0,5.89,5.89,Ignore
KALIMPONGHUB_KMG KALIMPONG,0,0.0,3.29,5.89,Ignore
KONDAGAONHUB_KDN KONDAGAON,0,0.0,5.79,5.89,Ignore
NEEMRANA,0,0.0,3.98,5.87,Ignore
SATTENAPALLIHUB_STN SATTENAPALLI,0,0.0,0.81,5.87,Ignore
SANGAMNERHUB_SGM SANGAMNER,0,0.0,3.61,5.87,Ignore
SITICSBANGARPETODH_BNG BANGARPET,0,0.0,3.71,5.87,Ignore
CABTGAUTAMNAGARODH_BBI BHUBANESWAR,0,0.0,5.87,5.87,Ignore
BARRACKPORE,0,0.0,5.86,5.86,Ignore
OSMANABADHUB_OMB OSMANABAD,0,0.0,5.86,5.86,Ignore
"KERALA, PALGHAT, IN",0,0.0,5.86,5.86,Ignore
KAGGALIPURAHUB_BLR BENGALURU,0,0.0,5.03,5.86,Ignore
"DEOGHAR, DEOGHAR, JHARKHAND",0,0.0,5.23,5.86,Ignore
ANKOLAHUB_ANK ANKOLA,0,0.0,5.86,5.86,Ignore
"HANSI, HARYANA, IN",0,0.0,4.53,5.85,Ignore
"THENI, THENI, TAMIL NADU",0,0.0,5.85,5.85,Ignore
MANISH PATEL SERVICE KANPUR,0,0.0,5.84,5.84,Ignore
SINDRISPLITODH_DBD DHANBAD,0,0.0,4.11,5.84,Ignore
SITICSCHITTURODH_CHT CHITTUR,0,0.0,5.84,5.84,Ignore
KATARGAAMHUB_STV,0,0.0,1.13,5.84,Ignore
KOOTHATTUKULAMOSH_KOO KOOTHATTUKULAM,0,0.0,5.83,5.83,Ignore
BIJAPURSPLITHUB_BJR BIJAPUR,0,0.0,5.82,5.82,Ignore
RAILWAYCOLONYHUB_BVM BHIMAVARAM,0,0.0,5.55,5.82,Ignore
FAROOG STORE TIRUPUR,0,0.0,5.82,5.82,Ignore
YAVATMALHUB_YTM YAVATMAL,0,0.0,5.06,5.82,Ignore
AEROCITYMOHALIHUB_IXC,0,0.0,4.2,5.82,Ignore
SAKHIGOPALHUB_PUR SAKHIGOPAL,0,0.0,5.82,5.82,Ignore
CABTSACHINODH_SAC SURAT,0,0.0,4.88,5.81,Ignore
GANDIKOTAHUB_PDT MYDUKUR,0,0.0,5.81,5.81,Ignore
JANJGIR,0,0.0,3.51,5.81,Ignore
BOKAKHAT,0,0.0,5.81,5.81,Ignore
HAROHALLIHUB_RMG BANGALORE,0,0.0,5.81,5.81,Ignore
GUPTA STORE GHAZIPUR,0,0.0,5.8,5.8,Ignore
RAFIGANJHUB_AWB RAFIGANJ,0,0.0,5.8,5.8,Ignore
BANDIATMAKURU CB KIRANA NANDYAL,0,0.0,5.05,5.8,Ignore
HITECH CITY,0,0.0,4.15,5.8,Ignore
ASHU BALANI GHAZIABAD,0,0.0,5.8,5.8,Ignore
BASNAHUB_BAS,0,0.0,5.79,5.79,Ignore
BERHAMPUR HUB BERHAMPUR,0,0.0,5.05,5.79,Ignore
ARVIND KUMAR RUDRAPUR,0,0.0,5.79,5.79,Ignore
CHANDANKIYARIHUB_BJE,0,0.0,5.78,5.78,Ignore
PANJIM HUB PANJIM,0,0.0,5.2,5.77,Ignore
DHENKANALHUB_DNK DHENKANAL,0,0.0,4.01,5.76,Ignore
KUTHUPARAMBAHUB_MKD KUTHUPARAMBA,0,0.0,4.26,5.76,Ignore
LARGELOGICDHARAPURAMODH_DHP DHARAPURAM,0,0.0,5.76,5.76,Ignore
NIKOLODH_NKL AHMEDABAD,0,0.0,4.38,5.76,Ignore
DELFASTPHIRANGIPURAMODH_PHI PHIRANGIPURAM,0,0.0,5.36,5.76,Ignore
ULUBERIAHUB_ULB ULUBERIA,0,0.0,5.76,5.76,Ignore
DUA STORE NEW DELHI,0,0.0,5.75,5.75,Ignore
PARVATI SERVICE CENTER,0,0.0,4.52,5.75,Ignore
PARMAR DHIRENKUMAR KANUBHAI NADIAD,0,0.0,5.75,5.75,Ignore
LINGAREDDY MASTER KIRANA HYDERABAD,0,0.0,5.74,5.74,Ignore
SUGUNAN HOME THRISSUR,0,0.0,5.74,5.74,Ignore
SAKTHI MURUGAN MOBILES TIRUPUR,0,0.0,5.73,5.73,Ignore
BANKURAHUB_BKR BANKURA,0,0.0,5.73,5.73,Ignore
CHANDIGARHHUB_OSH_DEL BADHERI,0,0.0,3.13,5.72,Ignore
DHANPURAMDH_DHN DHANPURA,0,0.0,3.41,5.72,Ignore
YADGIRODH_YDR YADGIR,0,0.0,2.38,5.72,Ignore
ARPUDA MARY HOME BANGALORE,0,0.0,5.72,5.72,Ignore
"TIRUVALLUR, TIRUVALLUR, TAMIL NADU",0,0.0,4.68,5.71,Ignore
LAVEEN KUMAR HYDERABAD,0,0.0,5.71,5.71,Ignore
FEROZEPURROADHUB_MITR KANGRA,0,0.0,1.98,5.7,Ignore
MANVIODH_MNV RAICHUR,0,0.0,5.69,5.69,Ignore
AMITVATS STORE BAHADURGARH,0,0.0,4.75,5.69,Ignore
NAVELIM HUB,0,0.0,3.66,5.69,Ignore
VELLOREHUBTEMP_VLR VELLORE,0,0.0,5.43,5.69,Ignore
AJAY KIRANA GHAZIABAD,0,0.0,5.68,5.68,Ignore
RAJAJIPURAMHUB_LKO LUCKNOW,0,0.0,5.68,5.68,Ignore
DALHOUSIEHUB_KOL,0,0.0,3.19,5.68,Ignore
RISHI RFK KIRANA STORE WYRA,0,0.0,2.8,5.68,Ignore
"MIDNAPORE, WEST BENGAL, IN",0,0.0,3.87,5.68,Ignore
MARGHERITAHUB_MRG MARGHERITA,0,0.0,5.68,5.68,Ignore
AHMAD RAZA KIRANA NEW DELHI,0,0.0,5.65,5.67,Ignore
AVANEESH KIRANA STORE JAHANGIRABAD,0,0.0,5.67,5.67,Ignore
GUNTURMDH_GUN GUNTUR,0,0.0,5.67,5.67,Ignore
ROCKS MASTER KIRANA HYDERABAD,0,0.0,5.24,5.67,Ignore
RAMAMUTHYNAGARHUB_BLR BANGALORE,0,0.0,3.14,5.66,Ignore
BARBIL,0,0.0,5.66,5.66,Ignore
TTSPLRAMANODH_PNJ RAMAN,0,0.0,3.81,5.66,Ignore
ELASTICRUNGUDIYATHAMODH_GDM GUDIYATTAM,0,0.0,1.61,5.66,Ignore
REWAHUB_RWA REWA,0,0.0,4.14,5.65,Ignore
CABTMAUGANJODH_MGJ MAUGANJ,0,0.0,5.65,5.65,Ignore
SIGMAJAGRAONODH_JGN JAGRAON,0,0.0,5.56,5.65,Ignore
TTSPLKALLAKURICHIODH_KLK KALLAKURICHI,0,0.0,0.0,5.65,Ignore
RJSCJALPAIGURIODH_JPG MAYNAGURI,0,0.0,5.65,5.65,Ignore
CHALAKKUDIHUB_CKY TRISSHUR,0,0.0,4.1,5.65,Ignore
VINESH BHASKARAN STORE MUMBAI,0,0.0,5.65,5.65,Ignore
PANDUAMDH_MGR MOGRA,0,0.0,5.64,5.64,Ignore
HOSUREASTHUB_HOS HOSUR,0,0.0,5.63,5.63,Ignore
PARLIVAIJINATHHUB_PVJ PARLI VAIJINATH,0,0.0,5.63,5.63,Ignore
MALDA,0,0.0,5.62,5.62,Ignore
MADPUR,0,0.0,5.62,5.62,Ignore
SURUCHI STORE DEHRADUN,0,0.0,5.62,5.62,Ignore
DERABASSIODH_DSB DERABASSI,0,0.0,5.62,5.62,Ignore
SAKALDIHA,0,0.0,3.47,5.61,Ignore
NAMBIYATH HOME CHAVAKKAD,0,0.0,5.6,5.6,Ignore
RAIPUR HUB RAIPUR,0,0.0,4.52,5.59,Ignore
PADMANABHNAGARHUB_BLR,0,0.0,5.59,5.59,Ignore
CHANDIGARHROADHUB_LUH,0,0.0,2.45,5.58,Ignore
CABTKALAAMBODH_KAL SIRMAUR,0,0.0,5.58,5.58,Ignore
GOVINDPURMDH_DBD DHANBAD,0,0.0,5.11,5.57,Ignore
"NAKHARA, CUTTACK, ORISSA",0,0.0,5.57,5.57,Ignore
RKSA JI JI STORE DEHRADUN,0,0.0,5.57,5.57,Ignore
AZAMGARHHUB_AZM AZAMGARH,0,0.0,5.57,5.57,Ignore
"MYSORE, KARNATAKA, IN",0,0.0,5.45,5.57,Ignore
PUNITH KUMAR S HOME BANGALORE,0,0.0,5.56,5.56,Ignore
LOADSHAREROURKELASPLITODH_RRK ROURKELA,0,0.0,3.46,5.56,Ignore
RTO CPU BHUBANESWAR,0,0.0,4.6,5.56,Ignore
CHALTAHUB_AMB SITAPUR,0,0.0,5.56,5.56,Ignore
PALACODEHUB_DMP PALACODE,0,0.0,5.56,5.56,Ignore
BEAWARHUB_BEA BEAWAR,0,0.0,5.4,5.55,Ignore
CANTTAMBALAHUB_UMB AMBALA,0,0.0,4.07,5.55,Ignore
BONGAIGAON,0,0.0,5.55,5.55,Ignore
MYLARLINGESHWARA NILAYA HASSAN,0,0.0,5.54,5.54,Ignore
NAWANAGARMDH_NGR SINGRAULI,0,0.0,5.54,5.54,Ignore
SRIGANGANAGAR HUB SRI GANGANAGAR,0,0.0,4.04,5.53,Ignore
BOLANGIRHUB_BLG BOLANGIR,0,0.0,5.53,5.53,Ignore
TRIVANDRUMHUB TRIVANDRUM,0,0.0,5.04,5.53,Ignore
IDENTIFYPLUSPIRANGUTODH_PIR PUNE,0,0.0,5.52,5.52,Ignore
SILIGURISPLITMDH_IXB,0,0.0,3.23,5.52,Ignore
GANDHI NAGAR (GANR),0,0.0,5.52,5.52,Ignore
DURGACHAKMDH_HLD HALDIA,0,0.0,4.51,5.52,Ignore
NEWASAHUB_NWS NEWASA,0,0.0,3.62,5.52,Ignore
NJARAKKALHUB_NKL NJARAKKAL,0,0.0,4.66,5.51,Ignore
LATURHUB_LTU,0,0.0,5.5,5.5,Ignore
IDENTIFYPLUSUMERKHEDODH_UMR,0,0.0,5.5,5.5,Ignore
TRAMBAK BHIMRAOJI THAKRE PULGAON,0,0.0,0.92,5.5,Ignore
NANDWAIMDH_NAN NANDWAI,0,0.0,5.49,5.49,Ignore
TIRUPATTURHUB_TAT TIRUPPATTUR,0,0.0,5.4,5.49,Ignore
CGROAD HUB,0,0.0,3.86,5.49,Ignore
BUNDIHUB_BUI BUNDI,0,0.0,3.22,5.49,Ignore
BAGODARODH_PNM BAGODAR,0,0.0,5.49,5.49,Ignore
JUNAGADHHUB JUNAGADH,0,0.0,3.23,5.49,Ignore
BRRAZO EXPRESS JUNAGADH,0,0.0,5.48,5.48,Ignore
AJNALAMDH_AJN,0,0.0,5.48,5.48,Ignore
VASAI HUB THANE,0,0.0,2.97,5.48,Ignore
GORAKHPUR - GKP,0,0.0,5.48,5.48,Ignore
"KHAPA, BUTTIBORI, MAHARASHTRA",0,0.0,5.48,5.48,Ignore
HISSAR HUB HISSAR,0,0.0,4.49,5.48,Ignore
NAWANSHAHRHUB_NSH NAWANSHAHR,0,0.0,2.68,5.48,Ignore
"BLI/BALLIA, BALLIA, UTTAR PRADESH",0,0.0,1.77,5.47,Ignore
GAUTAM NIWAS SHRIRAMPUR,0,0.0,3.23,5.47,Ignore
MANINAGARHUB_ADI,0,0.0,3.77,5.47,Ignore
SATNAHUB_STA SATNA,0,0.0,3.25,5.47,Ignore
PARBHANIHUB_PBN PARBHANI,0,0.0,4.2,5.47,Ignore
"JAMMU, JAMMU & KASHMIR, IN",0,0.0,5.41,5.46,Ignore
OTTANCHATRAMHUB_OTC DINDIGUL,0,0.0,3.63,5.46,Ignore
GIRIJA TIRUCHIRAPPALLI,0,0.0,5.45,5.45,Ignore
PENNAKANIGIRIODH_KGR,0,0.0,5.45,5.45,Ignore
KHUSHI STORE MAHESANA,0,0.0,5.45,5.45,Ignore
NAWAGARHMDH_NAW MUNGELI,0,0.0,5.44,5.44,Ignore
MAJHDIAHUB_MIJ MAJHDIA,0,0.0,5.44,5.44,Ignore
SASKATTAPPANAODH_KTP KATTAPPANA,0,0.0,5.44,5.44,Ignore
BELKHANDIHUB_BKD KESINGA,0,0.0,5.44,5.44,Ignore
ELASTICRUNBIDARODH_BDR BIDAR,0,0.0,3.37,5.43,Ignore
MEPPADIMDH_MPD MEPPADI,0,0.0,5.43,5.43,Ignore
INDIAQUICK _ANUPGARH ANUPGARH,0,0.0,5.43,5.43,Ignore
"AJMER, RAJASTHAN, IN",0,0.0,5.43,5.43,Ignore
MOWA HUB,0,0.0,5.43,5.43,Ignore
MANNA DEBASHIS BANKURA,0,0.0,5.43,5.43,Ignore
ELASTICRUNSIDDHPURODH_SDR SIDDHPUR,0,0.0,4.3,5.42,Ignore
RJSCKOHIMAODH_KHM KOHIMA,0,0.0,4.73,5.42,Ignore
MANDSAURHUB_MAN MANDSAUR,0,0.0,5.42,5.42,Ignore
HARIHARPURMDH_KAD SANT KABIR NAGAR,0,0.0,5.42,5.42,Ignore
BONGAON,0,0.0,5.42,5.42,Ignore
BHIWANI HUB BHIWANI,0,0.0,3.44,5.41,Ignore
CHEMBURSPLITHUB_MUM,0,0.0,5.3,5.4,Ignore
GHODBUNDER HUB THANE,0,0.0,2.85,5.4,Ignore
SITICSTHAZHECHOVVAODH_TCV KANNUR,0,0.0,2.06,5.4,Ignore
RJSCSAIHAODH_SAI SAIHA,0,0.0,5.4,5.4,Ignore
HANUMANJNHUB_HMN KRISHNA,0,0.0,5.4,5.4,Ignore
DICHPALLYHUB_NZB NIZAMABAD,0,0.0,5.39,5.39,Ignore
CHARUMOODHUB_COO CHARUMOOD,0,0.0,5.39,5.39,Ignore
JAI AMBE KIRANA AND GENERAL STORE NAGPUR,0,0.0,5.39,5.39,Ignore
TRANSPORT NAGAR HUB LUCKNOW,0,0.0,4.1,5.39,Ignore
MEGHANAGARMDH_MGH MEGHANAGAR,0,0.0,5.38,5.38,Ignore
CABTMANKUNDUODH_MNK CHANDANNAGAR,0,0.0,4.01,5.38,Ignore
CHIRODIHUB_GZD GHAZIABAD,0,0.0,5.38,5.38,Ignore
NOONMATIHUB_GAU GUWAHATI,0,0.0,4.04,5.38,Ignore
RJSCSHILLONGODH_SHL SHILLONG,0,0.0,5.11,5.36,Ignore
VICKY STICHING BATHINDA,0,0.0,5.36,5.36,Ignore
ERATTUPETTAHUB_ETP ERATTUPETTA,0,0.0,5.04,5.35,Ignore
SIONMDH_MUM MUMBAI,0,0.0,5.35,5.35,Ignore
TAVEREKEREHUB_BLR,0,0.0,4.6,5.34,Ignore
NANDYALHUB_NDL,0,0.0,5.34,5.34,Ignore
KRISHNA KUMAR MAURYA VAPI,0,0.0,5.34,5.34,Ignore
ANDARHUB_SWN SIWAN,0,0.0,4.8,5.34,Ignore
BALLIAHUB_BLA BALLIA,0,0.0,5.34,5.34,Ignore
BHAVNAGARHUB BHAVNAGAR,0,0.0,4.68,5.34,Ignore
VPM MOBILE SALEM,0,0.0,5.33,5.33,Ignore
DISHANT ENTERPRISES PALANPUR,0,0.0,5.33,5.33,Ignore
BABA CAKE GAUTAM BUDDHA NAGAR,0,0.0,5.33,5.33,Ignore
AMBIKAKALNAHUB_ABK AMBIKA KALNA,0,0.0,5.33,5.33,Ignore
SARATHBABI EAST GODAVARI,0,0.0,5.33,5.33,Ignore
KOTTARAKKARAHUB_KOR KOTTARAKKARA,0,0.0,4.78,5.32,Ignore
KHAMMAM HUB,0,0.0,5.32,5.32,Ignore
YELAHANKA HUB BENGALURU,0,0.0,3.31,5.32,Ignore
ELASTICRUNCHIPLUNODH_CPL CHIPLUN,0,0.0,3.26,5.32,Ignore
RATANPURCITYHUB_PAB RATANPUR,0,0.0,3.41,5.32,Ignore
VASTRALMETROODH_VAS AHMEDABAD,0,0.0,4.66,5.31,Ignore
CABTKHURDAODH_KUD KHURDA,0,0.0,5.31,5.31,Ignore
JAGANNATHPRASADMDH_GAM JAGANATH PRASAD,0,0.0,5.31,5.31,Ignore
ATTINGALHUB_AAL ATTINGAL,0,0.0,2.42,5.31,Ignore
SILIGURI HUB SILIGURI,0,0.0,4.67,5.31,Ignore
NIKKOUCHINGAVANAMODH_CHI KOTTAYAM,0,0.0,3.5,5.31,Ignore
KORAMANGLA HUB BENGALURU,0,0.0,4.04,5.3,Ignore
RAXAULHUB_RXL RAXAUL,0,0.0,5.3,5.3,Ignore
KUNDANAGARIHUB_IXG KUNDANAGARI,0,0.0,5.29,5.29,Ignore
PANKAJ STORE NAGPUR,0,0.0,5.29,5.29,Ignore
PUTHUKADHUB_PUT THRISSUR,0,0.0,4.83,5.27,Ignore
CHANNASANDRAHUB_BLR,0,0.0,5.27,5.27,Ignore
MARSHAGHAIMDH_MSG KENDRAPADA,0,0.0,4.92,5.27,Ignore
SHORNURHUB_SHO SHORNUR,0,0.0,5.27,5.27,Ignore
BODENMDH_NUA BODEN,0,0.0,5.27,5.27,Ignore
NITIN DNYANESHWAR GAIKWAD PALGHAR,0,0.0,5.26,5.26,Ignore
CIDHAMBARAM STORE DHARMAPURI,0,0.0,5.26,5.26,Ignore
ROORKEEHUB_HRD ROORKEE,0,0.0,4.43,5.26,Ignore
RAJ KUMAR NEW DELHI,0,0.0,5.25,5.25,Ignore
RAHUL B PAWAR PALGHAR,0,0.0,5.25,5.25,Ignore
SHIVANSH ENTERPRISES AHMEDABAD,0,0.0,3.41,5.25,Ignore
BAWANAHUB_DEL DELHI,0,0.0,4.76,5.25,Ignore
PEOPLESCAMPUSHUB_BHO MADHYA PRADESH,0,0.0,2.74,5.24,Ignore
LOADSHAREDHULAGARHODH_KOL DHULAGARH,0,0.0,3.35,5.24,Ignore
MHOWHUB_IDR INDORE,0,0.0,4.01,5.23,Ignore
WHEELEYRATANPURODH_PAB BILASPUR,0,0.0,3.28,5.23,Ignore
BAHADURGARHHUB_BHD BAHADURGARH,0,0.0,2.98,5.23,Ignore
KANJOORHUB_ALU ALUVA,0,0.0,3.41,5.22,Ignore
FARIDABAD HUB,0,0.0,3.28,5.22,Ignore
GURDASPUR HUB GURDASPUR,0,0.0,4.93,5.22,Ignore
GURGAON HUB,0,0.0,0.9,5.22,Ignore
PASHUPATI JUNAGADH,0,0.0,4.88,5.21,Ignore
AM KIRANA STORE BORSAD,0,0.0,5.21,5.21,Ignore
YESH MEDICAL GURGAON,0,0.0,5.21,5.21,Ignore
PALLIPALAYAM HUB,0,0.0,1.37,5.2,Ignore
AJNALAMDH_AJN AJNALA,0,0.0,2.1,5.2,Ignore
BILASPURHUB_BLS BILASPUR,0,0.0,4.47,5.2,Ignore
BHUBANESWARHUB_BBI BHUBANESWAR,0,0.0,5.2,5.2,Ignore
BACHELIODH_BAC DANTEWARA,0,0.0,5.2,5.2,Ignore
MAHAGAONMDH_MAH MAHAG,0,0.0,5.19,5.19,Ignore
PHULLANWALODH_PHU LUDHIANA,0,0.0,3.22,5.18,Ignore
VASANT VIHAR,0,0.0,3.08,5.18,Ignore
SIWANHUB_SWN SIWAN,0,0.0,4.31,5.18,Ignore
PUTTURHUB_PTR PUTTUR,0,0.0,4.96,5.18,Ignore
BARRACKPORE HUB KOLKATA,0,0.0,5.17,5.18,Ignore
AONLAMDH_BRY ALIGANJ,0,0.0,4.08,5.18,Ignore
BARMERHUB_BMR BARMER,0,0.0,4.27,5.18,Ignore
PALAMPURHUB_PLP PALAMPUR,0,0.0,3.46,5.17,Ignore
AGNOORHUB_AGN AGNOOR,0,0.0,5.17,5.17,Ignore
ADOORHUB_ADR ADOOR,0,0.0,3.28,5.17,Ignore
SAFIYABANU KIRANA DHARAMPUR,0,0.0,5.17,5.17,Ignore
KADAVANTHARAHUB_KVA,0,0.0,3.51,5.17,Ignore
CLEAN INDIA CO. GHAZIABAD,0,0.0,4.45,5.17,Ignore
TULJAPURHUB_TLP OSMANABAD,0,0.0,5.17,5.17,Ignore
GOLDENCITYHUB_KGM GOLDENCITY,0,0.0,5.17,5.17,Ignore
ALIPURDUARHUB_ADP ALIPURDUAR,0,0.0,4.63,5.17,Ignore
KALYANSPLITHUB_MUM MUMBAI,0,0.0,3.17,5.17,Ignore
TAPAN KUMAR PANJIM,0,0.0,5.16,5.16,Ignore
"IDR/RTO, INDORE, MADHYA PRADESH",0,0.0,5.16,5.16,Ignore
CHOHANMDH_CHN TANDA,0,0.0,3.18,5.16,Ignore
TAJMEEL HOME ERODE,0,0.0,5.15,5.15,Ignore
BALAGHATHUB_BGT BALAGHAT,0,0.0,3.84,5.15,Ignore
DEOGARHMDH_DGH MAHULPALLI,0,0.0,5.15,5.15,Ignore
CHANDRAPURHUB_CDP CHANDRAPUR,0,0.0,4.4,5.14,Ignore
BHARAT RESTO CAFE DEHRADUN,0,0.0,5.14,5.14,Ignore
MADANAPALLEEHUB_MDP,0,0.0,5.13,5.13,Ignore
PRATAPGARHHUB_CHI CHITTORGARH,0,0.0,3.95,5.13,Ignore
TTSPLTAPUKARAMDH_TAP BHIWADI,0,0.0,5.13,5.13,Ignore
SEHARABAZARMDH_SRB BURDWAN,0,0.0,5.12,5.12,Ignore
JALALABADODH_JAL JALALABAD,0,0.0,5.12,5.12,Ignore
ANISH KUMAR FARIDABAD,0,0.0,3.91,5.12,Ignore
BHATTIPROLUHUB_BTP BHATTIPROLU,0,0.0,5.12,5.12,Ignore
PENDIYALODH_WGL WARANGAL,0,0.0,5.11,5.11,Ignore
INDORE (IDRH),0,0.0,5.11,5.11,Ignore
Y MALLIKARJUNA RAO PRAKASAM,0,0.0,5.11,5.11,Ignore
CHAMPASARIMDH_CHP CHAMPASARI,0,0.0,1.12,5.11,Ignore
ELASTICRUNBONAIGARHODH_BNG BONAIGARH,0,0.0,5.1,5.1,Ignore
ICHCHAPURAMHUB_ICP ICHCHAPURAM,0,0.0,5.1,5.1,Ignore
BODARWARMDH_BBW BODARWAR,0,0.0,5.09,5.09,Ignore
MAHADEVAPURA HUB BENGALURU,0,0.0,5.09,5.09,Ignore
TANNU KIRANA RUDRAPUR,0,0.0,5.09,5.09,Ignore
SIMDEGAMDH_SMD SIMDEGA,0,0.0,5.09,5.09,Ignore
SUNIL KUMAR KARNAL,0,0.0,5.08,5.08,Ignore
VASAIWESTHUB_MUM MUMBAI,0,0.0,4.79,5.08,Ignore
RAJKANIKAHUB_RJK KENDRAPARA,0,0.0,5.08,5.08,Ignore
KARVI,0,0.0,3.01,5.08,Ignore
SALEMMDH_SAL SALEM,0,0.0,5.08,5.08,Ignore
BHADRAVATIMDH_BHA BHADR,0,0.0,5.07,5.07,Ignore
SOMATANE PHATA HUB,0,0.0,2.96,5.07,Ignore
SURENDRANAGARHUB_SDR,0,0.0,5.07,5.07,Ignore
HANUMANGARHHUB_HAN,0,0.0,5.07,5.07,Ignore
"BELAGAVI, KARNATAKA, IN",0,0.0,5.05,5.05,Ignore
HALDWANIHUB_HWI HALDWANI,0,0.0,3.46,5.05,Ignore
KASARGODHUB_KSD KASARGOD,0,0.0,2.89,5.04,Ignore
ANAND HUB ANAND,0,0.0,4.43,5.04,Ignore
GAJUWAKA HUB VISHAKAPATNAM,0,0.0,4.08,5.04,Ignore
RATHBARIHUB_LDA ENGLISHBAZAR,0,0.0,5.04,5.04,Ignore
SANTOSH VILAS TELORE NASHIK,0,0.0,5.03,5.03,Ignore
"NAINITAL, UTTARAKHAND, IN",0,0.0,3.0,5.02,Ignore
CHATTRAL PUD,0,0.0,5.02,5.02,Ignore
CHANCHEL STORE NOIDA,0,0.0,5.02,5.02,Ignore
LATURHUB_LTU LATUR,0,0.0,3.73,5.02,Ignore
"ITAUNJA, ITAUNJA, UTTAR PRADESH",0,0.0,5.01,5.01,Ignore
BELAPURODH_MUM BELAPUR,0,0.0,2.99,5.01,Ignore
IDENTIFYPLUSJASPURMDH_JSP JASPUR,0,0.0,5.01,5.01,Ignore
PEENYA HUB BENGALURU,0,0.0,2.89,5.0,Ignore
DARJEELING HUB DARJEELING,0,0.0,3.56,5.0,Ignore
PRINCYCHANDKHEDAODH_AMD AHMEDABAD,0,0.0,4.5,5.0,Ignore
ARKAN AND SONS AHMEDABAD,0,0.0,4.99,4.99,Ignore
ARORA GENERAL STORE GHAZIABAD,0,0.0,4.99,4.99,Ignore
MORENAHUB_MRN MORENA,0,0.0,3.12,4.98,Ignore
ELASTCRUNPIPARIYAODH_PPY HOSHANGABAD,0,0.0,4.98,4.98,Ignore
PICHATURODH_PUT PICHATUR,0,0.0,4.98,4.98,Ignore
HARSOOLODH_IXU AURANGABAD,0,0.0,3.89,4.98,Ignore
ALWALHUB_HYD HYDERABAD,0,0.0,4.59,4.98,Ignore
TTSPLKAVANDAPADIODH_KVN KAVINDAPADI,0,0.0,3.3,4.98,Ignore
"ADAPUR, RAXUAL, BIHAR",0,0.0,4.97,4.97,Ignore
RAMANAGAR,0,0.0,2.77,4.96,Ignore
FAZILKAHUB_FAL FAZILKA,0,0.0,3.16,4.96,Ignore
SHAIK RAMJAN BI RENT HOUSE NANDIGAMA,0,0.0,4.96,4.96,Ignore
DHUBRIHUB_DBB DHUBRI,0,0.0,4.95,4.95,Ignore
KOOTTANADHUB_KTD PATTAMBI,0,0.0,4.79,4.95,Ignore
BEENROUTEAYIKKARAPADIODH_AYP MALAPURAM,0,0.0,4.02,4.94,Ignore
LALPARHUB,0,0.0,4.94,4.94,Ignore
SIDDIPETHUB_SDP SIDDIPET,0,0.0,4.62,4.94,Ignore
KANJIRAPPALLY_KJP PALA,0,0.0,4.94,4.94,Ignore
SAWAIMADHOPURHUB_SAW SAWAI MADHOPUR,0,0.0,4.69,4.94,Ignore
KAKKANADHUB_COK ERNAKULAM,0,0.0,4.72,4.94,Ignore
ALISHA STORE NEW DELHI,0,0.0,4.93,4.93,Ignore
METPALLY,0,0.0,4.93,4.93,Ignore
CABTBERHAMPURSPLITODH_BMP BERHAMPUR,0,0.0,4.93,4.93,Ignore
DAYALPURMDH_JLR KARTARPUR,0,0.0,4.93,4.93,Ignore
VIJITH M S STORE BANGALORE,0,0.0,4.92,4.92,Ignore
TWINCITYHUBTEMP_HBX HUBLI,0,0.0,4.92,4.92,Ignore
MEKKAADHUB_MKD,0,0.0,4.92,4.92,Ignore
REPALLEHUB_RPL REPALLE,0,0.0,4.92,4.92,Ignore
UDGIRHUB_UDG UDGIR,0,0.0,4.91,4.91,Ignore
FKL-FWDCHENNAI,0,0.0,0.0,4.91,Ignore
ISHIKA STICHING CENTRE BATHINDA,0,0.0,4.91,4.91,Ignore
JAGDALPURHUB_JGR JAGDALPUR,0,0.0,3.96,4.91,Ignore
JAIPUR HUB JAIPUR,0,0.0,2.29,4.9,Ignore
SHADOWFAXMAHUVAODH_MHV SURAT,0,0.0,3.22,4.9,Ignore
RAHONMDH_RHN NAWANSHAHR,0,0.0,4.9,4.9,Ignore
MPNAGARHUB_BHO BHOPAL,0,0.0,3.9,4.89,Ignore
DARIAODH_CGH CHANDIGARH,0,0.0,4.74,4.89,Ignore
GUMLAHUB_GMA GUMLA,0,0.0,4.89,4.89,Ignore
GURUSAHAIGANJ,0,0.0,3.22,4.88,Ignore
ELASTICRUNDAHODODH_DHD DAHOD,0,0.0,3.15,4.88,Ignore
KAYAMGANJHUB_FRR FARRUKHABAD,0,0.0,4.87,4.87,Ignore
A.S.ENTERPRISES KRISHNAGIRI,0,0.0,4.87,4.87,Ignore
BANU STORE SALEM,0,0.0,4.87,4.87,Ignore
THIMMAPURAMHUB_VTZ VISHAKHAPATNAM,0,0.0,4.87,4.87,Ignore
ROSHANPURHUB_MEE MEERUT,0,0.0,4.86,4.86,Ignore
NARAINA HUB,0,0.0,0.19,4.86,Ignore
RAJLAXMI ENTERPRISES BEED,0,0.0,4.85,4.86,Ignore
"ALLAHABAD, UTTAR PRADESH, IN",0,0.0,4.59,4.86,Ignore
PILANI HUB PILANI,0,0.0,4.86,4.86,Ignore
"SAHIBABAD, UTTAR PRADESH, IN",0,0.0,4.86,4.86,Ignore
SAYANMDH_SAY SURAT,0,0.0,3.17,4.86,Ignore
THIRUNELVELI HUB TIRUNELVELI,0,0.0,4.66,4.86,Ignore
RAJNI STORE NEW DELHI,0,0.0,4.85,4.85,Ignore
SURENDRANAGARHUB_SDR SURENDRANAGAR,0,0.0,2.13,4.85,Ignore
LALGUDIHUB_LAL LALGUDI,0,0.0,4.18,4.85,Ignore
ELASTICRUNPATULIODH_KOL KOLKATA,0,0.0,4.73,4.85,Ignore
ECILHUB_HYD,0,0.0,2.89,4.84,Ignore
CIDCOHUB_NDC NANDED,0,0.0,4.84,4.84,Ignore
ROCKFORTCITYHUB_TRZ TRICHY,0,0.0,4.84,4.84,Ignore
PIRAVOMOSH_PVM KOTTAYAM,0,0.0,3.6,4.83,Ignore
TANAKPURODH_TAN CHAMPAWA,0,0.0,3.33,4.83,Ignore
RAJAHMUNDRY HUB RAJAHMUNDARY,0,0.0,4.83,4.83,Ignore
ELASTICRUNNARODAODH_NRD AHMEDABAD,0,0.0,4.1,4.83,Ignore
KUDALMDH_KDL SINDHUDURG,0,0.0,3.84,4.83,Ignore
GWALIORHUB_GWL GWALIOR,0,0.0,3.39,4.83,Ignore
TTSPLTHENIODH_THN THENI,0,0.0,3.29,4.82,Ignore
PEDDAPALLYMDH_PED PEDDAPALLY,0,0.0,4.82,4.82,Ignore
RAAVI KITE STORE NAGPUR,0,0.0,4.82,4.82,Ignore
SOHAIL KHAN KHANDWA,0,0.0,2.9,4.81,Ignore
DAUNDHUB_DUN DAUND,0,0.0,4.81,4.81,Ignore
"THANJAVUR, TAMIL NADU, IN",0,0.0,4.79,4.81,Ignore
KANKARBAGH HUB PATNA,0,0.0,4.06,4.81,Ignore
POOJAKIRANASTORE NEW DELHI,0,0.0,4.8,4.8,Ignore
FOCALPOINTHUB_LUH LUDHIANA,0,0.0,4.55,4.8,Ignore
VIMAN NAGAR,0,0.0,3.88,4.8,Ignore
CHAUKHUB_LKO LUCKNOW,0,0.0,4.8,4.8,Ignore
GODHRA HUB GODHRA,0,0.0,4.29,4.79,Ignore
"PANDUA, WEST BENGAL, IN",0,0.0,4.57,4.79,Ignore
DEBASHISH MISHRA KIRANA BHADRAK,0,0.0,4.79,4.79,Ignore
DOMALGUDAHUB_HYD HYDERABAD,0,0.0,4.03,4.79,Ignore
VIKRAM CHAUHAN STORE MUMBAI,0,0.0,4.78,4.78,Ignore
MOTLA SRIKANTH OWN HOUSE WARANGAL,0,0.0,4.48,4.78,Ignore
HALDWANIHUB_HWI,0,0.0,3.62,4.78,Ignore
SHIVA CHANTI MIRYALAGUDA,0,0.0,4.77,4.77,Ignore
GAJWEL,0,0.0,4.77,4.77,Ignore
ULUBARIHUB GUWAHATI,0,0.0,3.57,4.77,Ignore
SAMRUDHI ENTERPRISES PUNE,0,0.0,4.76,4.76,Ignore
SIDDHARTHVIHARHUB_DEL,0,0.0,4.76,4.76,Ignore
JHUNJHUNUHUB_JNJ JHUNJHUNU,0,0.0,4.27,4.75,Ignore
GNANABHARATHIOSH_BLR,0,0.0,4.75,4.75,Ignore
CHITRAPURHUB_RMT RAMGARH,0,0.0,4.75,4.75,Ignore
MANJU BEAUTY PARLOUR LUCKNOW,0,0.0,4.74,4.74,Ignore
VASHI HUB MUMBAI,0,0.0,4.05,4.74,Ignore
SHADOWFAXBHAWANIGARHODH_BHA BHAWAIGARH,0,0.0,4.47,4.74,Ignore
SAGARPURHUB_DEL,0,0.0,0.86,4.73,Ignore
ETAIL PROCESSING UNIT,0,0.0,2.92,4.73,Ignore
IDENTIFYPLUSBADDIODH_BDI NALAGARH,0,0.0,3.32,4.72,Ignore
KHUSROPURMDH_KOO PATNA,0,0.0,4.72,4.72,Ignore
ELASTICRUNBHUBANESWARODH_BBI BHUBANESWAR,0,0.0,3.9,4.72,Ignore
YELAHANKA,0,0.0,2.96,4.71,Ignore
DWARKA HUB,0,0.0,1.34,4.71,Ignore
UNNAOHUB_UNN UNNAO,0,0.0,4.71,4.71,Ignore
VASANTKUNJ HUB,0,0.0,0.65,4.7,Ignore
AMIT KALAMBATE AJRA,0,0.0,4.7,4.7,Ignore
MADHEPURAHUB_DMH,0,0.0,4.7,4.7,Ignore
INDIQUICK_177113_177113_177105_TTSPLDEHRAODH_DHR HAMIRPUR,0,0.0,4.55,4.69,Ignore
ELASTICRUNKATTEDANODH_HYD HYDERABAD,0,0.0,3.18,4.67,Ignore
ELASTICRUNHARDOIODH_HRD HARDOI,0,0.0,3.96,4.67,Ignore
ETAIL CPU,0,0.0,2.22,4.67,Ignore
BELLARYFORTHUB_BLY BELLARY,0,0.0,4.66,4.66,Ignore
RUPNARAYANPURHUB_ASN,0,0.0,4.66,4.66,Ignore
ELASTICRUNKONGADODH_KGD KONGAD,0,0.0,3.11,4.66,Ignore
SATTENAPALLIHUB_STN,0,0.0,4.65,4.65,Ignore
BEGUSARAIHUB_BGI,0,0.0,4.65,4.65,Ignore
GIAIPURAOSH_LUH LUDHIANA,0,0.0,4.65,4.65,Ignore
MAHESH GAWALI VASAI,0,0.0,4.65,4.65,Ignore
ATHARV KIRANA AND GENERAL STORE AMBAD,0,0.0,4.65,4.65,Ignore
ALIBAGHUB_ABG ALIBAG,0,0.0,1.58,4.65,Ignore
DEEPAK KUMAR NEW DELHI,0,0.0,3.25,4.65,Ignore
SARAVANA TILES SALEM,0,0.0,4.65,4.65,Ignore
KHANAKULMDH_AMB CHINSURAH,0,0.0,4.64,4.64,Ignore
BSD GOOS CARRIER GURGAON,0,0.0,4.64,4.64,Ignore
KISHOR KIRANA STORE THANE,0,0.0,4.63,4.63,Ignore
CABTMURSHIDABADODH_MBB MURSHIDABAD,0,0.0,3.49,4.62,Ignore
RATNAGIRIHUB_RTG RATNAGIRI,0,0.0,2.3,4.62,Ignore
CHOHLASAHIBMDH_CSB TARANTARAN,0,0.0,4.61,4.61,Ignore
MULUGUHUB_WGL MULUGU,0,0.0,4.61,4.61,Ignore
JARASINGHAODH_ANG ANGUL,0,0.0,4.61,4.61,Ignore
ELASTICRUNVAPIODH_AMD VAPI,0,0.0,4.61,4.61,Ignore
TTSPLDUNGARPURODH_DNG DUNGARPUR H.O,0,0.0,4.6,4.6,Ignore
TAHLIWALMDH_THL UNA,0,0.0,4.6,4.6,Ignore
AMGAONMDH_AMG AMGAO,0,0.0,4.59,4.59,Ignore
DURGA STORES MUSIRI,0,0.0,4.59,4.59,Ignore
CABTHARIDWARSPLITODH_HRD,0,0.0,4.58,4.58,Ignore
CHHINDWARAHUB_CHH CHHINDWARA,0,0.0,4.13,4.57,Ignore
SWAMY STORE RAJAHMUNDRY,0,0.0,4.57,4.57,Ignore
MAHIMA STORE ROURKELA,0,0.0,4.57,4.57,Ignore
SHARDHA MASTER KIRANA K.V.RANGAREDDY,0,0.0,4.56,4.56,Ignore
GAURAV MOTORS UDAIPUR,0,0.0,4.56,4.56,Ignore
PIMPRI HUB,0,0.0,4.56,4.56,Ignore
PHAGWARAHUB_PGR PHAGWARA,0,0.0,2.94,4.56,Ignore
MANDAL STORE NEW DELHI,0,0.0,2.72,4.55,Ignore
RANIBAGHHUB_DEL,0,0.0,0.12,4.55,Ignore
KADERKHAN SURAT,0,0.0,4.55,4.55,Ignore
KAMLESH FAST FOOD SHIMLA,0,0.0,4.55,4.55,Ignore
FEROKEHUB_FRK CALICUT,0,0.0,3.12,4.54,Ignore
UTTAMNAGAR HUB,0,0.0,0.3,4.54,Ignore
KATNIHUB_KTN,0,0.0,2.54,4.53,Ignore
PALAKKAD HUB PALAKKAD,0,0.0,3.7,4.52,Ignore
KADIMDH_KDI KADI,0,0.0,3.16,4.51,Ignore
AMBALAMUKKUHUB_TRV TRIVANDRUM,0,0.0,2.87,4.51,Ignore
IDENTIFYPLUSTIKAMGARHODH_TGH TIKAMGARH,0,0.0,4.51,4.51,Ignore
NIZAMUDDIN SHAIKH STORE MUMBAI,0,0.0,4.51,4.51,Ignore
CABTJAORAODH_JRA JAORA,0,0.0,4.5,4.5,Ignore
LARGELOGICPARKALODH_PRK ROTS,0,0.0,2.5,4.5,Ignore
GARAHUB_SKM,0,0.0,4.49,4.49,Ignore
ROHIT AGGARWAL GURGAON,0,0.0,4.49,4.49,Ignore
RAMGANJHUB_RAM RAMGANJ,0,0.0,0.41,4.48,Ignore
RANIBENNURHUB_RNR RANIBENNUR,0,0.0,3.18,4.48,Ignore
BHILAI HUB BHILAI,0,0.0,2.58,4.48,Ignore
SIGRA HUB VARANASI,0,0.0,4.23,4.48,Ignore
MISROUTEHUB_SECTORV_KOL KOLKATA,0,0.0,4.48,4.48,Ignore
"HYDERABAD,, TELANGANA, IN",0,0.0,4.47,4.47,Ignore
KOKRAJHARHUB_KOJ KOKRAJHAR,0,0.0,3.37,4.47,Ignore
NIGADIHUB_PUNE,0,0.0,3.51,4.46,Ignore
CABTKONDURUODH_KND,0,0.0,3.84,4.46,Ignore
ICHAKHUB_HZB HAZARIBAGH,0,0.0,4.46,4.46,Ignore
STAR STATIONARY MUMBAI,0,0.0,4.46,4.46,Ignore
MAHALAKSHMI AGENCIES OOTY,0,0.0,4.46,4.46,Ignore
CHIRAWAMDH_CHR CHIRAWA,0,0.0,4.46,4.46,Ignore
KIRARIMDH_KIR CHANDRAPUR,0,0.0,4.46,4.46,Ignore
GOTA TEMP PUD,0,0.0,4.45,4.45,Ignore
ELASTICRUNMAPUSAODH_GOA MAPUSA,0,0.0,3.06,4.45,Ignore
DHEMAJIHUB_DMC DHEMAJI,0,0.0,4.44,4.44,Ignore
ROHINI ETAIL UNIT,0,0.0,2.3,4.43,Ignore
DALHOUSIEMDH_CHM BAKLOH,0,0.0,4.42,4.42,Ignore
MARANGIODH_KIR KATIHAR,0,0.0,4.41,4.41,Ignore
JHUSHIHUB_ALD ALLAHABAD,0,0.0,2.45,4.41,Ignore
CHAMBAHUB_CHM CHAMBA,0,0.0,4.4,4.4,Ignore
BAVLAHUB_AMD AHMEDABAD,0,0.0,4.4,4.4,Ignore
VIJAY STORE MANDI,0,0.0,4.4,4.4,Ignore
IDENTIFYPLUSKHARARODH_KHR KHARAR,0,0.0,4.08,4.4,Ignore
CHALAKKUDIHUB_CKY,0,0.0,4.39,4.39,Ignore
SIVAGANGAIHUB_SAI SIVAGANGAI,0,0.0,4.39,4.39,Ignore
BASUDEVPURHUB_BAW BALESHWAR,0,0.0,4.38,4.38,Ignore
PANKAJ STORE NEW DELHI,0,0.0,2.46,4.38,Ignore
BAKSHA,0,0.0,4.19,4.37,Ignore
ASURESWARMDH_KNP KENDARAPARA,0,0.0,4.37,4.37,Ignore
KOYILANDYHUB_KYD KOZHIKODE,0,0.0,4.37,4.37,Ignore
JAI BHAGWAN NEW DELHI,0,0.0,4.37,4.37,Ignore
PRINCYSARIGAMODH_SAR SARIGAM,0,0.0,4.36,4.36,Ignore
ELASTICRUNBHUBANESWARODH_BBI,0,0.0,3.1,4.36,Ignore
BULANDSHAHRHUB_BUR BULANDSHAHR,0,0.0,4.36,4.36,Ignore
KARAIKALHUB_KIK KARAIKAL,0,0.0,1.87,4.36,Ignore
TBDAMODH_TBD MUNIRABAD,0,0.0,1.68,4.36,Ignore
KUNKURIHUB_KUN JASHPUR,0,0.0,4.35,4.35,Ignore
KAUPHUB_MPL MANIPAL,0,0.0,3.76,4.35,Ignore
VISHAL MOBILES AND STATIONARY ETAWAH,0,0.0,4.35,4.35,Ignore
LARGELOGICJULURUPADODH_JPD KHAMMAM,0,0.0,4.35,4.35,Ignore
KOORIEEHAYATHNAGARODH_HYD HYDERABAD,0,0.0,4.35,4.35,Ignore
T.SAMPATH KIRANA WARANGAL,0,0.0,4.34,4.34,Ignore
CABTDAYALNAGARODH_DAY,0,0.0,4.34,4.34,Ignore
MANDAPETAHUB_MDP MANDAPETA,0,0.0,3.2,4.34,Ignore
MANIKANDAN HOME SALEM,0,0.0,4.33,4.33,Ignore
HHARSH STORE NEW DELHI,0,0.0,4.33,4.33,Ignore
IDENTIFYPLUSCHIKKATHIRUPATHIMDH_MLR MALUR,0,0.0,4.33,4.33,Ignore
KALYANNAGAR HUB,0,0.0,4.33,4.33,Ignore
JHAJJARHUB_JJJ JHAJJAR,0,0.0,4.32,4.32,Ignore
KHAANAOSH_LUH LUDHIANA,0,0.0,1.89,4.31,Ignore
OLLURHUB_TCR THRISSUR,0,0.0,4.21,4.31,Ignore
VIP GENERAL STORE NELLORE,0,0.0,4.31,4.31,Ignore
ELASTICRUNGUSKARAODH_GKH,0,0.0,4.3,4.3,Ignore
EXTRA TRADERS. RFK ALAPPUZHA,0,0.0,4.3,4.3,Ignore
JAYANT KIRANA JAIPUR,0,0.0,4.3,4.3,Ignore
"DERA BASSI INDUSTRIAL AREA, PUNJAB, IN",0,0.0,4.3,4.3,Ignore
PARVATHIPURAMHUB_PPM PARVATHIPURAM,0,0.0,4.3,4.3,Ignore
HANUMANGARHHUB_HAN HANUMANGARH,0,0.0,1.75,4.3,Ignore
SRIRANGAPATNAHUB_SRP SRIRANGAPATNA,0,0.0,3.13,4.29,Ignore
JAGATPURAHUB_JAI MALVINAGAR,0,0.0,3.49,4.29,Ignore
POOJAPURAHUB_PJA POOJAPURA,0,0.0,3.16,4.29,Ignore
CITYCENTERNOIDAHUB_DEL,0,0.0,3.01,4.28,Ignore
DALTONGANJHUB_DTO DALTONGANJ,0,0.0,3.31,4.28,Ignore
SANGAMVIHARHUB_DEL NEW DELHI,0,0.0,3.38,4.28,Ignore
DAPOLIMDH_DAP DAPOL,0,0.0,4.28,4.28,Ignore
BHOSARI HUB PUNE,0,0.0,2.58,4.27,Ignore
GAJUWAKA HUB,0,0.0,4.27,4.27,Ignore
PERUNDURAI,0,0.0,4.27,4.27,Ignore
MAA ASHAPURA ENTERPRISE RAJKOT,0,0.0,2.19,4.27,Ignore
PKS EASY SERVICE SALEM,0,0.0,2.86,4.26,Ignore
ELASTICRUNPATANODH_PTN PATAN,0,0.0,3.42,4.26,Ignore
SILIGURISPLITMDH_IXB SILIGURI,0,0.0,3.5,4.25,Ignore
VAYATHURHUB_VYT,0,0.0,4.25,4.25,Ignore
JHARSUGUDAHUB_JSG JHARSUGUDA,0,0.0,4.24,4.24,Ignore
SHREE NANDIKESHWARA CHICKEN STALL MANGALORE,0,0.0,4.24,4.24,Ignore
MUKESH PATEL KIRANA VALSAD,0,0.0,4.24,4.24,Ignore
VS STORE RAJAHMUNDRY,0,0.0,4.24,4.24,Ignore
"MAHUVA, GUJARAT, IN",0,0.0,4.23,4.23,Ignore
BUND GARDEN,0,0.0,3.21,4.23,Ignore
KAROND HUB BHOPAL,0,0.0,3.59,4.23,Ignore
BULDHANAHUB_BLD,0,0.0,4.23,4.23,Ignore
DEPENDOTOLLYGUNJODH_KOL,0,0.0,4.23,4.23,Ignore
TARIKEREHUB_TRK TARIKERE,0,0.0,4.22,4.22,Ignore
NEDUMANGADUHUB_NDD,0,0.0,4.22,4.22,Ignore
ELASTICRUNPATULIODH_KOL,0,0.0,4.21,4.21,Ignore
MONDAYMARKETHUB_MDM NAGERCOIL,0,0.0,2.95,4.21,Ignore
RJSCKOHIMAODH_KHM,0,0.0,3.63,4.21,Ignore
MEDINIPUR,0,0.0,4.2,4.2,Ignore
"DINHATA, DINHATA, WEST BENGAL",0,0.0,4.2,4.2,Ignore
B2_CB VISNAGAR,0,0.0,4.2,4.2,Ignore
HATIBARIMDH_SBP SAMBALPUR,0,0.0,4.18,4.18,Ignore
AMALAPURAM HUB,0,0.0,1.4,4.18,Ignore
CHHOTA BHEEM STORE PUDUKKOTTAI,0,0.0,4.18,4.18,Ignore
CHHAGANBHAI KIRANA SURAT,0,0.0,4.18,4.18,Ignore
JALAUNHUB_JAU JALAUN,0,0.0,4.17,4.17,Ignore
CHANGANASSERY_CGY TIRUVALLA,0,0.0,4.17,4.17,Ignore
STCNURANIMDH_NUR PALAKKAD,0,0.0,3.61,4.16,Ignore
NAMCHIHUB_NMI NAMCHI,0,0.0,4.04,4.16,Ignore
VXPRESSSAYALODH_SAY RAMGARH,0,0.0,4.15,4.15,Ignore
ELASTICRUNKHARGHARODH_MUM MUMBAI,0,0.0,2.25,4.15,Ignore
BIKRAM STORE KRISHNAGAR,0,0.0,4.14,4.14,Ignore
BONTHU SATYANARAYANA EAST GODAVARI,0,0.0,4.14,4.14,Ignore
PALACECITYHUB_MYS MYSORE,0,0.0,4.12,4.14,Ignore
KHAMBHALIAHUB_KBH KHAMBHALIA,0,0.0,4.14,4.14,Ignore
BRIJMANGANJMDH_BRI BRIJMANGANJ,0,0.0,4.13,4.13,Ignore
HOYSALAHUB_HSN HASSAN,0,0.0,4.12,4.12,Ignore
CHIKODIHUB_CHK CHIKODI,0,0.0,3.89,4.12,Ignore
ULWEODH_PNV NAVI MUMBAI,0,0.0,3.92,4.12,Ignore
"KONNAGAR, WEST BENGAL, IN",0,0.0,3.34,4.12,Ignore
DHANDHUKAMDH_DHN DHANDHUKA,0,0.0,4.07,4.12,Ignore
SUPAULHUB_SOU SUPAUL,0,0.0,4.11,4.11,Ignore
BATAULI,0,0.0,4.11,4.11,Ignore
FOCALPOINTHUB_LUH,0,0.0,4.11,4.11,Ignore
TANMAYA BEHERA CHATRAPUR,0,0.0,4.11,4.11,Ignore
KALYANSPLITHUB_MUM,0,0.0,2.82,4.11,Ignore
UNAHPHUB_UNA UNA,0,0.0,3.73,4.11,Ignore
GAUTAMNAGARHUB_BBI BHUBANESWAR,0,0.0,4.1,4.1,Ignore
ASHOKNAGARHUB_PAT PATNA,0,0.0,2.93,4.1,Ignore
"GARWAR, GARWAR, UTTAR PRADESH",0,0.0,2.85,4.1,Ignore
MANISH GOYAL ENTERPRISE HISAR,0,0.0,4.09,4.09,Ignore
SASANHUB_KOL KOLKATA,0,0.0,4.08,4.08,Ignore
VERKAODH_ATQ AMRITSAR,0,0.0,3.01,4.08,Ignore
AHIYACHAKMDH_AHY AHIYACHAK,0,0.0,3.88,4.08,Ignore
MONTU DAS NEW DELHI,0,0.0,4.08,4.08,Ignore
NEYYATTINKARAHUB_NYY NEYYATTINKARA,0,0.0,2.32,4.08,Ignore
HARDAHUB_HAR HARDA,0,0.0,4.07,4.07,Ignore
GHANSHYAM STORE NEW DELHI,0,0.0,3.91,4.07,Ignore
CHETURAM BHOI KALAHANDI,0,0.0,4.06,4.06,Ignore
TTSPLBELLURCROSSODH_BLU BELLUR,0,0.0,2.48,4.06,Ignore
GANDHIBAZAARHUB_ATP ANANTAPUR,0,0.0,1.39,4.06,Ignore
KAIKALURHUB_KKR KAIKALUR,0,0.0,4.06,4.06,Ignore
AKRAM COLD DRINK GHAZIABAD,0,0.0,4.06,4.06,Ignore
KHALSA STORE NEW DELHI,0,0.0,4.05,4.05,Ignore
AARADHYA LADIES TAILER NASHIK,0,0.0,3.77,4.05,Ignore
NEW TOWN SERVICE CENTRE,0,0.0,1.58,4.05,Ignore
KRISHNA SARKAR HOME RAIGANJ,0,0.0,4.05,4.05,Ignore
AREKEREHUB_BLR,0,0.0,3.27,4.05,Ignore
VASAIODH_MUM PALGHAR,0,0.0,1.74,4.04,Ignore
YUG STORE NEW DELHI,0,0.0,4.04,4.04,Ignore
ELASTICRUNAUNDHODH_AND PUNE,0,0.0,2.44,4.04,Ignore
GARHWAHUB_GHQ GARHWA,0,0.0,4.04,4.04,Ignore
VIZIANAGARAMHUB_VZM VIZIANAGARAM,0,0.0,2.6,4.04,Ignore
BIHARSHARIFHUB_BSF BIHAR SHARIF,0,0.0,4.04,4.04,Ignore
SIDDHI ENTERPRISES MODASA,0,0.0,3.39,4.04,Ignore
JALKOTHUB_JKT MUKED,0,0.0,1.88,4.03,Ignore
PASHANODH_PUNE,0,0.0,2.32,4.03,Ignore
SASALATHURODH_ALT,0,0.0,2.55,4.02,Ignore
IDENTIFYPLUSRAJSAMANDODH_RJS NATHDWARA,0,0.0,4.02,4.02,Ignore
CHANDAN STORE DEHRADUN,0,0.0,4.02,4.02,Ignore
DEPENDOBANARPALODH_ANG ANGUL,0,0.0,4.02,4.02,Ignore
"RAIPUR, CHHATTISGARH, IN",0,0.0,4.01,4.01,Ignore
CABTBELACOBAODH_JPG ALIPURDUAR,0,0.0,4.01,4.01,Ignore
PRADIP MAHESANA,0,0.0,3.9,4.0,Ignore
V20 NAGAR VISNAGAR,0,0.0,4.0,4.0,Ignore
NARAYANPETODH_NYP NARAYANPET,0,0.0,4.0,4.0,Ignore
SARPAKAMDH_BDM SARAPAKA,0,0.0,3.55,3.99,Ignore
WAGHOLI HUB PUNE,0,0.0,2.34,3.98,Ignore
KURSEONGHUB_KUR,0,0.0,3.97,3.97,Ignore
LUDHIANAAIRPORTMDH_LUH,0,0.0,3.97,3.97,Ignore
GARAHUB_SKM SRIKAKULAM,0,0.0,3.97,3.97,Ignore
CIVILLINESHUB_DEL NEW DELHI,0,0.0,2.49,3.96,Ignore
HARSH STORE JUNAGADH,0,0.0,3.96,3.96,Ignore
SITICSARANIODH_ARN SEVOOR,0,0.0,3.04,3.96,Ignore
SOMESARMDH_JDH JODHPUR,0,0.0,2.2,3.96,Ignore
PATANCHERUVUHUB_HYD HYDERABAD,0,0.0,3.96,3.96,Ignore
BENNENAGARIHUB_DVG DAVANAGERE,0,0.0,3.95,3.95,Ignore
KEDGAONODH_AHN,0,0.0,1.49,3.95,Ignore
JUNNARHUB_JNN JUNNAR,0,0.0,3.36,3.95,Ignore
ROSERAHUB_ROA ROSERA,0,0.0,2.99,3.95,Ignore
SAHABADHUB_AMB AMBALA,0,0.0,3.44,3.94,Ignore
FATEHGARHCHURIANODH_FGN FATEHGARH,0,0.0,3.94,3.94,Ignore
BIJNOR,0,0.0,2.23,3.94,Ignore
BHARAT KIRANA STORE GURGAON,0,0.0,3.93,3.93,Ignore
PENNADARSIODH_DRS DARSI,0,0.0,3.93,3.93,Ignore
TILAK STORE NEW DELHI,0,0.0,3.93,3.93,Ignore
RJSCABHAYAPURIODH_BGG ABHAYAPURI,0,0.0,3.92,3.92,Ignore
SAMBAODH_SMB SAMBA,0,0.0,3.92,3.92,Ignore
"VAVVAKKAVU, KARUNAGAPPALLY, KERALA",0,0.0,3.91,3.91,Ignore
CHAMPAHUB_CMP CHAMPA,0,0.0,3.9,3.9,Ignore
RUSHIKA HOME HOSUR,0,0.0,3.9,3.9,Ignore
SHAHJAHANPURHUB_SJH SHAHJAHANPUR,0,0.0,3.9,3.9,Ignore
AJAY KUMAR KANGRA,0,0.0,3.9,3.9,Ignore
UPADHYAY MUMBAI,0,0.0,3.89,3.89,Ignore
MANGAONHUB_MAN MANGAON,0,0.0,3.89,3.89,Ignore
PALANI ANDAVAR KARUR,0,0.0,3.89,3.89,Ignore
PKCORPORATEBHADRACHALAMODH_BDM,0,0.0,3.89,3.89,Ignore
HALOLHUB_HLL HALOL,0,0.0,3.89,3.89,Ignore
"SHAHPUR CHOWK, DALTONGANJ, JHARKHAND",0,0.0,3.89,3.89,Ignore
CHANDIGARHSEC38HUB_CHD,0,0.0,3.89,3.89,Ignore
HINDOLMDH_DKN ANGUL,0,0.0,3.88,3.88,Ignore
SAHARANPUR HUB SAHARANPUR,0,0.0,3.68,3.88,Ignore
VRINDAVANHUB_MTH MATHURA,0,0.0,3.88,3.88,Ignore
RAJEEV BOBY DHARAMASALA,0,0.0,3.87,3.87,Ignore
MANDIHUB_MNI,0,0.0,1.64,3.87,Ignore
ELASTICRUNSHIRPURODH_SRP SHIRPUR,0,0.0,3.87,3.87,Ignore
KAUSHAL KUMAR KIRANA GHAZIABAD,0,0.0,3.86,3.86,Ignore
TARUN PRAKASH MDA KIRANA STORE MORADABAD,0,0.0,3.86,3.86,Ignore
"JAMMU, JAMMU AND KASHMIR, IN",0,0.0,3.82,3.85,Ignore
ARWAL,0,0.0,3.85,3.85,Ignore
MUKTSARHUB_MKT MUKTSAR,0,0.0,3.2,3.85,Ignore
KAILASH BAIRWA JAIPUR,0,0.0,3.84,3.84,Ignore
AMRITSAR (AMRT),0,0.0,3.84,3.84,Ignore
SANDEEP SISODIYA STORE NEW DELHI,0,0.0,3.84,3.84,Ignore
GIDDALURHUB_GDR GIDDALUR,0,0.0,3.83,3.83,Ignore
"GIDC SAVLI, GUJARAT, IN",0,0.0,3.82,3.82,Ignore
SIRSAGANJHUB_SRS SIRSAGANJ,0,0.0,3.82,3.82,Ignore
BUDHVIHARHUB_DEL,0,0.0,2.32,3.82,Ignore
LOADSHAREALAMGANJODH_DBB DHUBRI,0,0.0,3.82,3.82,Ignore
MRJHUB_SNG,0,0.0,3.81,3.81,Ignore
PHOOLTALAHUB_KOL KOLKATA,0,0.0,3.81,3.81,Ignore
"JODHPUR, RAJASTHAN, IN",0,0.0,3.81,3.81,Ignore
RJSCJOWAIODH_JWA,0,0.0,3.8,3.8,Ignore
CUNNIGHAMROADHUB_BLR BANGALORE,0,0.0,3.57,3.8,Ignore
"ANGARA, TATISILWAY, JHARKHAND",0,0.0,3.79,3.79,Ignore
"KAMBADUR, KAMBADUR, ANDHRA PRADESH",0,0.0,3.79,3.79,Ignore
SIKANDRAHUB_AGR AGRA,0,0.0,3.78,3.78,Ignore
BYNDOORHUB_BYN 0,0,0.0,2.35,3.78,Ignore
SIXMILE HUB GUWAHATI,0,0.0,3.78,3.78,Ignore
GAMPALAGUDEMHUB_GPG KRISHNA,0,0.0,2.43,3.78,Ignore
KALBURAGINORTHHUB_GUL GULBARGA,0,0.0,1.77,3.78,Ignore
SAMEER COURIER MUMBAI,0,0.0,3.77,3.77,Ignore
KOUNDAMPALAYAMHUB_CJB,0,0.0,3.77,3.77,Ignore
GANDIKOTA KEERTHI ELURU,0,0.0,2.15,3.76,Ignore
SUVANKAR CHOWDHURY ALIPORE,0,0.0,3.76,3.76,Ignore
DIGRAWSMDH_DIG DIGRA,0,0.0,3.75,3.75,Ignore
DOSARKAHUB_DOS DOSARKA,0,0.0,3.75,3.75,Ignore
SIVAKASI HUB SIVAKASI,0,0.0,3.74,3.74,Ignore
IDENTIFYPLUSUPLETAODH_UPL UPLETA,0,0.0,2.41,3.73,Ignore
ALIPUR HUB,0,0.0,3.73,3.73,Ignore
MEHUL RAVAL NADIAD,0,0.0,3.73,3.73,Ignore
GANGA DEVI SUDH BHOJNALAY HISAR,0,0.0,3.73,3.73,Ignore
ADALAJODH_ADL GANDHINAGAR,0,0.0,3.72,3.72,Ignore
MARATHAHALLIHUB_BLR BANGALORE,0,0.0,2.08,3.72,Ignore
NARENDER GENERAL STORE ROHTAK,0,0.0,3.71,3.71,Ignore
REPALLEHUB_RPL,0,0.0,3.71,3.71,Ignore
IDENTIFYPLUSBANDIKUIODH_BND BANDIKUI,0,0.0,3.7,3.7,Ignore
ROHIT ENTERPRISES PANVEL,0,0.0,3.7,3.7,Ignore
BAISIMDH_KNE PURNIA,0,0.0,3.7,3.7,Ignore
MACOSA MOBILE SHOP CUTTACK,0,0.0,3.7,3.7,Ignore
RUPNAGAR HUB RUPNAGAR,0,0.0,2.63,3.7,Ignore
PUTTAPARTHIMDH_PUT PUTTAPARTHI,0,0.0,3.69,3.69,Ignore
SEWRIHUB_MUM MUMBAI,0,0.0,2.76,3.69,Ignore
KARUNAGAPALLIHUB_KUI,0,0.0,3.41,3.69,Ignore
GEORGETOWN HUB ALLAHABAD,0,0.0,3.68,3.68,Ignore
ELASTICRUNSAMBALPURODH_SBP SAMBALPUR,0,0.0,2.6,3.68,Ignore
CHINSURAH,0,0.0,3.68,3.68,Ignore
MALOTH PAVANI KIRANA MAHABUBABAD,0,0.0,3.68,3.68,Ignore
JANTA IRON WORKS VADODARA,0,0.0,3.68,3.68,Ignore
"JAGDISHPUR, JAGDISHPUR, UTTAR PRADESH",0,0.0,3.68,3.68,Ignore
DASUAHUB_DSU,0,0.0,1.54,3.67,Ignore
HAYATPURMDH_HYT,0,0.0,3.67,3.67,Ignore
HIMMATNAGARHUB_HMT HIMMATNAGAR,0,0.0,3.11,3.67,Ignore
REWALSARMDH_REW REWALSAR,0,0.0,3.67,3.67,Ignore
BUXARHUB_BXR BUXAR,0,0.0,3.66,3.66,Ignore
KANNUR HUB KANNUR,0,0.0,1.63,3.66,Ignore
SHANU STORE BAREILLY,0,0.0,3.66,3.66,Ignore
JINTURMDH_JIN JINTU,0,0.0,3.65,3.65,Ignore
KHAMMAM HUB 0,0,0.0,3.58,3.65,Ignore
BD ENGINEERS FARIDABAD,0,0.0,3.65,3.65,Ignore
KARUMATAMPATTYHUB_KUM KARUMATAMPATTY,0,0.0,2.69,3.65,Ignore
AMBADODH_NSK NASHIK,0,0.0,1.77,3.65,Ignore
DESAIGANJMDH_DES DESAI,0,0.0,3.16,3.64,Ignore
SANKAR TRADERS PALLIPAT,0,0.0,3.64,3.64,Ignore
WADAKKANCHERRYHUB_WAD WADAKKANCHERRY,0,0.0,3.64,3.64,Ignore
GUNTAKALHUB_GTL GUNTAKAL,0,0.0,3.63,3.63,Ignore
SRINAGARHUBTEMP_SRG SRINAGAR,0,0.0,3.63,3.63,Ignore
ANJARAKANDYHUB_ANJ THALASSERY,0,0.0,3.62,3.62,Ignore
COIMBATORE E TAIL CPU,0,0.0,0.66,3.62,Ignore
ABHI KIRANA ROORKEE,0,0.0,3.6,3.6,Ignore
"GANDHINAGAR, GUJARAT, IN",0,0.0,3.59,3.59,Ignore
SHADOWFAXKARERAODH_KRA KARERA,0,0.0,3.58,3.58,Ignore
KUCHE PAPER MILL AURANGABAD,0,0.0,3.57,3.57,Ignore
ELASTICRUNJUBLIEEHILLSODH_HYD HYDERABAD,0,0.0,2.36,3.57,Ignore
ETASHDIBRUGARHODH_DIB DIBRUGARH,0,0.0,3.56,3.56,Ignore
NARELAHUB_DEL DELHI,0,0.0,3.56,3.56,Ignore
ELASTICRUNKESHODODH_KSD KESHOD,0,0.0,3.55,3.55,Ignore
AURANGABAD BR,0,0.0,3.55,3.55,Ignore
IDENTIFYPLUSDARBHANGASPLITODH_DBG DARBHANGA,0,0.0,3.54,3.54,Ignore
KANGRAHUB_KGR KANGRA,0,0.0,3.54,3.54,Ignore
"NUZVID, ANDHRAPRADESH, IN",0,0.0,3.54,3.54,Ignore
MURADNAGARHUB_MDN,0,0.0,3.53,3.53,Ignore
IDENTIFYPLUSMANKAPURODH_MNK MANKAPUR GONDA,0,0.0,3.53,3.53,Ignore
MARATHAHALLIHUBTEMP_BLR BANGALORE,0,0.0,3.53,3.53,Ignore
"NGP/RTO, NAGPUR, MAHARASHTRA",0,0.0,3.52,3.53,Ignore
RANJEETAVENUEHUB_ATQ,0,0.0,2.51,3.53,Ignore
IDENTIFYPLUSMANGROLODH_MGL MANGROL,0,0.0,2.66,3.52,Ignore
"HOSKOTE, KARNATAKA, IN",0,0.0,2.86,3.52,Ignore
RAJENDRAPARKHUB_DEL,0,0.0,3.14,3.51,Ignore
SURAT HUB SURAT,0,0.0,3.51,3.51,Ignore
ISLAMPURHUB_SNG SANGLI,0,0.0,3.5,3.5,Ignore
AJWAHUB_BDQ,0,0.0,2.04,3.5,Ignore
KARIMANNOOROSH_KAR KARIMANOOR,0,0.0,3.5,3.5,Ignore
PENNABETAMCHERLAODH_BTM KURNOOL,0,0.0,3.5,3.5,Ignore
THENJIPALAMHUB_TJI,0,0.0,2.35,3.49,Ignore
"JAGDALPUR, CHATTISGARH, IN",0,0.0,3.35,3.49,Ignore
BHATINDAHUBTEMP_BUP BHATINDA,0,0.0,3.48,3.48,Ignore
"KANTH, KANTH, UTTAR PRADESH",0,0.0,3.46,3.48,Ignore
CHOUMUHUB_JAI,0,0.0,3.47,3.47,Ignore
MARUTI STORE BHUBANESWAR,0,0.0,3.47,3.47,Ignore
UJJAIN HUB,0,0.0,2.0,3.46,Ignore
KANAKAPURAMDH_RMG KANAKPURA,0,0.0,3.46,3.46,Ignore
CABTSAMROLICHIKHLIODH_CHK CHIKHLI,0,0.0,2.03,3.46,Ignore
HAU,0,0.0,3.25,3.45,Ignore
MOTIPURMDH_MZF MUZAFFARPUR,0,0.0,3.45,3.45,Ignore
HOSHANGABADHUB_HGB HOSHANGABAD,0,0.0,3.26,3.44,Ignore
RAJNANDGAONHUB_RJN,0,0.0,2.81,3.44,Ignore
SHEPAHIJHURITEODH_IXS PATHARKANDI,0,0.0,3.44,3.44,Ignore
LOADSHAREYAKUBNAGARMDH_YKB SHAHJHANPUR,0,0.0,3.44,3.44,Ignore
KATKONAODH_KAT MANENDRAGARH,0,0.0,1.91,3.44,Ignore
NARSINGHPURHUB_NAR NARSINGHPUR,0,0.0,3.44,3.44,Ignore
SITAPURHUB_SIT,0,0.0,3.44,3.44,Ignore
"TIRUPPUR, TAMIL NADU, IN",0,0.0,3.44,3.44,Ignore
ANNAPURNASONAIODH_SNI SONAI,0,0.0,3.29,3.43,Ignore
KALMESHWARMDH_KML KALMESHWAR,0,0.0,2.17,3.4,Ignore
"AGRA, UTTAR PRADESH, IN",0,0.0,3.4,3.4,Ignore
"CUDDALORE, TAMIL NADU, IN",0,0.0,3.39,3.39,Ignore
ELASTICRUNKHARIARODH_KHR KHARIAR,0,0.0,3.39,3.39,Ignore
C D SONUDAS HOME THRISSUR,0,0.0,3.39,3.39,Ignore
SAVITA GUPTA VASAI,0,0.0,2.54,3.39,Ignore
KANJHAWALAHUB_DEL DELHI,0,0.0,2.94,3.39,Ignore
CHANNARAYAPATNAHUB_CRP CHANNARAYAPATNA,0,0.0,3.38,3.38,Ignore
SREERAG HOME ALAPPUZHA,0,0.0,3.38,3.38,Ignore
JAGATBALLAVPUR,0,0.0,2.85,3.38,Ignore
"PIMPRI CHINCHWAD, MAHARASHTRA, IN",0,0.0,3.37,3.37,Ignore
HURAMDH_HUA HURA,0,0.0,3.36,3.36,Ignore
"NAWADA1, NAWADA, BIHAR",0,0.0,3.24,3.36,Ignore
SHARAD JANRAL STORE TALODA DHULE,0,0.0,3.19,3.36,Ignore
BANGURSIAMDH_BAS,0,0.0,3.36,3.36,Ignore
HOODIHUBTEMP_BLR BENGALURU,0,0.0,3.35,3.35,Ignore
AAJ RATHINAM TUTICORIN,0,0.0,3.35,3.35,Ignore
GAYATHRI STORE DINDIGUL,0,0.0,3.35,3.35,Ignore
BACHUPALLY PUD CENTRE,0,0.0,3.35,3.35,Ignore
FEROZEPUR JALALPUR,0,0.0,3.24,3.34,Ignore
BALRAM STORE BHOPAL,0,0.0,3.33,3.33,Ignore
AJITSINH ADANI KIRANA GANDHINAGAR,0,0.0,3.33,3.33,Ignore
RAJPURAHUB_RAA RAJPURA,0,0.0,3.33,3.33,Ignore
DABRAHUB_DAB,0,0.0,3.33,3.33,Ignore
KARUR HUB KARUR,0,0.0,2.91,3.32,Ignore
LIBRAMDH_LBR LIBRA,0,0.0,3.32,3.32,Ignore
DARSHAN DUBE KHANDWA,0,0.0,2.19,3.32,Ignore
CHENGALPATTUHUB_CHN CHENNAI,0,0.0,3.32,3.32,Ignore
"BAWANI KHERA, BAWANI KHERA, HARYANA",0,0.0,3.31,3.31,Ignore
APCOLONYMDH_GAY GAYA,0,0.0,3.31,3.31,Ignore
"UDAIPUR, RAJASTHAN, IN",0,0.0,3.31,3.31,Ignore
TTSPLSHAHPURODH_SAH SHAHPUR,0,0.0,3.12,3.3,Ignore
JASWINDER FAST FOOD BARNALA,0,0.0,3.3,3.3,Ignore
SASALATHURODH_ALT ALATHUR,0,0.0,2.65,3.3,Ignore
ELASTICRUNRAEBARELIODH_RBY,0,0.0,3.3,3.3,Ignore
ASHWANI KUMAR PATNA,0,0.0,3.29,3.29,Ignore
CABTSAVNERODH_SVR SAVNER,0,0.0,1.54,3.28,Ignore
CABTINKOLLUODH_INK PRAKASAM,0,0.0,3.28,3.28,Ignore
GHODBUNDER HUB,0,0.0,2.44,3.27,Ignore
MUKHERJEENAGARHUB_DEL,0,0.0,0.13,3.26,Ignore
SITICSNAWABGANJODH_NWB ALLAHABAD,0,0.0,3.25,3.25,Ignore
JATARAMDH_JTR JATARA,0,0.0,3.25,3.25,Ignore
CABTVITTLAMDH_VIT VITTLA,0,0.0,2.05,3.25,Ignore
ALEEPPEY HUB,0,0.0,3.02,3.24,Ignore
AHMADPURHUB_AHM AHMADPUR,0,0.0,3.24,3.24,Ignore
ROSHAN ENTERPRISES GUNA,0,0.0,3.23,3.23,Ignore
PEHOWAHUB_PEH PEHOWA,0,0.0,3.23,3.23,Ignore
TIRUPURNORTHHUB_TPR,0,0.0,2.6,3.23,Ignore
AFEEMKOTHIHUB_KNU KANPUR,0,0.0,3.22,3.22,Ignore
BIVIN S HME RFK TRIVANDRUM,0,0.0,3.22,3.22,Ignore
KONNAGARHUB_KOG KONNAGAR,0,0.0,3.22,3.22,Ignore
SASCHEMBRASSERIODH_CSR,0,0.0,2.35,3.22,Ignore
TADAHUB_TDA,0,0.0,3.22,3.22,Ignore
"JAGRAON, JAGRAON, PUNJAB",0,0.0,3.22,3.22,Ignore
TTSPLKOVILPATTIODH_KVL KOVILPATTI,0,0.0,2.87,3.21,Ignore
KOLLAM HUB,0,0.0,1.81,3.21,Ignore
GEETA NEW DELHI,0,0.0,3.2,3.2,Ignore
FATEHABADHUB_FHB FATEHABAD,0,0.0,2.61,3.2,Ignore
CABTHALDIBARIODH_HAL JALPAIGURI,0,0.0,3.2,3.2,Ignore
BARRAHUB_KNU,0,0.0,3.19,3.19,Ignore
GAURISAGARMDH_SBS GAURISAGAR,0,0.0,3.19,3.19,Ignore
GODHRA HUB,0,0.0,0.65,3.19,Ignore
KHAIRHUB_ALG ALIGARH,0,0.0,3.18,3.18,Ignore
BAHADURGARHHUB_BHD,0,0.0,3.18,3.18,Ignore
GAJENDRA RAMAMOORTHY THANJAVUR,0,0.0,3.17,3.17,Ignore
VERNA HUB,0,0.0,3.17,3.17,Ignore
AZMATGARH,0,0.0,1.9,3.17,Ignore
JHUMRITELAIYAHUB_KQR,0,0.0,2.55,3.17,Ignore
AGIAONMDH_JHD ARRAH,0,0.0,3.16,3.16,Ignore
THITTAKUDIHUB_THK CUDDALORE,0,0.0,3.16,3.16,Ignore
BELMANHUB_MPL MANIPAL,0,0.0,3.15,3.15,Ignore
RAMAROADHUB_DEL,0,0.0,0.29,3.15,Ignore
JV ENTERPRICES PONDICHERRY,0,0.0,3.14,3.14,Ignore
CABTSELUODH_SLU SELU,0,0.0,2.24,3.13,Ignore
VEDARANYAMMDH_VDM VEDARANYAM,0,0.0,1.99,3.12,Ignore
CHAKURHUB_CKR,0,0.0,3.11,3.11,Ignore
PALACODEHUB_DMP,0,0.0,3.11,3.11,Ignore
VINAYNAGARHUB_GWL GWALIOR,0,0.0,3.11,3.11,Ignore
PALIBIRSINGHMDH_PLB PALIBIRSINGH,0,0.0,3.11,3.11,Ignore
"SIDDIPET, TELANGANA, IN",0,0.0,3.1,3.1,Ignore
PAOTAMDH_PAO PAOTA,0,0.0,3.1,3.1,Ignore
YOGESH KUMAR DIVAKAR GURGAON,0,0.0,3.1,3.1,Ignore
CABTSONGADHODH_SDH SONGADH,0,0.0,3.09,3.09,Ignore
CS LOGISTICS SANGAREDDY,0,0.0,3.08,3.08,Ignore
GACHIBOWLIHUB_HYD,0,0.0,2.57,3.07,Ignore
"HAZIRA, SURAT, GUJARAT",0,0.0,3.06,3.06,Ignore
RUDAIGIRIMDH_RUG RUDAYAGIRI,0,0.0,3.06,3.06,Ignore
ASHRAMHUB_DEL,0,0.0,0.35,3.06,Ignore
BAIRGANIAMDH_SMI CHAINPUR,0,0.0,3.06,3.06,Ignore
ABHISHEK COFFEE SHOP GWALIOR,0,0.0,3.05,3.05,Ignore
TIRORAHUB_TRA TIRORA,0,0.0,3.05,3.05,Ignore
KALMESHWARMDH_KML,0,0.0,3.05,3.05,Ignore
VARKALAHUB_VKL TRIVANDRUM,0,0.0,2.15,3.04,Ignore
SASKODUNGALLURODH_KLL KODUNGALLUR,0,0.0,2.6,3.04,Ignore
PURIHUB_PUR,0,0.0,3.04,3.04,Ignore
ELASTICRUNPARAVURODH_PRV NORTH PARAVUR,0,0.0,1.63,3.04,Ignore
"HAMIRPUR, HIMACHAL PRADESH, IN",0,0.0,3.03,3.03,Ignore
SIVAGANGAIHUB_SAI,0,0.0,3.03,3.03,Ignore
LIBRA,0,0.0,3.01,3.01,Ignore
THIRUVERUMBUR HUB,0,0.0,1.82,3.01,Ignore
MAHNARHUB_VAS VAISHALI,0,0.0,3.0,3.0,Ignore
ALIGANJ HUB,0,0.0,2.41,2.99,Ignore
ELASTICRUNNAYARAIPURODH_NYR,0,0.0,2.99,2.99,Ignore
NITYA STORE NEW DELHI,0,0.0,2.99,2.99,Ignore
SHARAFAT KIRANA STORE SAHARANPUR,0,0.0,2.99,2.99,Ignore
JAMTARAHUB_JMT NIRSA,0,0.0,2.98,2.98,Ignore
ANNAPURNAASANSOLSPLITODH_ASN ASANSOL,0,0.0,1.84,2.96,Ignore
BILASPURHPHUB_BUR BILASPUR,0,0.0,2.22,2.96,Ignore
ELATHURHUB_ELA NADAKAVU,0,0.0,2.11,2.96,Ignore
BURHARHUB_BRH,0,0.0,2.95,2.95,Ignore
LEMOORHUB_LMR,0,0.0,2.95,2.95,Ignore
"BILASPUR, CHHATTISGARH, IN",0,0.0,2.93,2.94,Ignore
KUSHAN WORKS PUNE,0,0.0,2.94,2.94,Ignore
"RAJNANDGAON, CHHATTISGARH, IN",0,0.0,2.94,2.94,Ignore
LARGELOGICPETTAIODH_TVL TIRUNELVELI,0,0.0,2.94,2.94,Ignore
REVA SUPAR MART PORBANDAR,0,0.0,2.94,2.94,Ignore
BIDARFORTHUB_BDR,0,0.0,2.93,2.93,Ignore
HANAMKONDA HUB,0,0.0,2.62,2.93,Ignore
DEWANDIGHIHUB_BDM,0,0.0,2.21,2.93,Ignore
DEGLURHUB_DGL DEGLUR,0,0.0,2.93,2.93,Ignore
NAMCHIHUB_NMI,0,0.0,2.89,2.93,Ignore
JB MOBILE STORE BAGALKOT,0,0.0,2.92,2.92,Ignore
SHERKHIBACHAUODH_BAC,0,0.0,2.81,2.92,Ignore
ELASTICRUNCHANDRASEKHARPURODH_BBI BHUBANESWAR,0,0.0,2.92,2.92,Ignore
KARIMPURODH_KAR,0,0.0,2.91,2.91,Ignore
C H STORE ANAND,0,0.0,2.91,2.91,Ignore
ROHIT STORE NEW DELHI,0,0.0,2.91,2.91,Ignore
NOWROZABADMDH_NWR NOWROZABAD,0,0.0,2.91,2.91,Ignore
BAGODARODH_PNM,0,0.0,2.9,2.9,Ignore
ALAKH BHUJ,0,0.0,2.9,2.9,Ignore
PORVORIM HUB,0,0.0,2.9,2.9,Ignore
SALEM - SAL,0,0.0,2.9,2.9,Ignore
VXPRESSSAYALODH_SAY,0,0.0,2.89,2.89,Ignore
BKC HUB MUMBAI,0,0.0,1.97,2.89,Ignore
BHATINDA HUB,0,0.0,2.88,2.88,Ignore
PARWANOOMDH_PRW PARWANOO,0,0.0,2.88,2.88,Ignore
YOGESH HOME BANGALORE,0,0.0,2.88,2.88,Ignore
BHOLA STORE NEW DELHI,0,0.0,2.33,2.88,Ignore
NADIADHUB_AMD,0,0.0,2.88,2.88,Ignore
RUDRA ENTERPRISES RAIGARH(MH),0,0.0,2.88,2.88,Ignore
HARITHA(HOME) KOZHIKODE,0,0.0,2.88,2.88,Ignore
RAJAPALAYAMHUB_RJPM VIRUDHUNAGAR,0,0.0,2.87,2.87,Ignore
CHANDANNAGAR HUB,0,0.0,2.87,2.87,Ignore
RAIGANJHUB_RGJ,0,0.0,2.87,2.87,Ignore
DARYAGANJHUB_DEL,0,0.0,0.33,2.87,Ignore
SRIVILLIPUTHURHUB_SVPR VIRUDHUNAGAR,0,0.0,1.81,2.87,Ignore
RFK BIKASH LOGISTICK DEOGHAR,0,0.0,2.86,2.86,Ignore
MANISH ENTERPRISES PATNA,0,0.0,2.86,2.86,Ignore
CHINHATHUB_LKO,0,0.0,2.86,2.86,Ignore
MOGAHUB_MOG MOGA,0,0.0,2.04,2.85,Ignore
SONAM SHARMA GAUTAM BUDDHA NAGAR,0,0.0,2.85,2.85,Ignore
G. UDAYAGIRI,0,0.0,2.85,2.85,Ignore
IDENTIFYPLUSBASKHARIODH_FZB BASKHARI AMBEDKAR NAGAR,0,0.0,2.85,2.85,Ignore
RJSCITANAGARSPLITODH_ITO ITANAGAR,0,0.0,1.58,2.84,Ignore
MD MUNNA MOTIHARI,0,0.0,2.84,2.84,Ignore
ATELIMDH_ATL NARNAUL,0,0.0,2.84,2.84,Ignore
LARGELOGICTORRURODH_TRR THORRUR,0,0.0,2.84,2.84,Ignore
MIAMITR_ALW ALWAR,0,0.0,2.83,2.83,Ignore
BAJPEHUB_IXE,0,0.0,2.82,2.82,Ignore
RAHUL DISK WORLD MYSORE,0,0.0,2.82,2.82,Ignore
CABTMAINPURIODH_MNP MAINPURI,0,0.0,2.81,2.81,Ignore
LOADSHAREDHULAGARHODH_KOL,0,0.0,2.81,2.81,Ignore
CALICUTHUB,0,0.0,2.81,2.81,Ignore
GOBICHETTIPALAYAMHUB_GOB GOBICHETTIPALAYAM,0,0.0,2.44,2.81,Ignore
GULBARGA HUB,0,0.0,2.17,2.8,Ignore
HUNSURHUB_HUN HUNSUR,0,0.0,2.8,2.8,Ignore
KARJANHUB_KJN KARJAN,0,0.0,2.45,2.8,Ignore
KILOKARI HUB,0,0.0,2.8,2.8,Ignore
SITICSGOKAKODH_GKK,0,0.0,2.61,2.79,Ignore
ADENSMANAODH_SMN PATIALA,0,0.0,2.79,2.79,Ignore
BOKAJANHUB_SZR,0,0.0,2.79,2.79,Ignore
NEERAJ KUMAR KIRANA GAUTAM BUDDHA NAGAR,0,0.0,2.2,2.79,Ignore
PASHANODH_PUNE PUNE,0,0.0,2.12,2.78,Ignore
THAKURMUNDA,0,0.0,1.69,2.78,Ignore
RAJESH KIRANA NEW DELHI,0,0.0,2.69,2.77,Ignore
KAITHALHUB_KTL KAITHAL,0,0.0,1.22,2.77,Ignore
VERKAODH_ATQ,0,0.0,2.76,2.76,Ignore
RAJJAN STORE NEW DELHI,0,0.0,2.76,2.76,Ignore
JARHI,0,0.0,2.76,2.76,Ignore
"PERUMBAVOOR, KERALA, IN",0,0.0,2.76,2.76,Ignore
ROSERAHUB_ROA,0,0.0,2.75,2.75,Ignore
SADABADMDH_HTH,0,0.0,2.75,2.75,Ignore
ASHOKNAGARHUB_AKN,0,0.0,2.75,2.75,Ignore
"SAMASTIPUR, BIHAR, IN",0,0.0,2.74,2.74,Ignore
ELASTICRUNRAJAMPETODH_RJM RAJAMPET,0,0.0,2.74,2.74,Ignore
KNOWLEDGE ENTERPRISES MANGALORE,0,0.0,2.25,2.74,Ignore
USTIMDH_DDH DIAMONDHARBOUR,0,0.0,2.74,2.74,Ignore
BHIMA STORE BANGALORE,0,0.0,2.74,2.74,Ignore
CABTLALGANJODH_LAL LALGANJ,0,0.0,2.74,2.74,Ignore
MUNGERCITYHUB_MCT MUNGER,0,0.0,2.73,2.73,Ignore
MAHBUBNAGARHUB_MBN MAHBUBNAGAR,0,0.0,2.73,2.73,Ignore
SHADOWFAXGOSABAMDH_GOS GOSABA,0,0.0,2.73,2.73,Ignore
SURYAPETHUB_SPT SURYAPET,0,0.0,2.73,2.73,Ignore
ALIBAGHUB_ABG,0,0.0,2.72,2.72,Ignore
MALANG ENTERPRISE JAM JODHPUR,0,0.0,2.72,2.72,Ignore
ITARSIHUB_ITR ITARSI,0,0.0,1.6,2.72,Ignore
BAGALURMDH_BGR KRISHNAGIRI,0,0.0,2.72,2.72,Ignore
BHAVNAGARHUB,0,0.0,2.72,2.72,Ignore
BANTU KIRANA STORE ETAH,0,0.0,2.71,2.71,Ignore
BIKANER HUB BIKANER,0,0.0,2.32,2.7,Ignore
PEELAMEDU HUB,0,0.0,1.58,2.69,Ignore
GURUKRUPA KIRANA STORE NANDURBAR,0,0.0,2.68,2.68,Ignore
BHIWANI HUB,0,0.0,2.68,2.68,Ignore
HUKKERIHUB_HKR HUKKERI,0,0.0,2.68,2.68,Ignore
BOSS MOBILES PONDICHERRY,0,0.0,2.67,2.67,Ignore
KATHUAHUB_KTH,0,0.0,2.66,2.66,Ignore
AMBALAPPUZHAHUB_APZ ALLEPPEY,0,0.0,2.65,2.65,Ignore
KOLKATA E-TAIL WAREHOUSE,0,0.0,2.5,2.65,Ignore
TTSPLSATHYAMANGALAMODH_STY SATHYAMANGALAM,0,0.0,2.64,2.64,Ignore
RJSCLUNGLEIODH_LGL LUNGLEI,0,0.0,2.51,2.64,Ignore
PALA HUB,0,0.0,2.09,2.61,Ignore
DELFASTTHIRUVURUODH_THV TIRUVURU,0,0.0,1.86,2.61,Ignore
SURAJ DELIVERY WORK FARIDABAD,0,0.0,2.61,2.61,Ignore
"BARABANKI, UTTAR PRADESH, IN",0,0.0,2.61,2.61,Ignore
NEMOMHUB_NEM TRIVANDRUM,0,0.0,2.26,2.6,Ignore
DHL LOGISTIC LTD,0,0.0,2.53,2.6,Ignore
"SATARA, MAHARASHTRA, IN",0,0.0,2.6,2.6,Ignore
CABTSAMROLICHIKHLIODH_CHK,0,0.0,2.24,2.6,Ignore
NIHARIKA LOGISTICS BHADRAK,0,0.0,2.59,2.59,Ignore
ANCHAL TIWARI ALLAHABAD,0,0.0,2.59,2.59,Ignore
KARAWALNAGARHUB_DEL,0,0.0,2.59,2.59,Ignore
AREPALLYODH_APY AREPALLY,0,0.0,2.59,2.59,Ignore
MANGAONHUB_MAN,0,0.0,2.58,2.58,Ignore
DEVAKOTTAIHUB_DKO SIVAGANGA,0,0.0,2.58,2.58,Ignore
ATEEQUE SAYYED ENTERPRISE AMBERNATH,0,0.0,2.57,2.57,Ignore
RAJAN STORE FARIDABAD,0,0.0,2.56,2.56,Ignore
IDENTIFYPLUSNAUTANWAODH_NTN NAUTANWA MAHARAJGANJ,0,0.0,2.56,2.56,Ignore
PETTA_PEA,0,0.0,1.72,2.56,Ignore
RAHUL R HOME KOLLAM,0,0.0,2.56,2.56,Ignore
MA ASHAPURA NAKHATRANA,0,0.0,2.56,2.56,Ignore
"SULTANPUR, UTTAR PRADESH, IN",0,0.0,2.56,2.56,Ignore
BHUPESH STORE NEW DELHI,0,0.0,2.55,2.55,Ignore
ADARSHNAGARHUB_AJM,0,0.0,2.55,2.55,Ignore
HARIHARHUB_HRR HARIHAR,0,0.0,2.54,2.54,Ignore
LOADSHARELALBAGHODH_MBB LALBAGH,0,0.0,2.15,2.54,Ignore
TTSPLRAMANODH_PNJ,0,0.0,2.54,2.54,Ignore
SRI DEVI AUTO CONSULTANT & TRAVELS KRISHNAGIRI,0,0.0,2.53,2.53,Ignore
HARINAVIHUB_KOL,0,0.0,2.52,2.52,Ignore
SIHORAHUB_SIH SIHORA,0,0.0,1.65,2.52,Ignore
MATIHANIMDH_MTH BEGUSARAI,0,0.0,2.51,2.51,Ignore
SAROORNAGARHUB_HYD,0,0.0,0.7,2.51,Ignore
PHAGWARAHUB_MITR_LPU PHAGWARA,0,0.0,2.5,2.5,Ignore
JIGAR ENTERPRISES MAHESANA,0,0.0,2.5,2.5,Ignore
"BHAVNAGAR, GUJARAT, IN",0,0.0,2.5,2.5,Ignore
SULLIAHUB_SUL SULLIA,0,0.0,2.5,2.5,Ignore
KOTTAYAM HUB KOTTAYAM,0,0.0,2.12,2.5,Ignore
WHEELEYBHATAPARAODH_BHT BHATAPARA,0,0.0,2.5,2.5,Ignore
SASKUNHIMANGALAMODH_KUN PAYYANUR,0,0.0,2.5,2.5,Ignore
HOSHANGABADHUB_HGB,0,0.0,2.5,2.5,Ignore
BELROADHUB_BLR,0,0.0,1.65,2.49,Ignore
KODUMUDIHUB_KAU ERODE,0,0.0,2.49,2.49,Ignore
CHALLAPALLIHUB_CPL MACHILIPATNAM,0,0.0,2.48,2.48,Ignore
THIRUCHENGODEODH_TCG,0,0.0,2.48,2.48,Ignore
KUNDLIODH_KND KUNDLI,0,0.0,2.48,2.48,Ignore
KARAN KARNAL,0,0.0,2.48,2.48,Ignore
VALIYAVEETTIL HOME ALAPPUZHA,0,0.0,2.48,2.48,Ignore
CHENGAMODH_CGM CHENGAM,0,0.0,2.47,2.47,Ignore
SITICSTHAZHECHOVVAODH_TCV,0,0.0,1.93,2.47,Ignore
HOJAIHUB_HJI HOJAI,0,0.0,2.12,2.47,Ignore
RJSCDIMAPURODH_DPR DIMAPUR,0,0.0,2.46,2.46,Ignore
SAKHERBAZAR HUB,0,0.0,2.46,2.46,Ignore
CABTSIBPURODH_KOL,0,0.0,2.46,2.46,Ignore
GARDENREACHHUB_KOL KOLKATA,0,0.0,2.46,2.46,Ignore
BEENROUTERANNIODH_RAN PATHANAMTHITTA,0,0.0,1.61,2.45,Ignore
BARRACKPORE HUB,0,0.0,2.45,2.45,Ignore
TTSPLKOVILPATTIODH_KVL,0,0.0,2.45,2.45,Ignore
ELASTICRUNGOVERNORPETODH_GOV VIJAYAWADA,0,0.0,1.69,2.45,Ignore
LAXMI STORE NEW DELHI,0,0.0,2.45,2.45,Ignore
KANJOORHUB_ALU,0,0.0,2.1,2.44,Ignore
"REWARI, HARYANA, IN",0,0.0,2.44,2.44,Ignore
IDENTIFYPLUSBASKHARIODH_FZB,0,0.0,2.44,2.44,Ignore
ROYAPURAMHUB_CHN,0,0.0,2.44,2.44,Ignore
MAHANDIPURBALAJIMDH_MHN BRAHMBAD,0,0.0,2.44,2.44,Ignore
UMESH CHANDRA TALGRAM,0,0.0,2.44,2.44,Ignore
JAGATPURAHUB_JAI,0,0.0,2.44,2.44,Ignore
ELASTICRUNJAIPATNAODH_JPN JAIPATNA,0,0.0,1.82,2.43,Ignore
HOLALKEREHUB_HLK,0,0.0,2.43,2.43,Ignore
SRI MUTHALAMMAN LEATH WORKS DINDIGUL,0,0.0,2.43,2.43,Ignore
SULTAN CHHINDWARA,0,0.0,2.42,2.42,Ignore
LAKHNIMDH_LAK LAKHN,0,0.0,2.42,2.42,Ignore
PNPALAYAM HUB COIMBATORE,0,0.0,2.34,2.42,Ignore
NAZIRPURHUB_NZP NAZIRPUR,0,0.0,2.42,2.42,Ignore
TRISSUR HUB,0,0.0,1.55,2.42,Ignore
PANCHAVATIHUB_NSK,0,0.0,2.41,2.41,Ignore
BHEEMUNIPATNAMMDH_VIS VISHAKHAPATNAM,0,0.0,2.41,2.41,Ignore
SS KIRANA STORE PATIALA,0,0.0,2.4,2.4,Ignore
CANACONA HUB CANACONA,0,0.0,2.4,2.4,Ignore
KAHALGAON OFFICE,0,0.0,2.4,2.4,Ignore
"DEL/IB1, DELHI NCR, DELHI",0,0.0,2.4,2.4,Ignore
ANITA STORE GURGAON,0,0.0,2.39,2.39,Ignore
SANQUELIMHUB_GOA PANJIM,0,0.0,2.39,2.39,Ignore
KARUVATTAHUB_KVT,0,0.0,2.39,2.39,Ignore
BELTOLAHUB_GAU GUWAHATI,0,0.0,2.38,2.38,Ignore
SALMABEN STORE BODELI,0,0.0,2.38,2.38,Ignore
BIDADIHUB_BID,0,0.0,2.38,2.38,Ignore
RUPAM RATHAUR NEW DELHI,0,0.0,2.26,2.38,Ignore
AMMU STORE SALEM,0,0.0,2.38,2.38,Ignore
KHAN KIRANA ARNI,0,0.0,2.36,2.36,Ignore
TTSPLBEASODH_BEA BEAS,0,0.0,2.36,2.36,Ignore
BIRPURMDH_SOU FORBISGANJ,0,0.0,1.47,2.36,Ignore
NARGIS NEW DELHI,0,0.0,2.36,2.36,Ignore
ARIYALURHUB_ARI ARIYALUR,0,0.0,2.35,2.35,Ignore
NIKKOUSEETHANGOLIODH_SEE,0,0.0,2.35,2.35,Ignore
MOHIT SAIN KIRANA FAIZABAD,0,0.0,2.35,2.35,Ignore
GARIA HUB,0,0.0,2.35,2.35,Ignore
BHILWARA HUB BHILWARA,0,0.0,1.53,2.35,Ignore
KUDLAHUB_IXE,0,0.0,1.75,2.34,Ignore
HALTU HUB,0,0.0,2.14,2.34,Ignore
THIRUVAIYARUHUB_TVU THANJAVUR,0,0.0,2.14,2.34,Ignore
SHALIMARGARDENHUB_DEL,0,0.0,2.33,2.33,Ignore
CABTDEHRIONSONESPLITODH_DOS DEHRI,0,0.0,2.33,2.33,Ignore
DEVENDRA RAMCHANDRA YADAV JAWHAR,0,0.0,1.65,2.32,Ignore
ELASTICRUNGOVERNORPETODH_GOV,0,0.0,2.32,2.32,Ignore
NARIANGARHHUB_NAR NARIANGARH,0,0.0,1.53,2.32,Ignore
PALWALHUB_PLW PALWAL,0,0.0,2.32,2.32,Ignore
TILDAMDH_TLD BHATAPARA,0,0.0,2.31,2.31,Ignore
BAHRAICHHUB_BAI BAHRAICH,0,0.0,2.31,2.31,Ignore
HARMU HUB RANCHI,0,0.0,2.31,2.31,Ignore
ANAND VIHAR HUB,0,0.0,0.33,2.3,Ignore
KRNAGARAHUB_KRN KR NAGARA,0,0.0,2.3,2.3,Ignore
SUSANTA NATH CUTTACK,0,0.0,2.3,2.3,Ignore
PRINCYKHAMBATODH_KHA AHMEDABAD,0,0.0,2.29,2.29,Ignore
DHARWAD HUB DHARWAD,0,0.0,2.23,2.29,Ignore
RTNAGAR HUB,0,0.0,0.82,2.29,Ignore
SIMRIHUB_SHC,0,0.0,2.28,2.28,Ignore
"KARWAR, KARNATAKA, IN",0,0.0,1.78,2.28,Ignore
PATHANAPURAMHUB_PRM KURISHUM MOOD,0,0.0,2.28,2.28,Ignore
MAHAVIR KIRANA NEW DELHI,0,0.0,2.28,2.28,Ignore
KALIYAPPAN CHENGAM,0,0.0,2.27,2.27,Ignore
ADILABADHUB_ADB ADILABAD,0,0.0,1.41,2.27,Ignore
GURGAON MANESAR HUB,0,0.0,1.31,2.25,Ignore
KHALSHA STORE NEW DELHI,0,0.0,2.25,2.25,Ignore
VICKY GENERAL STORE BAHRAICH,0,0.0,2.25,2.25,Ignore
SIRSAHUB_SRS,0,0.0,1.41,2.25,Ignore
NIRWAN STORE NEW DELHI,0,0.0,2.24,2.24,Ignore
HARIDWAR HUB,0,0.0,2.24,2.24,Ignore
SEWRIHUB_MUM,0,0.0,2.23,2.23,Ignore
"THRISSUR, KERALA, IN",0,0.0,2.23,2.23,Ignore
"SULLURU, ANDHRA PRADESH, IN",0,0.0,2.23,2.23,Ignore
NANDIGRAMHUB_MDN NANDIGRAM,0,0.0,2.22,2.22,Ignore
KANJARHUB_KJR THODUPUZHA,0,0.0,2.21,2.21,Ignore
ELASTICRUNRAEBARELIODH_RBY RAEBAREILI,0,0.0,2.21,2.21,Ignore
PAHARGANJHUB_DEL,0,0.0,0.45,2.2,Ignore
WADRAFNAGARMDH_WAD WADRAFNAGAR,0,0.0,2.2,2.2,Ignore
OKHLA HUB,0,0.0,1.29,2.2,Ignore
PITHAPURAMHUB_PDM EAST GODAVARI,0,0.0,2.19,2.19,Ignore
TINSUKIAHUB_TSK TINSUKIA,0,0.0,2.18,2.18,Ignore
RAMPURAPHULHUB_PHU,0,0.0,2.18,2.18,Ignore
MALUMICHAMPATTIHUB_MUC,0,0.0,1.24,2.18,Ignore
KOLHAPUR HUB,0,0.0,1.19,2.18,Ignore
ELASTICRUNNAYARAIPURODH_NYR NAYA RAIPUR,0,0.0,1.97,2.17,Ignore
ABHISHEK EKART LOGISTICS HAMIRPUR,0,0.0,2.17,2.17,Ignore
CHHIBRAMAUMDH_FRR,0,0.0,2.17,2.17,Ignore
THIROORHUB_TRR,0,0.0,2.17,2.17,Ignore
VIJAYAWADAHUB_VJA,0,0.0,1.44,2.16,Ignore
LOADHAPALAVAODH_MUM MUMBAI,0,0.0,2.11,2.15,Ignore
PRATAPGARHHUB_PTP PRATAPGARH,0,0.0,2.15,2.15,Ignore
GANGANAGARHUB_BLR,0,0.0,2.15,2.15,Ignore
MUNDAKKAYAMOSH_HUB KOTTAYAM,0,0.0,2.15,2.15,Ignore
KASHIPURHUB_KAS,0,0.0,2.15,2.15,Ignore
ELASTICRUNPATANODH_PTN,0,0.0,2.15,2.15,Ignore
HUKAM KIRANA STORE JAIPUR,0,0.0,2.14,2.14,Ignore
SITICSPORTBLAIRODH_PBR HADDO,0,0.0,2.13,2.13,Ignore
MORADABAD HUB MORADABAD,0,0.0,2.12,2.12,Ignore
PARVATHIPURAMHUB_PPM,0,0.0,2.11,2.11,Ignore
NAVSARI HUB,0,0.0,1.7,2.11,Ignore
BHAWANIPUR HUB,0,0.0,2.11,2.11,Ignore
TTSPLAMALNERODH_AMN AMALNER,0,0.0,2.11,2.11,Ignore
KASIBUGGAHUB_KSB,0,0.0,1.35,2.1,Ignore
ELASTICRUNGOKAVARAMODH_GVM EAST GODAVARI,0,0.0,2.1,2.1,Ignore
PANKAJ KIRANA SATARA,0,0.0,2.1,2.1,Ignore
KRISHNA CLOTHE HOUSE BILASPUR,0,0.0,2.09,2.09,Ignore
BIKRAM KHOSLA DAMANJODI,0,0.0,2.08,2.08,Ignore
TTSPLMANDIODH_MDN SUNDER NAGAR,0,0.0,2.08,2.08,Ignore
GANDHI NAGAR HUB,0,0.0,2.03,2.07,Ignore
MANIKONDAHUBTEMP_HYD HYDERABAD,0,0.0,2.07,2.07,Ignore
AMARNATH PRASAD HOME RFK BARKATHA,0,0.0,2.07,2.07,Ignore
LOADSHARESHAHJAHANPURODH_SJP,0,0.0,2.07,2.07,Ignore
KHADAK SINGH KIRANA ROORKEE,0,0.0,2.06,2.06,Ignore
DEEPAK STORE FIROZABAD,0,0.0,2.06,2.06,Ignore
YELLAMANCHILIHUB_YLM,0,0.0,2.06,2.06,Ignore
VASTRALMETROODH_VAS,0,0.0,2.05,2.05,Ignore
KANDANAVOLUHUB_KRN KURNOOL,0,0.0,2.05,2.05,Ignore
EGRAHUB_MDN EGRA,0,0.0,1.98,2.05,Ignore
PENDURTI,0,0.0,2.05,2.05,Ignore
TTSPLABUROADODH_ABU ABUROAD S.O,0,0.0,2.05,2.05,Ignore
LADWAHUB_LAD LADWA,0,0.0,2.05,2.05,Ignore
GIRWA,0,0.0,2.05,2.05,Ignore
GEEDAMODH_GEM DANTEWARA,0,0.0,2.04,2.04,Ignore
BANGURSIAMDH_BAS CHHAL,0,0.0,2.04,2.04,Ignore
MAHAKAL LOGISTICS BAGLI RFK BAGLI,0,0.0,2.04,2.04,Ignore
SHADOWFAXMUDIGEREMDH_MDI CHIKMAGALUR,0,0.0,2.04,2.04,Ignore
ELASTICRUNBIAORAODH_BIA RAJGARH,0,0.0,2.04,2.04,Ignore
KASNANOIDAHUB_DEL,0,0.0,0.16,2.03,Ignore
"CAR/RTO, AMBALA, HARYANA",0,0.0,2.02,2.02,Ignore
BHATTIPROLUHUB_BTP,0,0.0,2.01,2.01,Ignore
VISHAL KUMAR MAURYA GHAZIABAD,0,0.0,2.01,2.01,Ignore
SIURIHUB_SUR,0,0.0,2.01,2.01,Ignore
SONBHADRAHUB_SON SONBHADRA,0,0.0,2.0,2.0,Ignore
SASVADAKKENCHERRYODH_VDY PALAKKAD,0,0.0,2.0,2.0,Ignore
TIRUMANGALAM,0,0.0,2.0,2.0,Ignore
BALLABHGARHHUB_DEL,0,0.0,1.92,1.99,Ignore
AMETHIHUB_AME AMETHI,0,0.0,1.99,1.99,Ignore
BANKRAMDH_KOL KOLKATA,0,0.0,1.99,1.99,Ignore
ATTINGALHUB_AAL,0,0.0,1.96,1.99,Ignore
SARFABADNOIDAHUB_DEL,0,0.0,1.18,1.99,Ignore
THIZAMAMDH_KHM KOHIMA,0,0.0,1.98,1.98,Ignore
ECITYHUB_BLR,0,0.0,1.34,1.98,Ignore
RAVULAPALEMHUB_MDP,0,0.0,1.98,1.98,Ignore
MIDNAPORE HUB,0,0.0,1.97,1.97,Ignore
MURTHAL_MUR,0,0.0,1.97,1.97,Ignore
APSPQRS,0,0.0,1.97,1.97,Ignore
MOTIBAGHHUB_DEL,0,0.0,0.19,1.96,Ignore
JHANDEWALANHUB_DEL,0,0.0,0.32,1.96,Ignore
CHANDRAPRABHA MEERUT,0,0.0,1.95,1.95,Ignore
SUKULIAPARAMDH_TNG UDALGURI,0,0.0,1.95,1.95,Ignore
ATUL BANSAL KARNAL,0,0.0,1.95,1.95,Ignore
SEHAJ BEAUTY PARLOUR NAWANSHAHR,0,0.0,1.94,1.94,Ignore
PATHANIA INFOTECH UNA,0,0.0,1.94,1.94,Ignore
PARSE HI PARDE HAMIRPUR,0,0.0,1.94,1.94,Ignore
JASOLAHUB_DEL,0,0.0,0.96,1.93,Ignore
SASKATTAPPANAODH_KTP,0,0.0,1.93,1.93,Ignore
ANANTHAPURHUB_ATP,0,0.0,1.92,1.92,Ignore
CHAUKAGHATHUB_VNS VARANASI,0,0.0,1.92,1.92,Ignore
GANESH HOME MAYILADUTHURAI,0,0.0,1.91,1.91,Ignore
AIL,0,0.0,1.9,1.91,Ignore
AMBEGAONHUB_AMB,0,0.0,1.9,1.9,Ignore
MADURAI E-TAIL CPU,0,0.0,1.9,1.9,Ignore
VEJALPURHUB_ADI,0,0.0,1.45,1.9,Ignore
JAGPHOOL KIRANA SHOP NEW DELHI,0,0.0,1.9,1.9,Ignore
BALESHWAR HUB BALESHWAR,0,0.0,1.9,1.9,Ignore
BARNALAHUB_BRN BARNALA,0,0.0,1.89,1.89,Ignore
ORANGMDH_ORG,0,0.0,1.89,1.89,Ignore
AMARAVATHIROADHUB_AMT,0,0.0,1.03,1.89,Ignore
HIMMATNAGARHUB_HMT,0,0.0,1.89,1.89,Ignore
TENALIHUB_TNL TENALI,0,0.0,1.89,1.89,Ignore
NIMSMDH_JAI JAIPUR,0,0.0,1.88,1.88,Ignore
GADCHIROLIHUB_GDC GADCHIROLI,0,0.0,1.88,1.88,Ignore
PAIKAMALNEWMDH_BRG BARGARH,0,0.0,1.88,1.88,Ignore
SASMANGALAPURAMODH_MNG,0,0.0,1.79,1.87,Ignore
BAPATLAHUB_BPT,0,0.0,1.87,1.87,Ignore
RASI FOOT WEAR TRICHY,0,0.0,1.87,1.87,Ignore
GADARPURMDH_GSR GADARPUR,0,0.0,1.47,1.87,Ignore
THIMMAPURAMHUB_VTZ,0,0.0,1.86,1.86,Ignore
AMADALAVALASAHUB_SKM,0,0.0,1.86,1.86,Ignore
SARAL ASHOKKUMAR THARANGAMBADI,0,0.0,1.85,1.85,Ignore
SAROYA BEAUTY ZONE HISAR,0,0.0,1.85,1.85,Ignore
SAMAYPURBADLIHUB_DEL,0,0.0,0.32,1.84,Ignore
HAJOHUB_GAU GUWAHATI,0,0.0,1.84,1.84,Ignore
ELASTICRUNAMBAHODH_AMB,0,0.0,1.84,1.84,Ignore
SIKARHUB_SIK SIKAR,0,0.0,1.84,1.84,Ignore
JAI MAA KALKA ENTERPRISES SERVICE LAKHNA,0,0.0,1.83,1.83,Ignore
HALDIA HUB HALDIA,0,0.0,1.83,1.83,Ignore
"GAMHARIA, GAMHARIAJH, JHARKHAND",0,0.0,1.31,1.83,Ignore
MUKESH KUMAR KIRANA NEW DELHI,0,0.0,1.82,1.82,Ignore
KRISHNANAGARHUB_KNJ KRISHNANAGAR,0,0.0,1.82,1.82,Ignore
GANGASARAIMDH_LKR LAKHISARAI,0,0.0,1.82,1.82,Ignore
CABTDEULGAONRAJAODH_DGR DEULGAON RAJA,0,0.0,1.01,1.82,Ignore
DWARKAGUJARATHUB_DWK DWARKA,0,0.0,1.81,1.81,Ignore
MAYILADUTHURAIHUB_MAY MAYILADUTHURAI,0,0.0,1.81,1.81,Ignore
RAMAMUTHYNAGARHUB_BLR,0,0.0,1.81,1.81,Ignore
ELASTICRUNINDOREODH_IDR,0,0.0,1.8,1.8,Ignore
VXPRESSHATIAODH_HTI HATIA,0,0.0,1.79,1.79,Ignore
KMAHIDEVIMDH_KMH DASUYA,0,0.0,1.78,1.78,Ignore
JINDHUB_JND,0,0.0,1.26,1.78,Ignore
BHARAULIMDH_MOH BALLIA,0,0.0,1.78,1.78,Ignore
NILAMBUREHUB_NJB,0,0.0,1.78,1.78,Ignore
CHANDAPURHUB_BLR,0,0.0,1.78,1.78,Ignore
ELASTICRUNKHARIARODH_KHR,0,0.0,1.77,1.77,Ignore
RAJAT RAM RUPNAGAR,0,0.0,1.77,1.77,Ignore
TITWALAHUB_TWL,0,0.0,1.77,1.77,Ignore
GUNDERDEHIHUB_GUN GUNDERDEHI,0,0.0,1.77,1.77,Ignore
KOPPALHUB_KPL,0,0.0,1.76,1.76,Ignore
LOADSHAREPITHORAGARHODH_PTG PITHORAGARH,0,0.0,1.76,1.76,Ignore
"FARIDABAD, DELHI NCR, DELHI",0,0.0,1.76,1.76,Ignore
LESLIGANJMDH_LSG,0,0.0,1.75,1.75,Ignore
BAGHAPURANAHUB_MOG MOGA 1,0,0.0,1.75,1.75,Ignore
MANGOLPURIHUB_DEL,0,0.0,0.19,1.75,Ignore
TTCR,0,0.0,1.75,1.75,Ignore
SITARGANJHUB_SIT SITARGANJ,0,0.0,1.01,1.75,Ignore
IDENTIFYPLUSDERABASSIMDH_DRA,0,0.0,1.74,1.74,Ignore
NEYYATTINKARAHUB_NYY,0,0.0,1.74,1.74,Ignore
ALIPUR HUB DELHI,0,0.0,1.73,1.73,Ignore
KANKEHUB_IXR,0,0.0,1.73,1.73,Ignore
NIKHIL RAJ R HOME TRIVANDRUM,0,0.0,1.73,1.73,Ignore
LALGUDIHUB_LAL,0,0.0,1.73,1.73,Ignore
HARINAVIHUB_KOL KOLKATA,0,0.0,1.73,1.73,Ignore
MSKMILLHUB_GUL,0,0.0,1.72,1.72,Ignore
BARANHUB_BRN BARAN,0,0.0,1.71,1.71,Ignore
INDIQUICK MAJIRI KALAN ALWAR,0,0.0,1.71,1.71,Ignore
LOADSHARECITICENTERODH_DGP,0,0.0,1.71,1.71,Ignore
IDENTIFYPLUSAMRELIODH_AMR AMRELI,0,0.0,1.58,1.7,Ignore
KALPETTA,0,0.0,1.7,1.7,Ignore
VARANASIBYEPASSHUB_VNS VARANASI,0,0.0,1.7,1.7,Ignore
SRIKAKULAM - CHE,0,0.0,1.67,1.69,Ignore
PERAMBALURHUB_PLR PERAMBALUR,0,0.0,1.69,1.69,Ignore
DOMALGUDAHUB_HYD,0,0.0,0.36,1.69,Ignore
LONAVALAODH_KPL LONAVALA,0,0.0,1.06,1.68,Ignore
BHAGALPUR HUB,0,0.0,1.21,1.68,Ignore
SANDURHUB_SND,0,0.0,1.68,1.68,Ignore
CHIKITIHUB_BMP CHIKITI,0,0.0,1.68,1.68,Ignore
MALBAZARHUB_NJP MALBAZAR,0,0.0,1.67,1.67,Ignore
MANNU STORE HISAR,0,0.0,1.67,1.67,Ignore
RAMACHANDRAPURAMHUB_MDP,0,0.0,1.67,1.67,Ignore
KURUKSHETRA HUB,0,0.0,1.66,1.66,Ignore
JHALAWARHUB_JHA,0,0.0,1.65,1.65,Ignore
THRIPRAYARHUB_TRP,0,0.0,1.65,1.65,Ignore
DHARMABADMDH_DHA DHARM,0,0.0,1.65,1.65,Ignore
GARIB NAWAZ STORE VADODARA,0,0.0,1.64,1.64,Ignore
JUNAGADHHUB,0,0.0,1.62,1.62,Ignore
YANAMHUB_YNM YANAM,0,0.0,1.62,1.62,Ignore
RAJPURROADHUB_DED,0,0.0,0.72,1.61,Ignore
VANDANA JAYANT TODKAR KOLHAPUR,0,0.0,1.61,1.61,Ignore
JAKKASANDRAEIGHTYFEETHUB_BLR,0,0.0,1.61,1.61,Ignore
FOUZI FABRICATIORS STORE BADAUN,0,0.0,1.61,1.61,Ignore
BEENROUTEAYIKKARAPADIODH_AYP,0,0.0,1.6,1.6,Ignore
GURGAONMILESTONEHUB_DEL,0,0.0,0.24,1.6,Ignore
DHAKAHUB_DHK EAST CHAMPARAN,0,0.0,1.6,1.6,Ignore
SHIMLAHUB_SHM,0,0.0,1.21,1.59,Ignore
CABTGARHAKOTAODH_GRH,0,0.0,1.59,1.59,Ignore
RAJIVNAGAR HUB PATNA,0,0.0,1.04,1.58,Ignore
ELASTICRUNVISAKHAPATNAMSPLITODH_VTZ,0,0.0,1.57,1.57,Ignore
TARAPURMDH_AME PRATAPGARH,0,0.0,1.57,1.57,Ignore
P XEROX HOSANAGARA,0,0.0,1.57,1.57,Ignore
NADIADHUB_AMD NADIAD,0,0.0,1.56,1.56,Ignore
ANNAPURNAMURBADODH_MRB MURBAD,0,0.0,1.4,1.56,Ignore
VIBHUTIKHAND HUB LUCKNOW,0,0.0,1.55,1.55,Ignore
SANTACRUZ HUB,0,0.0,1.23,1.53,Ignore
CHINTAMANIHUB_CMY,0,0.0,1.53,1.53,Ignore
SASEDAPPALODH_EPP,0,0.0,1.23,1.53,Ignore
ELASTICRUNPAKALAODH_PAK PAKALA,0,0.0,0.85,1.53,Ignore
SAGWARAMDH_SAG SANGWARA,0,0.0,1.52,1.52,Ignore
SITICSKHANDAGIRISPILTODH_BBI,0,0.0,1.52,1.52,Ignore
BANSWARAHUB_BAS,0,0.0,1.52,1.52,Ignore
TTSPLKAVANDAPADIODH_KVN,0,0.0,1.52,1.52,Ignore
"ARRAH, ARRAH, BIHAR",0,0.0,1.5,1.5,Ignore
JANGAREDDYGUDEMHUB_JRG JANGAREDDYGUDEM,0,0.0,1.5,1.5,Ignore
SHEETAL KUMAR KAITHAL,0,0.0,1.5,1.5,Ignore
MADINAGUDA HUB,0,0.0,1.11,1.5,Ignore
JAY MELDI ENTERPRISES MUMBAI,0,0.0,1.49,1.49,Ignore
ULWEODH_PNV,0,0.0,1.48,1.48,Ignore
"KOLAR, KARNATAKA, IN",0,0.0,1.48,1.48,Ignore
SONALI SONU MALGUNKAR MUMBAI,0,0.0,1.48,1.48,Ignore
BHANKROTAHUB_JAI,0,0.0,1.11,1.48,Ignore
SHAIKH ALTAF VEJALPUR,0,0.0,1.47,1.47,Ignore
DAYALNAGARSPILTODH_DAY,0,0.0,1.47,1.47,Ignore
BEEDHUB_BED,0,0.0,1.47,1.47,Ignore
ELASTICRUNWADALAODH_MUM,0,0.0,1.47,1.47,Ignore
PRINCYSCIENCECITYODH_SCI,0,0.0,1.46,1.46,Ignore
NALGONDAHUB_NGD NALGONDA,0,0.0,1.33,1.46,Ignore
SASPERINTHALMANNAODH_PNN,0,0.0,1.46,1.46,Ignore
NILANGAHUB_NLN,0,0.0,1.45,1.45,Ignore
ARUN M V HOME TRIVANDRUM,0,0.0,1.45,1.45,Ignore
"HOSPET, KARNATAKA, IN",0,0.0,1.44,1.44,Ignore
KOLHAPURSPLITHUB_KHL KOLHAPUR,0,0.0,1.44,1.44,Ignore
BHILAISPLITODH_BIA BHILAI,0,0.0,1.44,1.44,Ignore
MAHAD,0,0.0,1.08,1.44,Ignore
MANIKANDAN HOME SIVAGANGA,0,0.0,1.44,1.44,Ignore
VELLOREHUBTEMP_VLR,0,0.0,1.11,1.43,Ignore
DEPENDOKALIACHAKODH_KTJ,0,0.0,1.42,1.42,Ignore
DASPALA - DPS,0,0.0,1.42,1.42,Ignore
BALOD,0,0.0,1.42,1.42,Ignore
BELNARODH_BEL,0,0.0,1.41,1.41,Ignore
MAHOBAHUB_MHB MAHOBA,0,0.0,1.41,1.41,Ignore
ETTUMANOORHUB_EMR,0,0.0,1.4,1.4,Ignore
CHOUTUPPAL,0,0.0,0.78,1.4,Ignore
CIVILLINEHUB_JBL,0,0.0,1.39,1.39,Ignore
"SEHORE, MADHYA PRADESH, IN",0,0.0,1.39,1.39,Ignore
ARARIAHUB_ARR ARARIA,0,0.0,1.39,1.39,Ignore
FATEHGARHCHURIANODH_FGN,0,0.0,1.39,1.39,Ignore
KAMBLE EXPRESS MUMBAI,0,0.0,1.38,1.38,Ignore
IDENTIFYPLUSSIKARODH_SKR SIKAR,0,0.0,1.37,1.37,Ignore
VIKASHPURIHUB_DEL,0,0.0,0.22,1.36,Ignore
ETASHDIBRUGARHODH_DIB,0,0.0,1.36,1.36,Ignore
"CHHATARPUR, MADHYA PRADESH, IN",0,0.0,1.36,1.36,Ignore
DACHEPALLEODH_DHP DACHEPALLE,0,0.0,1.29,1.36,Ignore
CHIRMIRIMDH_CHR MANENDRAGARH,0,0.0,1.36,1.36,Ignore
KONDAPURSPLITODH_KRD,0,0.0,1.24,1.36,Ignore
KANTIMDH_MZF MUZAFFARPUR,0,0.0,1.36,1.36,Ignore
MOHALI HUB,0,0.0,0.79,1.35,Ignore
CABTKHURDAODH_KUD,0,0.0,1.35,1.35,Ignore
NARNAULHUB_NNL,0,0.0,1.35,1.35,Ignore
KHAMGAONHUB_KMG,0,0.0,1.35,1.35,Ignore
RAJKUMAR HOME TRADERS PERNAMBUT,0,0.0,1.35,1.35,Ignore
INDIRANAGARHUB_LKO,0,0.0,1.07,1.35,Ignore
LESLIGANJMDH_LSG LESLIGANJ,0,0.0,1.34,1.34,Ignore
"HAPUR, UTTAR PRADESH, IN",0,0.0,1.34,1.34,Ignore
FKL-COKBTS,0,0.0,1.34,1.34,Ignore
KOCHASMDH_KOC SASARAM,0,0.0,1.34,1.34,Ignore
BHINDHUB_BND,0,0.0,1.33,1.33,Ignore
ELASTICRUNMIRAROADSPLITODH_MUM BHAYANDER,0,0.0,0.19,1.33,Ignore
LARGELOGICTANUKUODH_TNK THORRUR,0,0.0,1.33,1.33,Ignore
KATTUMANNARKOVILHUB_KMK KATTUMANNARKOVIL,0,0.0,1.32,1.32,Ignore
ELASTICRUNRAIPURSPLITODH_RPR,0,0.0,1.32,1.32,Ignore
KARUMATAMPATTYHUB_KUM,0,0.0,1.31,1.31,Ignore
PADMOLOCHAN DAS BHUBANESWAR,0,0.0,1.31,1.31,Ignore
TTSPLBAIJNATHODH_BJN,0,0.0,0.76,1.31,Ignore
SHIMLAHUBTEMP_SHM SHIMLA,0,0.0,1.31,1.31,Ignore
KINWATHUB_KIN,0,0.0,1.3,1.3,Ignore
ELASTICRUNDHARMAVARAMODH_DMV DHARMAVARAM,0,0.0,1.3,1.3,Ignore
AMROHAHUB_AOA,0,0.0,1.3,1.3,Ignore
"RTO/PTD, DELHI NCR, DELHI",0,0.0,1.3,1.3,Ignore
ELASTICRUNMANIKONDAODH_HYD,0,0.0,1.3,1.3,Ignore
YASHWANTPURA HUB,0,0.0,1.29,1.29,Ignore
ELASTICRUNJAIPATNAODH_JPN,0,0.0,1.29,1.29,Ignore
ELASTICRUNKAKDWIPODH_KWK KAKDWIP,0,0.0,1.28,1.28,Ignore
ARYA BOOK STALL RFK TRIVANDRUM,0,0.0,1.28,1.28,Ignore
DADARWESTHUB_MUM,0,0.0,0.11,1.28,Ignore
MAHADEV ELECTRONIC GHAZIPUR,0,0.0,1.28,1.28,Ignore
"ANAND, GUJARAT, IN",0,0.0,1.28,1.28,Ignore
MOGAHUB_MOG,0,0.0,0.88,1.27,Ignore
PAUNIODH_PAU,0,0.0,1.27,1.27,Ignore
MANDYA HUB,0,0.0,1.27,1.27,Ignore
SNAHASIS SAMAL PARADIP,0,0.0,1.26,1.26,Ignore
RISING STARS DVK NALGONDA,0,0.0,1.26,1.26,Ignore
LAKETOWN HUB,0,0.0,1.26,1.26,Ignore
HUNSURHUB_HUN,0,0.0,1.26,1.26,Ignore
PRODATTURHUB_PDT,0,0.0,0.78,1.25,Ignore
LARGELOGICDHARAPURAMODH_DHP,0,0.0,1.25,1.25,Ignore
KINWATHUB_KIN KINWAT,0,0.0,1.24,1.24,Ignore
ERODE HUB,0,0.0,0.84,1.24,Ignore
AJMER HUB,0,0.0,0.84,1.24,Ignore
AMAZEKAGALODH_KAG,0,0.0,1.24,1.24,Ignore
SAMRALAHUB_SAM,0,0.0,1.23,1.23,Ignore
SRINAGARHUB_SRG,0,0.0,1.23,1.23,Ignore
ANAHITA GIFT SHOP NEW DELHI,0,0.0,1.23,1.23,Ignore
SITARAMNAGAR HUB,0,0.0,1.23,1.23,Ignore
KUKATPALLYHUBTEMP_HYD,0,0.0,1.22,1.22,Ignore
NAWADAHUB_DEL,0,0.0,0.51,1.22,Ignore
GHILAMARAMDH_DMC DHAKUAKHANA,0,0.0,1.21,1.21,Ignore
ELASTICRUNMANDLAODH_MDL,0,0.0,1.21,1.21,Ignore
THALASSERYHUB_THL THALASSERY,0,0.0,1.08,1.2,Ignore
RAIRAKHOLMDH_RAI RAIRAKHOL,0,0.0,1.2,1.2,Ignore
THAMARASSERYHUB_TEY,0,0.0,1.2,1.2,Ignore
SHIMLAHUBTEMP_SHM,0,0.0,1.08,1.2,Ignore
RAJAJINAGAR HUB,0,0.0,1.2,1.2,Ignore
RAMANATHAPURAMHUB_RTP RAMANATHAPURAM,0,0.0,1.2,1.2,Ignore
PANAYIKKULAMHUB_PNK,0,0.0,1.19,1.19,Ignore
ADAMPURHUB_JLR,0,0.0,1.19,1.19,Ignore
AIRPORT HUB,0,0.0,1.19,1.19,Ignore
KOLATHURHUB_KHR,0,0.0,1.19,1.19,Ignore
GONDALHUB_GDN,0,0.0,1.19,1.19,Ignore
PRINCYSANANDODH_SND,0,0.0,1.18,1.18,Ignore
LARGELOGICPENDURTHIODH_VTZ VISAKHAPATNAM,0,0.0,1.18,1.18,Ignore
MIGHT SHOP STATIONARIES & XEROX VELLORE,0,0.0,1.18,1.18,Ignore
GUNUPURHUB_GNP,0,0.0,1.18,1.18,Ignore
BAYANAMDH_BYN,0,0.0,0.73,1.17,Ignore
MONDAYMARKETHUB_MDM,0,0.0,1.17,1.17,Ignore
SASCHEMBERIODH_CHE,0,0.0,1.17,1.17,Ignore
BOLANGIRHUB_BLG,0,0.0,1.16,1.16,Ignore
ECITYPHASE2TEMPHUB_BLR,0,0.0,1.16,1.16,Ignore
SANKALP GENERAL STORE GURGAON,0,0.0,1.16,1.16,Ignore
IDENTIFYPLUSSIKARODH_SKR,0,0.0,1.16,1.16,Ignore
PATHANAMTHITTAHUB_PMT,0,0.0,1.16,1.16,Ignore
ELASTICRUNSHAHGANJODH_SHG SHAHGANJ,0,0.0,1.16,1.16,Ignore
IDENTIFYPLUSNARASAPURAMDH_KLR,0,0.0,1.16,1.16,Ignore
CABTRAJURAODH_RJR,0,0.0,1.15,1.15,Ignore
CITYCENTER HUB,0,0.0,0.78,1.15,Ignore
GHARUNDAODH_GRD GHARONDA,0,0.0,1.15,1.15,Ignore
KALAMBHUB_KLB,0,0.0,1.14,1.14,Ignore
BURHANPURHUB_BRN,0,0.0,1.14,1.14,Ignore
MANARCADU_MRD,0,0.0,1.1,1.13,Ignore
KUKASHUB_KUK KUKAS / TRIVENI CITY,0,0.0,0.84,1.13,Ignore
KANKIPADUMDH_VIJ VIJAYAWADA,0,0.0,1.12,1.12,Ignore
JARMUNDIHUB_JMD,0,0.0,1.12,1.12,Ignore
ELASTICRUNBIAORAODH_BIA,0,0.0,1.11,1.11,Ignore
PARSABADMDH_PSB PARSABAD,0,0.0,1.11,1.11,Ignore
CABTCOOCHBEHARODH_COB DINHATA,0,0.0,1.1,1.1,Ignore
BIDHUNAHUB_ARY,0,0.0,1.1,1.1,Ignore
HOODIHUBTEMP_BLR,0,0.0,1.1,1.1,Ignore
ELATHURHUB_ELA,0,0.0,1.09,1.09,Ignore
SHOLINGURODH_SLG,0,0.0,1.09,1.09,Ignore
AMAZESHIKRAPURODH_SKP SHIKRAPUR,0,0.0,1.08,1.08,Ignore
NAGINAMDH_NJD BIJNORE,0,0.0,1.08,1.08,Ignore
PAONTASAHIBHUB_PAO,0,0.0,1.07,1.07,Ignore
NADAKUDURUHUB_KKD KAKINADA,0,0.0,1.07,1.07,Ignore
KILLORHUB_KIL,0,0.0,1.07,1.07,Ignore
MACHILIPATNAMHUB_MTM,0,0.0,1.06,1.06,Ignore
MANJIT ELECTRONIC PATIALA,0,0.0,1.05,1.05,Ignore
CHERTHALA_CTA,0,0.0,1.05,1.05,Ignore
KURNOOL HUB,0,0.0,1.05,1.05,Ignore
KOTTIYAMHUB_KTI KOTTIYAM,0,0.0,1.04,1.04,Ignore
CHIRAIYAKOT,0,0.0,1.04,1.04,Ignore
CHHATRALMDH_CHT,0,0.0,1.04,1.04,Ignore
POONCHODH_PNH,0,0.0,0.62,1.03,Ignore
KOORIEESOUKYARDODH_BLR BENGALURU,0,0.0,1.03,1.03,Ignore
THALASSERYHUB_THL,0,0.0,1.02,1.02,Ignore
CHALTAHUB_AMB,0,0.0,1.02,1.02,Ignore
SHADOWFAXMYORPURODH_SON SONBHADRA,0,0.0,1.02,1.02,Ignore
KATOLMDH_KAT KATOL,0,0.0,1.02,1.02,Ignore
SANGLI HUB,0,0.0,1.02,1.02,Ignore
ANIL GENRAL STORE GORAKHPUR,0,0.0,1.02,1.02,Ignore
NASHIK HUB,0,0.0,1.02,1.02,Ignore
OOTY HUB,0,0.0,1.01,1.01,Ignore
ATHANIODH_ATN,0,0.0,1.01,1.01,Ignore
JAMNAGAR HUB,0,0.0,0.83,1.0,Ignore
BELTHANGADY,0,0.0,1.0,1.0,Ignore
SOMAVARAM VILLAGE,0,0.0,1.0,1.0,Ignore
KAROND HUB,0,0.0,1.0,1.0,Ignore
ANJARHUB_ANJ,0,0.0,1.0,1.0,Ignore
BHADRAI KRUPA STORE MANAVADAR,0,0.0,0.99,0.99,Ignore
IOCLNOIDAHUB_DEL,0,0.0,0.79,0.99,Ignore
HUVINAHADAGALIHUB_HUV,0,0.0,0.66,0.99,Ignore
SANGRURHUB_SNR,0,0.0,0.98,0.98,Ignore
PUSADHUB_PSD,0,0.0,0.98,0.98,Ignore
KANDRAHUB_GNN,0,0.0,0.98,0.98,Ignore
KANAKPURARDHUB_BLR,0,0.0,0.82,0.97,Ignore
NANDIGRAMHUB_MDN,0,0.0,0.97,0.97,Ignore
SATYAM COACHING CENTER KANNAUJ,0,0.0,0.96,0.96,Ignore
ELASTICRUNMANKAPURODH_MAN,0,0.0,0.96,0.96,Ignore
SOLAPUR HUB,0,0.0,0.63,0.96,Ignore
PRINCYANKLESHWARODH_ANK,0,0.0,0.96,0.96,Ignore
"KNP/RTO, KANPUR, UTTAR PRADESH",0,0.0,0.96,0.96,Ignore
WARJEHUB_PUNE,0,0.0,0.96,0.96,Ignore
SAPTHAGIRI HUB,0,0.0,0.95,0.95,Ignore
MAYURVIHARHUB_DEL,0,0.0,0.49,0.95,Ignore
KALANINAGARHUB_IDR,0,0.0,0.74,0.95,Ignore
VANIYAMBADIHUB_VNM VANIYAMBADI,0,0.0,0.94,0.94,Ignore
KARWAR HUB,0,0.0,0.93,0.93,Ignore
DELFASTNARSINGIODH_HYD,0,0.0,0.92,0.92,Ignore
CHHINDWARAHUB_CHH,0,0.0,0.92,0.92,Ignore
ELASTICRUNALAPPADODH_APP,0,0.0,0.91,0.91,Ignore
RIDDHI ENTERPRISE MODASA,0,0.0,0.91,0.91,Ignore
CHAVAKKADHUB_GYO GURUVAYOOR,0,0.0,0.9,0.9,Ignore
UNAHPHUB_UNA,0,0.0,0.9,0.9,Ignore
IDENTIFYPLUSMAHARAJPURODH_MHR,0,0.0,0.9,0.9,Ignore
JASEEM MEDICO MUSAFIRKHANA,0,0.0,0.89,0.89,Ignore
PGIHUB_LKO,0,0.0,0.89,0.89,Ignore
BOINDAHUB_ANG,0,0.0,0.89,0.89,Ignore
CHANDRAGIRIHUB_TPT TIRUPATI,0,0.0,0.89,0.89,Ignore
CABTRAMTEKODH_RMT RAMTEK,0,0.0,0.89,0.89,Ignore
SARPAVARAMHUB_KKD KAKINADA,0,0.0,0.88,0.88,Ignore
MANGOCITYHUB_SXV,0,0.0,0.61,0.88,Ignore
MEENAKSHI STORE MADURAI,0,0.0,0.87,0.87,Ignore
GANGTOKHUB_GGT,0,0.0,0.87,0.87,Ignore
DK SHARMA HARIDWAR,0,0.0,0.87,0.87,Ignore
CHAMPAWATODH_CHM CHAMPAWA,0,0.0,0.87,0.87,Ignore
BALDWARAMDH_BDR BALDWARA,0,0.0,0.87,0.87,Ignore
SINGRAULIHUB_SGU,0,0.0,0.87,0.87,Ignore
AHKNOORROAD_IXJ,0,0.0,0.87,0.87,Ignore
MANGALORE HUB,0,0.0,0.87,0.87,Ignore
SANGVIHUB_PUNE,0,0.0,0.55,0.86,Ignore
KARTAVYA GANDHINAGAR,0,0.0,0.85,0.85,Ignore
CHAUKAGHATHUB_VNS,0,0.0,0.85,0.85,Ignore
KALWARROADHUB_JAI,0,0.0,0.49,0.85,Ignore
LARGELOGICPENDURTHIODH_VTZ,0,0.0,0.84,0.84,Ignore
SUHNATHUB_BAW,0,0.0,0.84,0.84,Ignore
"HYD/SMH-TSP, HYDERABAD, TELANGANA",0,0.0,0.83,0.83,Ignore
SARDHANAHUB_SAR SARDHANA,0,0.0,0.83,0.83,Ignore
PEERAGARHI HUB,0,0.0,0.28,0.83,Ignore
JAGADESH OLD WM TADIPATRI,0,0.0,0.83,0.83,Ignore
ROHRUODH_ROH,0,0.0,0.81,0.81,Ignore
ELURU HUB,0,0.0,0.81,0.81,Ignore
SHRI RUDRAM ENTERPRISES UDAIPUR,0,0.0,0.8,0.8,Ignore
TTSPLPHULERAMDH_PHU PHULERA,0,0.0,0.8,0.8,Ignore
BARAMATIHUB_BRM,0,0.0,0.8,0.8,Ignore
MACHERLAHUB_MCH,0,0.0,0.79,0.79,Ignore
HSR HUB,0,0.0,0.78,0.78,Ignore
DAHANUHUB_MUM,0,0.0,0.78,0.78,Ignore
DGP KIRYANA STORE HISAR,0,0.0,0.78,0.78,Ignore
ELASTICRUNCHINARPARKSPILTODH_KOL,0,0.0,0.78,0.78,Ignore
SAKINAKASPLITHUB_MUM,0,0.0,0.78,0.78,Ignore
OTTANCHATRAMHUB_OTC,0,0.0,0.77,0.77,Ignore
VAIJAPURHUB_VJP VAIJAPUR,0,0.0,0.77,0.77,Ignore
THODUPUZHA HUB,0,0.0,0.42,0.77,Ignore
NIKKOUCHIKKAJALAODH_BLR,0,0.0,0.76,0.76,Ignore
MANGAWANMDH_MGN,0,0.0,0.75,0.75,Ignore
SITICSKUNDARAODH_KDR,0,0.0,0.75,0.75,Ignore
IDENTIFYPLUSGONDIAODH_GDI,0,0.0,0.7,0.74,Ignore
"KISHANGANJ, BIHAR, IN",0,0.0,0.74,0.74,Ignore
RAMESH KIRANA MEDAK,0,0.0,0.74,0.74,Ignore
JAY GURUDATT KIRANA PORBANDAR,0,0.0,0.74,0.74,Ignore
RUPNAGAR HUB,0,0.0,0.73,0.73,Ignore
M.S.V JAYANTHI AGENCY SIVAKASI,0,0.0,0.73,0.73,Ignore
SITICSMOTIHAODH_MTI ALLAHABAD,0,0.0,0.73,0.73,Ignore
GORAKHPUR HUB,0,0.0,0.73,0.73,Ignore
RAJPURAHUBTEMP_RAA,0,0.0,0.72,0.72,Ignore
RATNAGIRIHUB_RTG,0,0.0,0.72,0.72,Ignore
CABTVISAKHAVALLEYSPLITODH_VTZ,0,0.0,0.72,0.72,Ignore
AIROLIHUB_MUM MUMBAI,0,0.0,0.71,0.71,Ignore
CHIDANANDA_HOME_KIRANA BELLARY,0,0.0,0.71,0.71,Ignore
NANGALHUB_NGL,0,0.0,0.71,0.71,Ignore
MAKRANAHUB_MAK MAKRANA,0,0.0,0.7,0.7,Ignore
FAZILKAHUB_FAL,0,0.0,0.7,0.7,Ignore
NAMKHANAMDH_NAM,0,0.0,0.68,0.68,Ignore
BUTIBORIHUB_BTB BUTIBORI,0,0.0,0.68,0.68,Ignore
RAYAGADAHUB_RGD,0,0.0,0.68,0.68,Ignore
MARAKANAMHUB_TIN,0,0.0,0.68,0.68,Ignore
SANATHNAGAR1_HYD,0,0.0,0.56,0.68,Ignore
DEHRADUN HUB,0,0.0,0.18,0.68,Ignore
RUDRAPUR HUB RUDRAPUR,0,0.0,0.67,0.67,Ignore
CABTSAHBAJPURODH_DRA DEORIA,0,0.0,0.67,0.67,Ignore
KEEZHVAIPURHUB_KHR,0,0.0,0.67,0.67,Ignore
SRIKRISHNA BASAK HOME RAIGANJ,0,0.0,0.67,0.67,Ignore
JAMSHEDPUR HUB,0,0.0,0.67,0.67,Ignore
KOTTAYAM HUB,0,0.0,0.66,0.66,Ignore
PONDA HUB,0,0.0,0.65,0.65,Ignore
KENGERIHUB_BLR,0,0.0,0.64,0.64,Ignore
KOTPUTLIHUB_KOT KOTPUTLI,0,0.0,0.48,0.64,Ignore
BALAJI KIRANA STORE KOTA,0,0.0,0.64,0.64,Ignore
CHANAKYAPURIHUB_DEL,0,0.0,0.13,0.64,Ignore
PANCHKULASEC20HUB_PKL,0,0.0,0.63,0.63,Ignore
ANNAPURNASHAJAPURODH_SJP,0,0.0,0.63,0.63,Ignore
PACHORAHUB_MCH PACHORA,0,0.0,0.63,0.63,Ignore
BETULHUB_BTL,0,0.0,0.62,0.62,Ignore
DARJEELING HUB,0,0.0,0.62,0.62,Ignore
KAMANAHALLIHUB_BLR,0,0.0,0.61,0.61,Ignore
BELLARY HUB,0,0.0,0.61,0.61,Ignore
MAHAKALI KRUPA BHAVNAGAR,0,0.0,0.61,0.61,Ignore
PADMANABHNAGARHUB_BLR BENGALURU,0,0.0,0.61,0.61,Ignore
TTSPLNAGDAODH_NGD,0,0.0,0.6,0.6,Ignore
HULIMAVUHUB_BLR,0,0.0,0.6,0.6,Ignore
AGNOORHUB_AGN,0,0.0,0.6,0.6,Ignore
RANIPHUB_AMD,0,0.0,0.6,0.6,Ignore
SURAT HUB,0,0.0,0.6,0.6,Ignore
ELASTICRUNMASABTANKODH_HYD,0,0.0,0.34,0.59,Ignore
CABTSANTOSHPURODH_KOL,0,0.0,0.58,0.58,Ignore
CABTCOOCHBEHARSPLITODH_COB,0,0.0,0.58,0.58,Ignore
MODINAGARHUB_MEE,0,0.0,0.58,0.58,Ignore
AHMEDNAGAR HUB,0,0.0,0.58,0.58,Ignore
ATTURHUB_AUR,0,0.0,0.58,0.58,Ignore
DLFPHASE1 HUB,0,0.0,0.27,0.57,Ignore
MEHSANA HUB,0,0.0,0.42,0.57,Ignore
MANVIODH_MNV,0,0.0,0.56,0.56,Ignore
RINGROADHUB_DED,0,0.0,0.46,0.56,Ignore
ANNAPURNAWAIDHANODH_WDN,0,0.0,0.56,0.56,Ignore
KUNKURIHUB_KUN,0,0.0,0.56,0.56,Ignore
NAD KOTHA ROAD,0,0.0,0.55,0.55,Ignore
BEGOWALMDH_BGL BEGOWAL,0,0.0,0.55,0.55,Ignore
MOTHERHUB_PTC HYDERABAD,0,0.0,0.39,0.55,Ignore
PATHARDIMDH_PAT AHMEDNAGAR,0,0.0,0.55,0.55,Ignore
NIBMHUB_PUNE,0,0.0,0.55,0.55,Ignore
BAVLAHUB_AMD,0,0.0,0.55,0.55,Ignore
KUSHTAGIHUB_KST KUSHTAGI,0,0.0,0.54,0.54,Ignore
ELASTICRUNKIMODH_KMM,0,0.0,0.54,0.54,Ignore
ERNAKULAM HUB,0,0.0,0.54,0.54,Ignore
LARGELOGICDHARMARAMODH_DRM,0,0.0,0.53,0.53,Ignore
PURULIAHUB_PRR,0,0.0,0.53,0.53,Ignore
TTSPLAMALNERODH_AMN,0,0.0,0.52,0.52,Ignore
SHREE METRO AGENCY AND GURU BOREWELL RATNAGIRI,0,0.0,0.45,0.52,Ignore
LARGELOGICKUNIYAMUTHURODH_CJB COIMBATORE,0,0.0,0.5,0.52,Ignore
AHIYACHAKMDH_AHY,0,0.0,0.51,0.51,Ignore
VKIA HUB,0,0.0,0.51,0.51,Ignore
RJSCSHILLONGODH_SHL,0,0.0,0.5,0.5,Ignore
SHAMSHABADHUB_HYD,0,0.0,0.5,0.5,Ignore
ELASTICRUNHARDOIODH_HRD,0,0.0,0.5,0.5,Ignore
KOORIEESOUKYARDODH_BLR,0,0.0,0.5,0.5,Ignore
NILANGAHUB_NLN NILANGA,0,0.0,0.5,0.5,Ignore
"MAA/APT, CHENNAI, TAMIL NADU",0,0.0,0.49,0.49,Ignore
KHARGAPUR,0,0.0,0.49,0.49,Ignore
FARHANA STORE KAWANT,0,0.0,0.49,0.49,Ignore
MOKAMAHUB_MKA MOKAMA,0,0.0,0.49,0.49,Ignore
ELASTICRUNKAPURTHALAODH_KPT,0,0.0,0.4,0.49,Ignore
YAMUNAVIHAR HUB,0,0.0,0.23,0.49,Ignore
ELASTICRUNKIMODH_KMM KIM,0,0.0,0.49,0.49,Ignore
MODELTOWN HUB,0,0.0,0.42,0.48,Ignore
HOSUR HUB,0,0.0,0.35,0.48,Ignore
CONNECTINDIANEWTOWNSPLITODH_KOL,0,0.0,0.48,0.48,Ignore
WELCOMEHUB_DEL,0,0.0,0.48,0.48,Ignore
ELASTICRUNKODUNGALLURODH_KDN ERNAKULAM,0,0.0,0.48,0.48,Ignore
JINSHAN MOHAMMED A P HONE MALAPPURAM,0,0.0,0.47,0.47,Ignore
KURUPPAMPADYHUB_KPM,0,0.0,0.47,0.47,Ignore
HUKKERIHUB_HKR,0,0.0,0.46,0.46,Ignore
GHANSOLIHUB_MUM,0,0.0,0.46,0.46,Ignore
BANASHANKARI HUB,0,0.0,0.45,0.45,Ignore
NAGPURIODH_NGP JAISINGHPUR,0,0.0,0.45,0.45,Ignore
IDENTIFYPLUSUPLETAODH_UPL,0,0.0,0.44,0.44,Ignore
AURAIMDH_MZF PUPRI,0,0.0,0.44,0.44,Ignore
ELASTICRUNNIMTAODH_KOL,0,0.0,0.44,0.44,Ignore
VIZIANAGARAMHUBTEMP_VZM VIZIANAGARAM,0,0.0,0.44,0.44,Ignore
KOLLEGALAHUB_KLG,0,0.0,0.44,0.44,Ignore
BILEKAHALLI HUB,0,0.0,0.26,0.44,Ignore
KONNAGARHUB_KOG,0,0.0,0.44,0.44,Ignore
ELASTICRUNWANKANERODH_WKH,0,0.0,0.43,0.43,Ignore
SANGAMVIHARHUB_DEL,0,0.0,0.43,0.43,Ignore
TTSPLJAMBUSARODH_JBS JAMBUSAR,0,0.0,0.43,0.43,Ignore
SHIV SHAMBHO SERVICES ALIBAG,0,0.0,0.43,0.43,Ignore
ELASTICRUNNERULODH_MUM MUMBAI,0,0.0,0.42,0.42,Ignore
SASVELLURTRIKAPURODH_VTR,0,0.0,0.42,0.42,Ignore
ABOHARHUB_ABH,0,0.0,0.42,0.42,Ignore
ELAMAKKARAHUB_COK,0,0.0,0.42,0.42,Ignore
SIGRA HUB,0,0.0,0.41,0.41,Ignore
ELASTICRUNMANESARODH_MNS,0,0.0,0.3,0.41,Ignore
LARGELOGICIDPLBALANAGARODH_HYD,0,0.0,0.32,0.41,Ignore
PANDHARKAWDAODH_PKW,0,0.0,0.4,0.4,Ignore
THOKOTTUHUB_IXE,0,0.0,0.4,0.4,Ignore
UTPAL HOUSE KATWA,0,0.0,0.4,0.4,Ignore
JHARSUGUDAHUB_JSG,0,0.0,0.39,0.39,Ignore
CABTNABARANGPURODH_NRG,0,0.0,0.39,0.39,Ignore
RAMPURAPHULHUB_PHU RAMPURA PHUL,0,0.0,0.39,0.39,Ignore
HAZARIBAGHHUB_HZB,0,0.0,0.39,0.39,Ignore
SHADOWFAXJULANAODH_JND,0,0.0,0.39,0.39,Ignore
PAKHANJURMDH_PKH PAKHANJUR,0,0.0,0.39,0.39,Ignore
LEMOORHUB_LMR KANDUKUR,0,0.0,0.38,0.38,Ignore
CABTSAHBAJPURODH_DRA,0,0.0,0.38,0.38,Ignore
YASHWANTPURA HUB YASHWANTPURA,0,0.0,0.38,0.38,Ignore
SANKARAPURAMHUB_SKP,0,0.0,0.37,0.37,Ignore
BEENROUTERANNIODH_RAN,0,0.0,0.28,0.37,Ignore
IDENTIFYPLUSDARBHANGASPLITODH_DBG,0,0.0,0.37,0.37,Ignore
PORBANDARHUB_POR,0,0.0,0.36,0.36,Ignore
GHITORNIHUB_DEL,0,0.0,0.11,0.35,Ignore
KADIMDH_KDI,0,0.0,0.35,0.35,Ignore
PITAMPURAHUB_DEL,0,0.0,0.18,0.35,Ignore
VIJAYANAGARHUB_BLR,0,0.0,0.35,0.35,Ignore
REWARIMDH_REW,0,0.0,0.34,0.34,Ignore
CABTAGARTALAODH_IXA,0,0.0,0.34,0.34,Ignore
PANCHKULA HUB,0,0.0,0.34,0.34,Ignore
IDENTIFYPLUSBHAGATPURODH_ATR BUDANPUR AMBEDKAR NAGAR,0,0.0,0.34,0.34,Ignore
VILLIANURHUB_VLN,0,0.0,0.33,0.33,Ignore
"PANDALAM, PANDALAM, KERALA",0,0.0,0.33,0.33,Ignore
LOADSHAREBUDGEBUDGEODH_KOL,0,0.0,0.33,0.33,Ignore
MOHANIAHUB_BBU,0,0.0,0.33,0.33,Ignore
MAHABUBABADHUB_MHB,0,0.0,0.33,0.33,Ignore
SASKUNHIMANGALAMODH_KUN,0,0.0,0.33,0.33,Ignore
ELASTCRUNPIPARIYAODH_PPY,0,0.0,0.33,0.33,Ignore
ARCOTHUB_ARC,0,0.0,0.33,0.33,Ignore
BHADRAKHUB_BHC BHADRAK,0,0.0,0.33,0.33,Ignore
ADARSHNAGARHUB_DEL,0,0.0,0.19,0.32,Ignore
SHAHDARAHUB_DEL,0,0.0,0.02,0.32,Ignore
BENAULIMHUB_GOA,0,0.0,0.32,0.32,Ignore
CABTSELUODH_SLU,0,0.0,0.32,0.32,Ignore
KRISHNA STORE PUSHKAR,0,0.0,0.32,0.32,Ignore
ETASHSAUKUCHIODH_GAU,0,0.0,0.31,0.31,Ignore
BERHAMPUR HUB,0,0.0,0.31,0.31,Ignore
MALVIYANAGARHUB_JAI,0,0.0,0.31,0.31,Ignore
BHARUCH HUB,0,0.0,0.31,0.31,Ignore
SHADOWFAXNAYAGOANODH_NUG,0,0.0,0.3,0.3,Ignore
AMBALAMUKKUHUB_TRV,0,0.0,0.3,0.3,Ignore
CLEMENTTOWNHUB_DED,0,0.0,0.24,0.29,Ignore
GOGAMUKHHUB_GOM,0,0.0,0.28,0.28,Ignore
BOISARHUB_BIS,0,0.0,0.28,0.28,Ignore
SARJAPURHUB_BLR,0,0.0,0.27,0.27,Ignore
BIRPURMDH_SOU,0,0.0,0.27,0.27,Ignore
SAHIBABAD HUB,0,0.0,0.22,0.27,Ignore
PANDHARPURHUB_PDH,0,0.0,0.25,0.25,Ignore
IDENTIFYPLUSDHARODH_DHR,0,0.0,0.25,0.25,Ignore
ETWAHHUB_ETW,0,0.0,0.25,0.25,Ignore
CHOUDWARHMDH_BBI,0,0.0,0.25,0.25,Ignore
MATIGARA HUB,0,0.0,0.24,0.24,Ignore
CABTGAUTAMNAGARODH_BBI,0,0.0,0.24,0.24,Ignore
VIDYANAGAR HUB,0,0.0,0.19,0.24,Ignore
RJSCRANGMAHALODH_RGM BAIHATA,0,0.0,0.24,0.24,Ignore
TIRUVANNAMALAIHUB_TNN,0,0.0,0.24,0.24,Ignore
SHYAMNAGARHUB_KOL,0,0.0,0.24,0.24,Ignore
TAJGANJHUB_AGR,0,0.0,0.24,0.24,Ignore
RAVINDER KUMAR MEERUT,0,0.0,0.23,0.23,Ignore
ELASTICRUNSUNCITYODH_HYD,0,0.0,0.23,0.23,Ignore
RJSCMOKOKCHUNGODH_MKK,0,0.0,0.23,0.23,Ignore
KOMAL DHANGAR MANDSAUR,0,0.0,0.23,0.23,Ignore
KANJIRAPPALLY_KJP,0,0.0,0.23,0.23,Ignore
CABTSACHINODH_SAC,0,0.0,0.22,0.22,Ignore
GEORGETOWN HUB,0,0.0,0.22,0.22,Ignore
CHIRODIHUB_GZD,0,0.0,0.22,0.22,Ignore
KHERWARAMDH_KHR KHERWARA,0,0.0,0.22,0.22,Ignore
TOPSIAHUB_KOL,0,0.0,0.22,0.22,Ignore
ASHOKNAGARHUB_PAT,0,0.0,0.21,0.21,Ignore
JALANDHARBASTIYAODH_JLR,0,0.0,0.21,0.21,Ignore
ARIYALURHUB_ARI,0,0.0,0.21,0.21,Ignore
HAMJOLI BOUTIQUE STORE NEW DELHI,0,0.0,0.21,0.21,Ignore
DAS STORE DEHRADUN,0,0.0,0.21,0.21,Ignore
MURARAIHUB_MRR MURARAI,0,0.0,0.2,0.2,Ignore
JYOTI RANI MEERUT,0,0.0,0.2,0.2,Ignore
"SRINAGAR, JAMMU AND KASHMIR, IN",0,0.0,0.19,0.19,Ignore
MITHAPURHUB_PAT,0,0.0,0.19,0.19,Ignore
LOGIXFOXANANDAPURODH_ADP,0,0.0,0.19,0.19,Ignore
BURARIHUB_DEL,0,0.0,0.19,0.19,Ignore
JOGINDRANAGARHUB_IXA,0,0.0,0.18,0.18,Ignore
CABTJAMSHEDPURODH_IXW JAMSHEDPUR,0,0.0,0.18,0.18,Ignore
PAUNIODH_PAU ADYAL,0,0.0,0.18,0.18,Ignore
CABTVITTLAMDH_VIT,0,0.0,0.18,0.18,Ignore
BIWINAGAR HUB,0,0.0,0.18,0.18,Ignore
MITESH STORE NADIAD,0,0.0,0.17,0.17,Ignore
UPENDAR RAO HYDERABAD,0,0.0,0.17,0.17,Ignore
VXPRESSGOVINDPURODH_DBD,0,0.0,0.17,0.17,Ignore
KHURDAHUB_KUD,0,0.0,0.16,0.16,Ignore
KHANAPURHUB_IXG KHANAPUR,0,0.0,0.16,0.16,Ignore
CIVILLINEHUB_BRY,0,0.0,0.16,0.16,Ignore
DINAODH_DNA,0,0.0,0.16,0.16,Ignore
HOSADURGAHUB_HSD,0,0.0,0.15,0.15,Ignore
NARSIPATNAMHUB_VTZ,0,0.0,0.15,0.15,Ignore
WELLCOME STORE LABBAIKUDIKADU,0,0.0,0.14,0.14,Ignore
PALAMPURHUB_PLP,0,0.0,0.14,0.14,Ignore
SRINAGARHUBTEMP_SRG,0,0.0,0.14,0.14,Ignore
"JALNA, MAHARASHTRA, IN",0,0.0,0.14,0.14,Ignore
ROHTAK HUB,0,0.0,0.14,0.14,Ignore
"KOLKATA, WESTBENGAL, IN",0,0.0,0.14,0.14,Ignore
CABTSHILLONGODH_SHL,0,0.0,0.13,0.13,Ignore
YAMUNANAGARHUB_YNR,0,0.0,0.13,0.13,Ignore
CALICUT APX/SFC PUD CENTR,0,0.0,0.13,0.13,Ignore
JANGIGANJ,0,0.0,0.13,0.13,Ignore
JAIPURMANSAROVERHUB_JAI,0,0.0,0.13,0.13,Ignore
AMBERPETHUB_HYD,0,0.0,0.12,0.12,Ignore
ALLAHABAD HUB,0,0.0,0.12,0.12,Ignore
"BUXAR, BIHAR, IN",0,0.0,0.09,0.12,Ignore
MANDYA HUB MANDYA,0,0.0,0.11,0.11,Ignore
MIRTHAL,0,0.0,0.11,0.11,Ignore
SHORAPURHUB_SUR,0,0.0,0.1,0.1,Ignore
CHALSAMDH_CHL,0,0.0,0.1,0.1,Ignore
ELASTICRUNGADAGODH_GAG GADAG,0,0.0,0.1,0.1,Ignore
BHUBANESWARHUB_BBI,0,0.0,0.09,0.09,Ignore
KRISHNANAGARHUB_DEL,0,0.0,0.09,0.09,Ignore
SALKIA HUB,0,0.0,0.09,0.09,Ignore
NELAMANGALAHUB_BLR,0,0.0,0.08,0.08,Ignore
NAGARROAD HUB,0,0.0,0.07,0.07,Ignore
BIJWASANHUB_DEL,0,0.0,0.07,0.07,Ignore
RAYACHOTIHUB_RYC,0,0.0,0.07,0.07,Ignore
JAGTAIHUB_NIL JAGTAI,0,0.0,0.07,0.07,Ignore
AMAN MOBILE WORLD GHAZIABAD,0,0.0,0.07,0.07,Ignore
AMANGANJ,0,0.0,0.07,0.07,Ignore
BEHALA HUB,0,0.0,0.07,0.07,Ignore
NANDWAI,0,0.0,0.06,0.06,Ignore
RAMDEV BHUJ,0,0.0,0.05,0.05,Ignore
BOKAROTHERMALODH_BKR BOKARO,0,0.0,0.05,0.05,Ignore
VARANASIBYEPASSHUB_VNS,0,0.0,0.05,0.05,Ignore
RAJU KIRANA BAREILLY,0,0.0,0.05,0.05,Ignore
NIRMALHUB_NML,0,0.0,0.05,0.05,Ignore
GANGADHAR HOUSE BALASORE,0,0.0,0.05,0.05,Ignore
SHWETA KASHWALIA STORE JAMMU,0,0.0,0.05,0.05,Ignore
NAMKHANAMDH_NAM KAKDWIP,0,0.0,0.04,0.04,Ignore
AFEEMKOTHIHUB_KNU,0,0.0,0.04,0.04,Ignore
ANNAPURNAVIDISHAODH_VDS VIDISHA,0,0.0,0.04,0.04,Ignore
JALANDHARSPLITODH_JLR,0,0.0,0.04,0.04,Ignore
RJSCKHLIEHRIATMDH_KHL,0,0.0,0.04,0.04,Ignore
KAISARGANJHUB_KSR,0,0.0,0.03,0.03,Ignore
MOHAN CO OP INDL AREA,0,0.0,0.03,0.03,Ignore
SANKHLA STORE NEW DELHI,0,0.0,0.02,0.02,Ignore
"BIDAR, KARNATAKA, IN",0,0.0,0.02,0.02,Ignore
CABTGARIAHATODH_KOL,0,0.0,0.01,0.01,Ignore
FKL_MHMALUR,0,0.0,0.0,0.01,Ignore
NARELAHUB_DEL,0,0.0,0.0,0.0,Ignore
FKL-PUNE,0,0.0,0.0,0.0,Ignore
SANDEEP KUMAR SIHORA,0,0.0,0.0,0.0,Ignore
KUMARKHANDMDH_DMH MADHEPURA,0,0.0,0.0,0.0,Ignore
ELASTICRUNZIRAKPURODH_ZRK,0,0.0,0.0,0.0,Ignore
RAWATBHATA,0,0.0,0.0,0.0,Ignore
FKL_INDORENEW,0,0.0,0.0,0.0,Ignore
